alert_type,trader_id,symbol,timestamp,price,total_quantity,num_trades,severity,detected_at
WASH_TRADE,T0001,BTCUSDT,2026-01-06T13:43:33.684233,42002.24,48,2,MEDIUM,2026-03-04T17:24:41.484006
WASH_TRADE,T0001,BTCUSDT,2026-01-06T13:45:43.428233,41996.48,24,2,MEDIUM,2026-03-04T17:24:41.484257
WASH_TRADE,T0001,BTCUSDT,2026-01-06T14:20:06.440233,42000.49,48,2,MEDIUM,2026-03-04T17:24:41.485802
WASH_TRADE,T0001,BTCUSDT,2026-01-06T14:29:28.416233,41999.8,42,2,MEDIUM,2026-03-04T17:24:41.486044
WASH_TRADE,T0001,BTCUSDT,2026-01-06T15:47:36.880233,42000.19,30,2,MEDIUM,2026-03-04T17:24:41.489467
WASH_TRADE,T0001,ETHUSDT,2026-01-06T14:10:08.768233,2301.09,60,2,HIGH,2026-03-04T17:24:41.491470
WASH_TRADE,T0001,ETHUSDT,2026-01-06T15:02:45.360233,2303.25,60,2,HIGH,2026-03-04T17:24:41.493897
WASH_TRADE,T0001,SOLUSDT,2026-01-06T13:24:00.919233,91.43,34,2,MEDIUM,2026-03-04T17:24:41.496585
WASH_TRADE,T0001,SOLUSDT,2026-01-06T13:25:19.042233,97.87,38,2,MEDIUM,2026-03-04T17:24:41.496719
WASH_TRADE,T0001,SOLUSDT,2026-01-06T13:39:31.839233,94.17,46,2,MEDIUM,2026-03-04T17:24:41.497370
WASH_TRADE,T0001,SOLUSDT,2026-01-06T14:10:35.235233,94.52,58,2,HIGH,2026-03-04T17:24:41.498410
WASH_TRADE,T0001,SOLUSDT,2026-01-06T14:37:14.483233,94.88,52,2,HIGH,2026-03-04T17:24:41.499410
WASH_TRADE,T0001,SOLUSDT,2026-01-06T14:45:14.879233,94.63,22,2,MEDIUM,2026-03-04T17:24:41.499620
WASH_TRADE,T0002,BTCUSDT,2026-01-06T14:31:36.528233,42000.32,44,2,MEDIUM,2026-03-04T17:24:41.505389
WASH_TRADE,T0002,BTCUSDT,2026-01-06T16:01:03.019233,42000.0,28,2,MEDIUM,2026-03-04T17:24:41.508938
WASH_TRADE,T0002,ETHUSDT,2026-01-06T13:41:42.758233,2297.74,28,2,MEDIUM,2026-03-04T17:24:41.510646
WASH_TRADE,T0002,ETHUSDT,2026-01-06T15:06:11.216233,2296.63,54,2,HIGH,2026-03-04T17:24:41.513304
WASH_TRADE,T0002,ETHUSDT,2026-01-06T15:26:46.468233,2301.19,26,2,MEDIUM,2026-03-04T17:24:41.514029
WASH_TRADE,T0002,ETHUSDT,2026-01-06T15:27:56.938233,2301.47,20,2,MEDIUM,2026-03-04T17:24:41.514108
WASH_TRADE,T0002,ETHUSDT,2026-01-06T15:42:48.247233,2303.11,38,2,MEDIUM,2026-03-04T17:24:41.514447
WASH_TRADE,T0002,SOLUSDT,2026-01-06T13:33:43.131233,94.91,34,2,MEDIUM,2026-03-04T17:24:41.516782
WASH_TRADE,T0002,SOLUSDT,2026-01-06T13:35:57.946233,96.83,48,2,MEDIUM,2026-03-04T17:24:41.516862
WASH_TRADE,T0002,SOLUSDT,2026-01-06T13:39:51.010233,94.58,32,2,MEDIUM,2026-03-04T17:24:41.516968
WASH_TRADE,T0002,SOLUSDT,2026-01-06T14:15:24.842233,96.61,20,2,MEDIUM,2026-03-04T17:24:41.518596
WASH_TRADE,T0002,SOLUSDT,2026-01-06T14:16:56.842233,95.09,54,2,HIGH,2026-03-04T17:24:41.518785
WASH_TRADE,T0002,SOLUSDT,2026-01-06T15:14:30.174233,92.94,30,2,MEDIUM,2026-03-04T17:24:41.521040
WASH_TRADE,T0002,SOLUSDT,2026-01-06T15:51:05.405233,94.99,56,2,HIGH,2026-03-04T17:24:41.522438
WASH_TRADE,T0003,BTCUSDT,2026-01-06T14:28:23.201233,42000.38,56,2,HIGH,2026-03-04T17:24:41.525824
WASH_TRADE,T0003,BTCUSDT,2026-01-06T14:34:18.700233,41999.67,46,2,MEDIUM,2026-03-04T17:24:41.526001
WASH_TRADE,T0003,BTCUSDT,2026-01-06T14:36:53.502233,42001.59,36,2,MEDIUM,2026-03-04T17:24:41.526151
WASH_TRADE,T0003,BTCUSDT,2026-01-06T14:59:10.704233,42002.56,48,2,MEDIUM,2026-03-04T17:24:41.526744
WASH_TRADE,T0003,ETHUSDT,2026-01-06T13:44:12.312233,2300.78,50,2,MEDIUM,2026-03-04T17:24:41.530631
WASH_TRADE,T0003,ETHUSDT,2026-01-06T14:39:04.523233,2300.26,58,2,HIGH,2026-03-04T17:24:41.532157
WASH_TRADE,T0003,SOLUSDT,2026-01-06T13:19:05.194233,93.55,20,2,MEDIUM,2026-03-04T17:24:41.535412
WASH_TRADE,T0003,SOLUSDT,2026-01-06T15:24:48.712233,90.24,30,2,MEDIUM,2026-03-04T17:24:41.539687
WASH_TRADE,T0003,SOLUSDT,2026-01-06T16:00:03.544233,94.65,42,2,MEDIUM,2026-03-04T17:24:41.540761
WASH_TRADE,T0004,BTCUSDT,2026-01-06T13:40:41.673233,42000.17,22,2,MEDIUM,2026-03-04T17:24:41.542448
WASH_TRADE,T0004,BTCUSDT,2026-01-06T14:06:34.882233,41998.7,38,2,MEDIUM,2026-03-04T17:24:41.543638
WASH_TRADE,T0004,BTCUSDT,2026-01-06T15:45:29.479233,41998.01,40,2,MEDIUM,2026-03-04T17:24:41.546618
WASH_TRADE,T0004,ETHUSDT,2026-01-06T13:13:47.335233,2299.49,44,2,MEDIUM,2026-03-04T17:24:41.547919
WASH_TRADE,T0004,ETHUSDT,2026-01-06T13:19:02.760233,2299.3,20,2,MEDIUM,2026-03-04T17:24:41.548122
WASH_TRADE,T0004,ETHUSDT,2026-01-06T14:31:31.538233,2301.94,32,2,MEDIUM,2026-03-04T17:24:41.550650
WASH_TRADE,T0004,SOLUSDT,2026-01-06T13:17:55.647233,95.76,22,2,MEDIUM,2026-03-04T17:24:41.555254
WASH_TRADE,T0004,SOLUSDT,2026-01-06T15:35:30.392233,95.24,42,2,MEDIUM,2026-03-04T17:24:41.560153
WASH_TRADE,T0004,SOLUSDT,2026-01-06T15:57:07.839233,95.97,38,2,MEDIUM,2026-03-04T17:24:41.561858
WASH_TRADE,T0004,SOLUSDT,2026-01-06T16:03:30.603233,95.8,22,2,MEDIUM,2026-03-04T17:24:41.562226
WASH_TRADE,T0004,SOLUSDT,2026-01-06T16:08:40.924233,99.78,50,2,MEDIUM,2026-03-04T17:24:41.562692
WASH_TRADE,T0005,BTCUSDT,2026-01-06T13:47:48.140233,41999.06,24,2,MEDIUM,2026-03-04T17:24:41.564537
WASH_TRADE,T0005,BTCUSDT,2026-01-06T14:28:27.381233,41999.81,46,2,MEDIUM,2026-03-04T17:24:41.565787
WASH_TRADE,T0005,BTCUSDT,2026-01-06T14:43:00.682233,41997.6,22,2,MEDIUM,2026-03-04T17:24:41.566252
WASH_TRADE,T0005,SOLUSDT,2026-01-06T13:44:17.985233,99.11,44,2,MEDIUM,2026-03-04T17:24:41.577378
WASH_TRADE,T0005,SOLUSDT,2026-01-06T14:10:02.794233,98.52,44,2,MEDIUM,2026-03-04T17:24:41.578225
WASH_TRADE,T0005,SOLUSDT,2026-01-06T14:36:31.367233,93.62,30,2,MEDIUM,2026-03-04T17:24:41.579096
WASH_TRADE,T0006,BTCUSDT,2026-01-06T13:17:26.720233,42001.68,26,2,MEDIUM,2026-03-04T17:24:41.582806
WASH_TRADE,T0006,BTCUSDT,2026-01-06T13:31:03.293233,42000.65,24,2,MEDIUM,2026-03-04T17:24:41.583676
WASH_TRADE,T0006,BTCUSDT,2026-01-06T14:09:14.322233,41999.76,48,2,MEDIUM,2026-03-04T17:24:41.585328
WASH_TRADE,T0006,ETHUSDT,2026-01-06T13:22:13.163233,2300.38,48,2,MEDIUM,2026-03-04T17:24:41.589594
WASH_TRADE,T0006,ETHUSDT,2026-01-06T14:07:17.189233,2301.11,60,2,HIGH,2026-03-04T17:24:41.591021
WASH_TRADE,T0006,ETHUSDT,2026-01-06T14:44:44.193233,2299.05,40,2,MEDIUM,2026-03-04T17:24:41.592240
WASH_TRADE,T0006,ETHUSDT,2026-01-06T14:52:38.192233,2298.77,46,2,MEDIUM,2026-03-04T17:24:41.592552
WASH_TRADE,T0006,ETHUSDT,2026-01-06T15:00:26.818233,2299.57,56,2,HIGH,2026-03-04T17:24:41.592766
WASH_TRADE,T0006,ETHUSDT,2026-01-06T15:13:19.057233,2298.61,24,2,MEDIUM,2026-03-04T17:24:41.593157
WASH_TRADE,T0006,SOLUSDT,2026-01-06T13:59:03.704233,96.45,60,2,HIGH,2026-03-04T17:24:41.597571
WASH_TRADE,T0006,SOLUSDT,2026-01-06T15:50:13.888233,93.76,60,2,HIGH,2026-03-04T17:24:41.601172
WASH_TRADE,T0006,SOLUSDT,2026-01-06T16:15:16.798233,92.31,20,2,MEDIUM,2026-03-04T17:24:41.602013
WASH_TRADE,T0007,BTCUSDT,2026-01-06T15:20:12.389233,42000.43,50,2,MEDIUM,2026-03-04T17:24:41.606242
WASH_TRADE,T0007,ETHUSDT,2026-01-06T14:08:05.053233,2298.56,50,2,MEDIUM,2026-03-04T17:24:41.610004
WASH_TRADE,T0008,BTCUSDT,2026-01-06T14:12:36.813233,41997.39,38,2,MEDIUM,2026-03-04T17:24:41.622786
WASH_TRADE,T0008,BTCUSDT,2026-01-06T14:25:25.715233,42002.88,30,2,MEDIUM,2026-03-04T17:24:41.623212
WASH_TRADE,T0008,BTCUSDT,2026-01-06T15:27:30.270233,41997.49,30,2,MEDIUM,2026-03-04T17:24:41.624860
WASH_TRADE,T0008,BTCUSDT,2026-01-06T15:48:37.153233,41999.59,60,2,HIGH,2026-03-04T17:24:41.625455
WASH_TRADE,T0008,ETHUSDT,2026-01-06T13:29:33.554233,2300.34,44,2,MEDIUM,2026-03-04T17:24:41.626694
WASH_TRADE,T0008,ETHUSDT,2026-01-06T14:01:30.432233,2297.81,44,2,MEDIUM,2026-03-04T17:24:41.627702
WASH_TRADE,T0008,ETHUSDT,2026-01-06T15:02:09.446233,2300.58,50,2,MEDIUM,2026-03-04T17:24:41.629594
WASH_TRADE,T0008,SOLUSDT,2026-01-06T15:59:47.092233,99.53,56,2,HIGH,2026-03-04T17:24:41.637002
WASH_TRADE,T0008,SOLUSDT,2026-01-06T16:03:43.478233,94.75,22,2,MEDIUM,2026-03-04T17:24:41.637236
WASH_TRADE,T0009,BTCUSDT,2026-01-06T14:33:49.703233,41998.36,20,2,MEDIUM,2026-03-04T17:24:41.640484
WASH_TRADE,T0009,BTCUSDT,2026-01-06T15:02:47.947233,41998.39,26,2,MEDIUM,2026-03-04T17:24:41.641582
WASH_TRADE,T0009,ETHUSDT,2026-01-06T13:51:20.368233,2301.71,54,2,HIGH,2026-03-04T17:24:41.645385
WASH_TRADE,T0009,ETHUSDT,2026-01-06T14:09:07.040233,2301.28,60,2,HIGH,2026-03-04T17:24:41.646009
WASH_TRADE,T0009,ETHUSDT,2026-01-06T15:42:15.579233,2298.58,52,2,HIGH,2026-03-04T17:24:41.649578
WASH_TRADE,T0009,SOLUSDT,2026-01-06T14:11:54.242233,95.33,28,2,MEDIUM,2026-03-04T17:24:41.653439
WASH_TRADE,T0009,SOLUSDT,2026-01-06T15:00:10.268233,95.47,50,2,MEDIUM,2026-03-04T17:24:41.654899
WASH_TRADE,T0010,BTCUSDT,2026-01-06T13:27:08.057233,41999.75,52,2,HIGH,2026-03-04T17:24:41.658615
WASH_TRADE,T0010,BTCUSDT,2026-01-06T13:35:35.331233,41999.73,48,2,MEDIUM,2026-03-04T17:24:41.658910
WASH_TRADE,T0010,BTCUSDT,2026-01-06T15:36:15.253233,41999.88,42,2,MEDIUM,2026-03-04T17:24:41.662345
WASH_TRADE,T0010,BTCUSDT,2026-01-06T16:11:06.926233,42000.17,40,2,MEDIUM,2026-03-04T17:24:41.663686
WASH_TRADE,T0010,ETHUSDT,2026-01-06T14:35:30.815233,2300.49,32,2,MEDIUM,2026-03-04T17:24:41.667425
WASH_TRADE,T0010,ETHUSDT,2026-01-06T15:32:25.736233,2298.16,48,2,MEDIUM,2026-03-04T17:24:41.669175
WASH_TRADE,T0010,ETHUSDT,2026-01-06T15:49:42.499233,2295.47,54,2,HIGH,2026-03-04T17:24:41.669860
WASH_TRADE,T0010,SOLUSDT,2026-01-06T13:52:03.369233,94.6,48,2,MEDIUM,2026-03-04T17:24:41.673639
WASH_TRADE,T0010,SOLUSDT,2026-01-06T15:27:08.826233,93.64,56,2,HIGH,2026-03-04T17:24:41.676721
WASH_TRADE,T0010,SOLUSDT,2026-01-06T15:54:41.237233,89.39,52,2,HIGH,2026-03-04T17:24:41.677661
WASH_TRADE,T0011,BTCUSDT,2026-01-06T15:00:23.994233,42002.16,52,2,HIGH,2026-03-04T17:24:41.682582
WASH_TRADE,T0011,BTCUSDT,2026-01-06T15:10:36.800233,42001.83,40,2,MEDIUM,2026-03-04T17:24:41.682965
WASH_TRADE,T0011,ETHUSDT,2026-01-06T15:46:43.417233,2298.58,48,2,MEDIUM,2026-03-04T17:24:41.692559
WASH_TRADE,T0011,SOLUSDT,2026-01-06T14:13:16.298233,94.86,22,2,MEDIUM,2026-03-04T17:24:41.697064
WASH_TRADE,T0011,SOLUSDT,2026-01-06T14:44:20.116233,96.1,56,2,HIGH,2026-03-04T17:24:41.698453
WASH_TRADE,T0011,SOLUSDT,2026-01-06T16:03:05.668233,93.55,36,2,MEDIUM,2026-03-04T17:24:41.701454
WASH_TRADE,T0012,BTCUSDT,2026-01-06T13:13:30.489233,42003.05,46,2,MEDIUM,2026-03-04T17:24:41.702166
WASH_TRADE,T0012,BTCUSDT,2026-01-06T14:38:15.401233,41996.95,48,2,MEDIUM,2026-03-04T17:24:41.705558
WASH_TRADE,T0012,BTCUSDT,2026-01-06T16:06:49.191233,41996.85,38,2,MEDIUM,2026-03-04T17:24:41.708759
WASH_TRADE,T0012,ETHUSDT,2026-01-06T13:56:57.824233,2299.66,38,2,MEDIUM,2026-03-04T17:24:41.710903
WASH_TRADE,T0012,ETHUSDT,2026-01-06T15:50:02.032233,2299.25,26,2,MEDIUM,2026-03-04T17:24:41.714752
WASH_TRADE,T0012,SOLUSDT,2026-01-06T14:02:38.064233,93.09,44,2,MEDIUM,2026-03-04T17:24:41.717037
WASH_TRADE,T0012,SOLUSDT,2026-01-06T14:03:27.217233,96.85,48,2,MEDIUM,2026-03-04T17:24:41.717095
WASH_TRADE,T0012,SOLUSDT,2026-01-06T14:07:07.535233,93.94,34,2,MEDIUM,2026-03-04T17:24:41.717254
WASH_TRADE,T0012,SOLUSDT,2026-01-06T15:28:30.030233,92.51,20,2,MEDIUM,2026-03-04T17:24:41.720616
WASH_TRADE,T0013,BTCUSDT,2026-01-06T14:54:46.964233,42003.57,52,2,HIGH,2026-03-04T17:24:41.725974
WASH_TRADE,T0013,BTCUSDT,2026-01-06T15:24:00.347233,41999.45,40,2,MEDIUM,2026-03-04T17:24:41.727248
WASH_TRADE,T0013,BTCUSDT,2026-01-06T15:49:28.968233,42000.03,32,2,MEDIUM,2026-03-04T17:24:41.728366
WASH_TRADE,T0013,ETHUSDT,2026-01-06T14:00:17.676233,2301.09,22,2,MEDIUM,2026-03-04T17:24:41.730594
WASH_TRADE,T0013,ETHUSDT,2026-01-06T14:46:09.079233,2303.78,32,2,MEDIUM,2026-03-04T17:24:41.732601
WASH_TRADE,T0013,ETHUSDT,2026-01-06T15:03:58.068233,2300.08,24,2,MEDIUM,2026-03-04T17:24:41.733436
WASH_TRADE,T0013,ETHUSDT,2026-01-06T15:08:24.863233,2295.56,56,2,HIGH,2026-03-04T17:24:41.733614
WASH_TRADE,T0013,ETHUSDT,2026-01-06T16:13:40.847233,2299.23,40,2,MEDIUM,2026-03-04T17:24:41.735761
WASH_TRADE,T0013,SOLUSDT,2026-01-06T13:17:32.119233,95.2,54,2,HIGH,2026-03-04T17:24:41.736173
WASH_TRADE,T0014,BTCUSDT,2026-01-06T15:09:36.257233,42002.36,52,2,HIGH,2026-03-04T17:24:41.747493
WASH_TRADE,T0014,ETHUSDT,2026-01-06T14:51:56.476233,2305.47,56,2,HIGH,2026-03-04T17:24:41.754287
WASH_TRADE,T0014,SOLUSDT,2026-01-06T13:39:57.245233,94.93,22,2,MEDIUM,2026-03-04T17:24:41.758019
WASH_TRADE,T0014,SOLUSDT,2026-01-06T13:44:33.291233,95.64,26,2,MEDIUM,2026-03-04T17:24:41.758334
WASH_TRADE,T0014,SOLUSDT,2026-01-06T15:09:03.720233,93.19,20,2,MEDIUM,2026-03-04T17:24:41.761898
WASH_TRADE,T0014,SOLUSDT,2026-01-06T15:40:39.031233,97.9,40,2,MEDIUM,2026-03-04T17:24:41.763083
WASH_TRADE,T0015,BTCUSDT,2026-01-06T13:20:42.913233,42001.26,24,2,MEDIUM,2026-03-04T17:24:41.764659
WASH_TRADE,T0015,BTCUSDT,2026-01-06T13:32:50.586233,41999.53,52,2,HIGH,2026-03-04T17:24:41.764995
WASH_TRADE,T0015,BTCUSDT,2026-01-06T16:05:45.119233,42002.33,54,2,HIGH,2026-03-04T17:24:41.770483
WASH_TRADE,T0015,ETHUSDT,2026-01-06T14:28:37.298233,2296.54,48,2,MEDIUM,2026-03-04T17:24:41.773343
WASH_TRADE,T0015,ETHUSDT,2026-01-06T14:31:49.474233,2301.42,24,2,MEDIUM,2026-03-04T17:24:41.773571
WASH_TRADE,T0015,ETHUSDT,2026-01-06T14:35:53.820233,2299.72,30,2,MEDIUM,2026-03-04T17:24:41.773798
WASH_TRADE,T0015,ETHUSDT,2026-01-06T14:55:38.874233,2299.06,30,2,MEDIUM,2026-03-04T17:24:41.774640
WASH_TRADE,T0015,ETHUSDT,2026-01-06T14:59:09.997233,2299.82,20,2,MEDIUM,2026-03-04T17:24:41.774897
WASH_TRADE,T0015,SOLUSDT,2026-01-06T13:32:12.201233,94.81,34,2,MEDIUM,2026-03-04T17:24:41.778796
WASH_TRADE,T0015,SOLUSDT,2026-01-06T13:58:46.460233,97.15,42,2,MEDIUM,2026-03-04T17:24:41.779456
WASH_TRADE,T0015,SOLUSDT,2026-01-06T14:57:32.751233,93.2,52,2,HIGH,2026-03-04T17:24:41.781517
WASH_TRADE,T0016,BTCUSDT,2026-01-06T14:20:23.932233,42001.09,52,2,HIGH,2026-03-04T17:24:41.787250
WASH_TRADE,T0016,BTCUSDT,2026-01-06T14:42:33.075233,42001.65,36,2,MEDIUM,2026-03-04T17:24:41.787990
WASH_TRADE,T0016,BTCUSDT,2026-01-06T14:45:18.563233,41997.96,56,2,HIGH,2026-03-04T17:24:41.788099
WASH_TRADE,T0016,ETHUSDT,2026-01-06T14:26:15.572233,2302.22,58,2,HIGH,2026-03-04T17:24:41.794459
WASH_TRADE,T0016,ETHUSDT,2026-01-06T15:13:10.873233,2297.43,54,2,HIGH,2026-03-04T17:24:41.796311
WASH_TRADE,T0016,ETHUSDT,2026-01-06T15:15:06.600233,2299.08,20,2,MEDIUM,2026-03-04T17:24:41.796439
WASH_TRADE,T0016,SOLUSDT,2026-01-06T13:32:52.499233,94.64,28,2,MEDIUM,2026-03-04T17:24:41.798745
WASH_TRADE,T0016,SOLUSDT,2026-01-06T14:41:49.292233,93.7,30,2,MEDIUM,2026-03-04T17:24:41.800733
WASH_TRADE,T0017,BTCUSDT,2026-01-06T14:29:20.833233,42003.8,60,2,HIGH,2026-03-04T17:24:41.808136
WASH_TRADE,T0017,BTCUSDT,2026-01-06T14:36:34.152233,42000.53,36,2,MEDIUM,2026-03-04T17:24:41.808367
WASH_TRADE,T0017,BTCUSDT,2026-01-06T15:43:02.526233,41997.46,46,2,MEDIUM,2026-03-04T17:24:41.811082
WASH_TRADE,T0017,BTCUSDT,2026-01-06T15:43:32.244233,41994.93,56,2,HIGH,2026-03-04T17:24:41.811138
WASH_TRADE,T0017,ETHUSDT,2026-01-06T14:01:18.413233,2299.05,52,2,HIGH,2026-03-04T17:24:41.813997
WASH_TRADE,T0017,ETHUSDT,2026-01-06T14:13:06.594233,2296.46,52,2,HIGH,2026-03-04T17:24:41.814365
WASH_TRADE,T0017,ETHUSDT,2026-01-06T15:04:35.903233,2299.88,34,2,MEDIUM,2026-03-04T17:24:41.816340
WASH_TRADE,T0017,ETHUSDT,2026-01-06T15:11:51.073233,2301.17,60,2,HIGH,2026-03-04T17:24:41.816591
WASH_TRADE,T0017,ETHUSDT,2026-01-06T16:00:41.503233,2301.45,36,2,MEDIUM,2026-03-04T17:24:41.818693
WASH_TRADE,T0017,SOLUSDT,2026-01-06T14:58:54.408233,92.88,24,2,MEDIUM,2026-03-04T17:24:41.822978
WASH_TRADE,T0017,SOLUSDT,2026-01-06T15:20:21.449233,93.03,52,2,HIGH,2026-03-04T17:24:41.823758
WASH_TRADE,T0018,BTCUSDT,2026-01-06T14:06:29.237233,41997.8,24,2,MEDIUM,2026-03-04T17:24:41.828094
WASH_TRADE,T0018,BTCUSDT,2026-01-06T14:53:11.788233,41999.45,50,2,MEDIUM,2026-03-04T17:24:41.829764
WASH_TRADE,T0018,ETHUSDT,2026-01-06T14:44:59.409233,2299.0,54,2,HIGH,2026-03-04T17:24:41.836083
WASH_TRADE,T0018,SOLUSDT,2026-01-06T13:25:53.405233,96.38,48,2,MEDIUM,2026-03-04T17:24:41.840368
WASH_TRADE,T0018,SOLUSDT,2026-01-06T16:09:22.851233,98.07,24,2,MEDIUM,2026-03-04T17:24:41.846097
WASH_TRADE,T0019,BTCUSDT,2026-01-06T14:15:25.120233,41999.04,32,2,MEDIUM,2026-03-04T17:24:41.848133
WASH_TRADE,T0019,BTCUSDT,2026-01-06T16:04:12.097233,42001.82,20,2,MEDIUM,2026-03-04T17:24:41.851440
WASH_TRADE,T0019,ETHUSDT,2026-01-06T16:07:43.328233,2299.49,34,2,MEDIUM,2026-03-04T17:24:41.856642
WASH_TRADE,T0019,SOLUSDT,2026-01-06T13:42:09.304233,91.95,34,2,MEDIUM,2026-03-04T17:24:41.858064
WASH_TRADE,T0019,SOLUSDT,2026-01-06T14:21:03.091233,97.95,56,2,HIGH,2026-03-04T17:24:41.859301
WASH_TRADE,T0020,BTCUSDT,2026-01-06T14:12:14.007233,41998.07,38,2,MEDIUM,2026-03-04T17:24:41.866283
WASH_TRADE,T0020,BTCUSDT,2026-01-06T14:32:19.798233,42002.25,50,2,MEDIUM,2026-03-04T17:24:41.867049
WASH_TRADE,T0020,BTCUSDT,2026-01-06T14:36:02.548233,41999.63,36,2,MEDIUM,2026-03-04T17:24:41.867175
WASH_TRADE,T0020,BTCUSDT,2026-01-06T16:04:55.443233,41996.98,32,2,MEDIUM,2026-03-04T17:24:41.870429
WASH_TRADE,T0020,BTCUSDT,2026-01-06T16:07:56.238233,42002.35,50,2,MEDIUM,2026-03-04T17:24:41.870590
WASH_TRADE,T0020,ETHUSDT,2026-01-06T13:32:21.257233,2301.61,60,2,HIGH,2026-03-04T17:24:41.871423
WASH_TRADE,T0020,ETHUSDT,2026-01-06T14:25:35.527233,2301.36,60,2,HIGH,2026-03-04T17:24:41.874141
WASH_TRADE,T0020,ETHUSDT,2026-01-06T14:40:01.790233,2300.11,26,2,MEDIUM,2026-03-04T17:24:41.874683
WASH_TRADE,T0020,ETHUSDT,2026-01-06T15:19:37.897233,2301.47,52,2,HIGH,2026-03-04T17:24:41.876142
WASH_TRADE,T0020,SOLUSDT,2026-01-06T14:00:09.690233,96.63,32,2,MEDIUM,2026-03-04T17:24:41.880353
WASH_TRADE,T0020,SOLUSDT,2026-01-06T15:07:24.361233,94.32,42,2,MEDIUM,2026-03-04T17:24:41.883087
WASH_TRADE,T0021,BTCUSDT,2026-01-06T13:15:34.012233,42000.3,22,2,MEDIUM,2026-03-04T17:24:41.885412
WASH_TRADE,T0021,ETHUSDT,2026-01-06T13:25:46.096233,2301.37,58,2,HIGH,2026-03-04T17:24:41.892768
WASH_TRADE,T0021,ETHUSDT,2026-01-06T14:16:13.798233,2301.45,30,2,MEDIUM,2026-03-04T17:24:41.894339
WASH_TRADE,T0021,ETHUSDT,2026-01-06T15:16:54.162233,2298.88,58,2,HIGH,2026-03-04T17:24:41.896680
WASH_TRADE,T0021,ETHUSDT,2026-01-06T15:29:42.330233,2298.98,24,2,MEDIUM,2026-03-04T17:24:41.897068
WASH_TRADE,T0021,ETHUSDT,2026-01-06T15:36:33.624233,2299.57,50,2,MEDIUM,2026-03-04T17:24:41.897410
WASH_TRADE,T0021,SOLUSDT,2026-01-06T15:14:10.264233,92.42,38,2,MEDIUM,2026-03-04T17:24:41.903433
WASH_TRADE,T0022,SOLUSDT,2026-01-06T13:58:05.701233,94.55,36,2,MEDIUM,2026-03-04T17:24:41.921134
WASH_TRADE,T0022,SOLUSDT,2026-01-06T15:09:13.216233,97.12,46,2,MEDIUM,2026-03-04T17:24:41.924124
WASH_TRADE,T0022,SOLUSDT,2026-01-06T15:17:17.622233,96.09,52,2,HIGH,2026-03-04T17:24:41.924513
WASH_TRADE,T0022,SOLUSDT,2026-01-06T15:58:54.136233,95.01,26,2,MEDIUM,2026-03-04T17:24:41.925933
WASH_TRADE,T0023,BTCUSDT,2026-01-06T14:20:54.686233,42003.04,58,2,HIGH,2026-03-04T17:24:41.929120
WASH_TRADE,T0023,BTCUSDT,2026-01-06T14:30:13.923233,42001.13,44,2,MEDIUM,2026-03-04T17:24:41.929693
WASH_TRADE,T0023,BTCUSDT,2026-01-06T14:43:00.149233,41999.77,30,2,MEDIUM,2026-03-04T17:24:41.930332
WASH_TRADE,T0023,BTCUSDT,2026-01-06T14:43:02.404233,42002.16,34,2,MEDIUM,2026-03-04T17:24:41.930380
WASH_TRADE,T0023,ETHUSDT,2026-01-06T13:14:54.023233,2296.2,30,2,MEDIUM,2026-03-04T17:24:41.933842
WASH_TRADE,T0023,ETHUSDT,2026-01-06T14:21:45.726233,2294.86,48,2,MEDIUM,2026-03-04T17:24:41.935993
WASH_TRADE,T0023,ETHUSDT,2026-01-06T15:38:58.733233,2298.62,26,2,MEDIUM,2026-03-04T17:24:41.939088
WASH_TRADE,T0023,ETHUSDT,2026-01-06T16:14:22.533233,2300.61,46,2,MEDIUM,2026-03-04T17:24:41.940296
WASH_TRADE,T0023,SOLUSDT,2026-01-06T13:55:22.196233,98.29,26,2,MEDIUM,2026-03-04T17:24:41.941689
WASH_TRADE,T0023,SOLUSDT,2026-01-06T14:01:44.729233,93.43,58,2,HIGH,2026-03-04T17:24:41.942017
WASH_TRADE,T0023,SOLUSDT,2026-01-06T14:07:33.668233,100.22,42,2,MEDIUM,2026-03-04T17:24:41.942386
WASH_TRADE,T0023,SOLUSDT,2026-01-06T15:19:36.747233,93.69,58,2,HIGH,2026-03-04T17:24:41.944704
WASH_TRADE,T0023,SOLUSDT,2026-01-06T15:37:11.162233,95.8,36,2,MEDIUM,2026-03-04T17:24:41.945561
WASH_TRADE,T0024,BTCUSDT,2026-01-06T14:14:06.130233,41997.4,24,2,MEDIUM,2026-03-04T17:24:41.949617
WASH_TRADE,T0024,BTCUSDT,2026-01-06T15:54:43.460233,42000.3,50,2,MEDIUM,2026-03-04T17:24:41.953531
WASH_TRADE,T0024,ETHUSDT,2026-01-06T15:01:33.345233,2297.23,30,2,MEDIUM,2026-03-04T17:24:41.957781
WASH_TRADE,T0024,SOLUSDT,2026-01-06T13:18:13.324233,92.85,24,2,MEDIUM,2026-03-04T17:24:41.960244
WASH_TRADE,T0024,SOLUSDT,2026-01-06T13:43:05.177233,92.41,60,2,HIGH,2026-03-04T17:24:41.961199
WASH_TRADE,T0024,SOLUSDT,2026-01-06T14:14:08.743233,94.14,44,2,MEDIUM,2026-03-04T17:24:41.962443
WASH_TRADE,T0024,SOLUSDT,2026-01-06T14:32:21.448233,94.12,50,2,MEDIUM,2026-03-04T17:24:41.962757
WASH_TRADE,T0025,BTCUSDT,2026-01-06T14:00:34.584233,42003.32,48,2,MEDIUM,2026-03-04T17:24:41.968565
WASH_TRADE,T0025,BTCUSDT,2026-01-06T14:11:50.551233,42001.42,52,2,HIGH,2026-03-04T17:24:41.968904
WASH_TRADE,T0025,BTCUSDT,2026-01-06T14:24:38.562233,42002.9,28,2,MEDIUM,2026-03-04T17:24:41.969660
WASH_TRADE,T0025,BTCUSDT,2026-01-06T14:37:22.287233,41999.78,46,2,MEDIUM,2026-03-04T17:24:41.970406
WASH_TRADE,T0025,BTCUSDT,2026-01-06T15:42:16.011233,42000.91,46,2,MEDIUM,2026-03-04T17:24:41.972471
WASH_TRADE,T0025,BTCUSDT,2026-01-06T15:46:30.368233,41997.95,40,2,MEDIUM,2026-03-04T17:24:41.972695
WASH_TRADE,T0025,ETHUSDT,2026-01-06T13:13:47.734233,2298.9,36,2,MEDIUM,2026-03-04T17:24:41.973951
WASH_TRADE,T0025,ETHUSDT,2026-01-06T13:25:16.173233,2301.37,44,2,MEDIUM,2026-03-04T17:24:41.974234
WASH_TRADE,T0025,ETHUSDT,2026-01-06T14:40:02.729233,2300.43,28,2,MEDIUM,2026-03-04T17:24:41.977198
WASH_TRADE,T0025,ETHUSDT,2026-01-06T15:07:51.373233,2301.83,22,2,MEDIUM,2026-03-04T17:24:41.977809
WASH_TRADE,T0025,ETHUSDT,2026-01-06T15:57:10.017233,2296.18,42,2,MEDIUM,2026-03-04T17:24:41.980050
WASH_TRADE,T0025,ETHUSDT,2026-01-06T16:12:47.299233,2301.87,36,2,MEDIUM,2026-03-04T17:24:41.980525
WASH_TRADE,T0026,BTCUSDT,2026-01-06T14:50:25.501233,41999.31,32,2,MEDIUM,2026-03-04T17:24:41.990526
WASH_TRADE,T0026,BTCUSDT,2026-01-06T16:13:04.615233,41997.81,50,2,MEDIUM,2026-03-04T17:24:41.992846
WASH_TRADE,T0026,BTCUSDT,2026-01-06T16:16:03.310233,42000.84,28,2,MEDIUM,2026-03-04T17:24:41.992993
WASH_TRADE,T0026,ETHUSDT,2026-01-06T13:55:25.621233,2297.9,54,2,HIGH,2026-03-04T17:24:41.994156
WASH_TRADE,T0026,ETHUSDT,2026-01-06T15:17:16.235233,2297.04,20,2,MEDIUM,2026-03-04T17:24:41.996660
WASH_TRADE,T0026,ETHUSDT,2026-01-06T15:50:30.435233,2302.27,40,2,MEDIUM,2026-03-04T17:24:41.998246
WASH_TRADE,T0026,SOLUSDT,2026-01-06T15:20:32.805233,93.03,28,2,MEDIUM,2026-03-04T17:24:42.003276
WASH_TRADE,T0026,SOLUSDT,2026-01-06T15:50:05.647233,91.37,54,2,HIGH,2026-03-04T17:24:42.004126
WASH_TRADE,T0027,BTCUSDT,2026-01-06T14:37:50.284233,42003.42,28,2,MEDIUM,2026-03-04T17:24:42.007762
WASH_TRADE,T0027,BTCUSDT,2026-01-06T15:23:35.318233,42001.76,54,2,HIGH,2026-03-04T17:24:42.009960
WASH_TRADE,T0027,BTCUSDT,2026-01-06T16:11:45.746233,41999.31,24,2,MEDIUM,2026-03-04T17:24:42.011370
WASH_TRADE,T0027,ETHUSDT,2026-01-06T14:35:14.535233,2298.6,52,2,HIGH,2026-03-04T17:24:42.014479
WASH_TRADE,T0027,SOLUSDT,2026-01-06T13:32:09.102233,94.41,34,2,MEDIUM,2026-03-04T17:24:42.020346
WASH_TRADE,T0027,SOLUSDT,2026-01-06T14:23:32.499233,94.06,42,2,MEDIUM,2026-03-04T17:24:42.022397
WASH_TRADE,T0027,SOLUSDT,2026-01-06T15:05:02.736233,94.59,34,2,MEDIUM,2026-03-04T17:24:42.023938
WASH_TRADE,T0027,SOLUSDT,2026-01-06T15:15:11.696233,93.32,32,2,MEDIUM,2026-03-04T17:24:42.024644
WASH_TRADE,T0028,BTCUSDT,2026-01-06T15:46:11.586233,42003.06,36,2,MEDIUM,2026-03-04T17:24:42.032261
WASH_TRADE,T0028,BTCUSDT,2026-01-06T15:51:35.041233,41999.34,46,2,MEDIUM,2026-03-04T17:24:42.032472
WASH_TRADE,T0028,BTCUSDT,2026-01-06T16:13:46.006233,41998.73,30,2,MEDIUM,2026-03-04T17:24:42.033559
WASH_TRADE,T0028,ETHUSDT,2026-01-06T16:04:00.884233,2298.94,40,2,MEDIUM,2026-03-04T17:24:42.039552
WASH_TRADE,T0028,ETHUSDT,2026-01-06T16:09:05.170233,2300.52,28,2,MEDIUM,2026-03-04T17:24:42.039755
WASH_TRADE,T0028,SOLUSDT,2026-01-06T13:17:40.003233,93.49,52,2,HIGH,2026-03-04T17:24:42.040074
WASH_TRADE,T0028,SOLUSDT,2026-01-06T13:20:00.441233,91.84,36,2,MEDIUM,2026-03-04T17:24:42.040220
WASH_TRADE,T0029,BTCUSDT,2026-01-06T16:09:28.743233,42000.93,30,2,MEDIUM,2026-03-04T17:24:42.054287
WASH_TRADE,T0029,ETHUSDT,2026-01-06T14:34:59.874233,2299.51,48,2,MEDIUM,2026-03-04T17:24:42.058109
WASH_TRADE,T0029,SOLUSDT,2026-01-06T13:46:45.205233,94.95,20,2,MEDIUM,2026-03-04T17:24:42.063383
WASH_TRADE,T0029,SOLUSDT,2026-01-06T15:17:37.832233,92.99,34,2,MEDIUM,2026-03-04T17:24:42.067034
WASH_TRADE,T0030,BTCUSDT,2026-01-06T13:57:31.206233,41999.2,30,2,MEDIUM,2026-03-04T17:24:42.070972
WASH_TRADE,T0030,BTCUSDT,2026-01-06T14:25:48.086233,42004.3,60,2,HIGH,2026-03-04T17:24:42.071551
WASH_TRADE,T0030,BTCUSDT,2026-01-06T15:38:56.579233,42001.72,60,2,HIGH,2026-03-04T17:24:42.074788
WASH_TRADE,T0030,SOLUSDT,2026-01-06T13:24:45.120233,99.18,34,2,MEDIUM,2026-03-04T17:24:42.083296
WASH_TRADE,T0030,SOLUSDT,2026-01-06T15:29:32.053233,95.61,22,2,MEDIUM,2026-03-04T17:24:42.088419
WASH_TRADE,T0030,SOLUSDT,2026-01-06T15:53:23.715233,94.34,50,2,MEDIUM,2026-03-04T17:24:42.089463
WASH_TRADE,T0031,BTCUSDT,2026-01-06T14:22:20.811233,42000.98,30,2,MEDIUM,2026-03-04T17:24:42.092751
WASH_TRADE,T0031,BTCUSDT,2026-01-06T15:40:48.845233,42002.42,46,2,MEDIUM,2026-03-04T17:24:42.095754
WASH_TRADE,T0031,ETHUSDT,2026-01-06T13:54:39.422233,2304.24,58,2,HIGH,2026-03-04T17:24:42.097983
WASH_TRADE,T0031,ETHUSDT,2026-01-06T14:10:46.716233,2302.71,36,2,MEDIUM,2026-03-04T17:24:42.098853
WASH_TRADE,T0031,ETHUSDT,2026-01-06T14:15:10.766233,2299.32,34,2,MEDIUM,2026-03-04T17:24:42.099005
WASH_TRADE,T0031,ETHUSDT,2026-01-06T15:43:07.112233,2299.0,40,2,MEDIUM,2026-03-04T17:24:42.101717
WASH_TRADE,T0031,SOLUSDT,2026-01-06T15:13:49.715233,93.73,48,2,MEDIUM,2026-03-04T17:24:42.107543
WASH_TRADE,T0031,SOLUSDT,2026-01-06T15:16:01.964233,93.49,44,2,MEDIUM,2026-03-04T17:24:42.107623
WASH_TRADE,T0032,ETHUSDT,2026-01-06T13:25:45.805233,2297.22,56,2,HIGH,2026-03-04T17:24:42.115359
WASH_TRADE,T0032,ETHUSDT,2026-01-06T13:54:26.179233,2294.93,60,2,HIGH,2026-03-04T17:24:42.116401
WASH_TRADE,T0032,ETHUSDT,2026-01-06T14:06:06.269233,2300.65,60,2,HIGH,2026-03-04T17:24:42.116836
WASH_TRADE,T0032,ETHUSDT,2026-01-06T14:08:52.949233,2298.69,48,2,MEDIUM,2026-03-04T17:24:42.116958
WASH_TRADE,T0032,ETHUSDT,2026-01-06T14:33:40.722233,2297.98,58,2,HIGH,2026-03-04T17:24:42.118193
WASH_TRADE,T0032,ETHUSDT,2026-01-06T14:42:49.723233,2301.66,24,2,MEDIUM,2026-03-04T17:24:42.118365
WASH_TRADE,T0032,ETHUSDT,2026-01-06T15:37:55.706233,2296.47,44,2,MEDIUM,2026-03-04T17:24:42.120902
WASH_TRADE,T0032,ETHUSDT,2026-01-06T15:44:09.254233,2299.18,48,2,MEDIUM,2026-03-04T17:24:42.121357
WASH_TRADE,T0032,SOLUSDT,2026-01-06T13:43:52.938233,92.63,46,2,MEDIUM,2026-03-04T17:24:42.123574
WASH_TRADE,T0032,SOLUSDT,2026-01-06T13:54:38.141233,98.22,44,2,MEDIUM,2026-03-04T17:24:42.123986
WASH_TRADE,T0032,SOLUSDT,2026-01-06T15:24:01.244233,91.67,50,2,MEDIUM,2026-03-04T17:24:42.127091
WASH_TRADE,T0032,SOLUSDT,2026-01-06T15:59:50.382233,93.87,42,2,MEDIUM,2026-03-04T17:24:42.128322
WASH_TRADE,T0032,SOLUSDT,2026-01-06T16:02:45.581233,95.39,26,2,MEDIUM,2026-03-04T17:24:42.128499
WASH_TRADE,T0033,BTCUSDT,2026-01-06T13:19:43.773233,41998.56,22,2,MEDIUM,2026-03-04T17:24:42.129151
WASH_TRADE,T0033,BTCUSDT,2026-01-06T13:22:42.832233,41997.61,42,2,MEDIUM,2026-03-04T17:24:42.129296
WASH_TRADE,T0033,BTCUSDT,2026-01-06T13:54:45.575233,41999.05,20,2,MEDIUM,2026-03-04T17:24:42.130144
WASH_TRADE,T0033,BTCUSDT,2026-01-06T14:01:06.878233,42000.84,34,2,MEDIUM,2026-03-04T17:24:42.130438
WASH_TRADE,T0033,ETHUSDT,2026-01-06T13:57:40.419233,2299.26,40,2,MEDIUM,2026-03-04T17:24:42.136324
WASH_TRADE,T0033,ETHUSDT,2026-01-06T14:25:10.416233,2304.14,52,2,HIGH,2026-03-04T17:24:42.137101
WASH_TRADE,T0033,SOLUSDT,2026-01-06T15:29:42.104233,93.48,44,2,MEDIUM,2026-03-04T17:24:42.146088
WASH_TRADE,T0033,SOLUSDT,2026-01-06T15:53:44.918233,90.7,38,2,MEDIUM,2026-03-04T17:24:42.146811
WASH_TRADE,T0033,SOLUSDT,2026-01-06T16:14:32.798233,95.56,52,2,HIGH,2026-03-04T17:24:42.147683
WASH_TRADE,T0034,BTCUSDT,2026-01-06T13:22:08.867233,42001.11,46,2,MEDIUM,2026-03-04T17:24:42.148029
WASH_TRADE,T0034,ETHUSDT,2026-01-06T13:32:45.494233,2301.77,58,2,HIGH,2026-03-04T17:24:42.155086
WASH_TRADE,T0034,ETHUSDT,2026-01-06T14:13:51.097233,2300.0,56,2,HIGH,2026-03-04T17:24:42.156523
WASH_TRADE,T0034,ETHUSDT,2026-01-06T14:15:56.458233,2302.32,36,2,MEDIUM,2026-03-04T17:24:42.156621
WASH_TRADE,T0034,ETHUSDT,2026-01-06T14:43:14.042233,2300.38,22,2,MEDIUM,2026-03-04T17:24:42.157562
WASH_TRADE,T0034,SOLUSDT,2026-01-06T14:04:51.012233,96.52,30,2,MEDIUM,2026-03-04T17:24:42.162766
WASH_TRADE,T0034,SOLUSDT,2026-01-06T15:50:09.075233,96.25,50,2,MEDIUM,2026-03-04T17:24:42.166783
WASH_TRADE,T0034,SOLUSDT,2026-01-06T15:52:07.606233,94.37,54,2,HIGH,2026-03-04T17:24:42.166857
WASH_TRADE,T0035,BTCUSDT,2026-01-06T13:45:09.669233,41997.49,28,2,MEDIUM,2026-03-04T17:24:42.168663
WASH_TRADE,T0035,BTCUSDT,2026-01-06T14:03:47.370233,41999.6,54,2,HIGH,2026-03-04T17:24:42.169639
WASH_TRADE,T0035,BTCUSDT,2026-01-06T15:18:28.471233,42001.76,32,2,MEDIUM,2026-03-04T17:24:42.172124
WASH_TRADE,T0035,ETHUSDT,2026-01-06T13:15:06.677233,2295.52,34,2,MEDIUM,2026-03-04T17:24:42.174664
WASH_TRADE,T0035,ETHUSDT,2026-01-06T14:52:34.740233,2299.44,60,2,HIGH,2026-03-04T17:24:42.178165
WASH_TRADE,T0035,ETHUSDT,2026-01-06T15:27:37.668233,2301.34,46,2,MEDIUM,2026-03-04T17:24:42.179259
WASH_TRADE,T0035,SOLUSDT,2026-01-06T13:13:04.425233,93.7,48,2,MEDIUM,2026-03-04T17:24:42.180920
WASH_TRADE,T0035,SOLUSDT,2026-01-06T14:01:12.228233,94.7,22,2,MEDIUM,2026-03-04T17:24:42.182421
WASH_TRADE,T0035,SOLUSDT,2026-01-06T14:19:30.446233,93.53,44,2,MEDIUM,2026-03-04T17:24:42.183017
WASH_TRADE,T0035,SOLUSDT,2026-01-06T16:04:44.735233,93.27,56,2,HIGH,2026-03-04T17:24:42.186748
WASH_TRADE,T0036,BTCUSDT,2026-01-06T13:35:58.181233,42000.06,30,2,MEDIUM,2026-03-04T17:24:42.188185
WASH_TRADE,T0036,BTCUSDT,2026-01-06T14:35:36.209233,41997.51,56,2,HIGH,2026-03-04T17:24:42.190239
WASH_TRADE,T0036,BTCUSDT,2026-01-06T15:30:14.634233,42000.12,28,2,MEDIUM,2026-03-04T17:24:42.191676
WASH_TRADE,T0036,ETHUSDT,2026-01-06T14:16:03.244233,2299.93,30,2,MEDIUM,2026-03-04T17:24:42.195368
WASH_TRADE,T0036,ETHUSDT,2026-01-06T15:10:28.278233,2299.78,20,2,MEDIUM,2026-03-04T17:24:42.197060
WASH_TRADE,T0036,ETHUSDT,2026-01-06T15:52:03.725233,2296.21,58,2,HIGH,2026-03-04T17:24:42.199096
WASH_TRADE,T0036,ETHUSDT,2026-01-06T15:58:54.020233,2304.72,24,2,MEDIUM,2026-03-04T17:24:42.199400
WASH_TRADE,T0037,BTCUSDT,2026-01-06T13:20:55.223233,41999.62,52,2,HIGH,2026-03-04T17:24:42.206433
WASH_TRADE,T0037,BTCUSDT,2026-01-06T13:26:04.096233,41998.84,48,2,MEDIUM,2026-03-04T17:24:42.206565
WASH_TRADE,T0037,BTCUSDT,2026-01-06T13:36:03.275233,41998.62,60,2,HIGH,2026-03-04T17:24:42.206832
WASH_TRADE,T0037,BTCUSDT,2026-01-06T13:55:23.038233,42002.02,50,2,MEDIUM,2026-03-04T17:24:42.207491
WASH_TRADE,T0037,ETHUSDT,2026-01-06T14:41:59.976233,2297.73,24,2,MEDIUM,2026-03-04T17:24:42.215867
WASH_TRADE,T0037,ETHUSDT,2026-01-06T15:13:51.118233,2301.24,54,2,HIGH,2026-03-04T17:24:42.217385
WASH_TRADE,T0037,SOLUSDT,2026-01-06T14:17:44.624233,94.05,54,2,HIGH,2026-03-04T17:24:42.222327
WASH_TRADE,T0038,BTCUSDT,2026-01-06T13:50:08.226233,42002.53,20,2,MEDIUM,2026-03-04T17:24:42.228104
WASH_TRADE,T0038,BTCUSDT,2026-01-06T14:09:01.971233,41997.92,52,2,HIGH,2026-03-04T17:24:42.228632
WASH_TRADE,T0038,BTCUSDT,2026-01-06T14:41:01.101233,42001.17,38,2,MEDIUM,2026-03-04T17:24:42.229745
WASH_TRADE,T0038,ETHUSDT,2026-01-06T14:55:01.902233,2297.57,40,2,MEDIUM,2026-03-04T17:24:42.236023
WASH_TRADE,T0038,ETHUSDT,2026-01-06T15:06:18.448233,2301.3,48,2,MEDIUM,2026-03-04T17:24:42.236341
WASH_TRADE,T0038,SOLUSDT,2026-01-06T13:51:30.018233,94.55,32,2,MEDIUM,2026-03-04T17:24:42.240715
WASH_TRADE,T0038,SOLUSDT,2026-01-06T13:58:48.558233,91.7,54,2,HIGH,2026-03-04T17:24:42.241269
WASH_TRADE,T0038,SOLUSDT,2026-01-06T14:55:35.786233,95.37,36,2,MEDIUM,2026-03-04T17:24:42.243719
WASH_TRADE,T0038,SOLUSDT,2026-01-06T15:06:04.092233,94.13,60,2,HIGH,2026-03-04T17:24:42.244229
WASH_TRADE,T0039,BTCUSDT,2026-01-06T13:42:51.211233,42000.56,50,2,MEDIUM,2026-03-04T17:24:42.248868
WASH_TRADE,T0039,ETHUSDT,2026-01-06T14:23:24.009233,2297.54,30,2,MEDIUM,2026-03-04T17:24:42.256637
WASH_TRADE,T0039,ETHUSDT,2026-01-06T14:36:23.853233,2296.76,22,2,MEDIUM,2026-03-04T17:24:42.257525
WASH_TRADE,T0039,ETHUSDT,2026-01-06T14:45:24.027233,2299.86,36,2,MEDIUM,2026-03-04T17:24:42.257967
WASH_TRADE,T0039,SOLUSDT,2026-01-06T14:46:17.279233,92.79,40,2,MEDIUM,2026-03-04T17:24:42.264729
WASH_TRADE,T0039,SOLUSDT,2026-01-06T15:06:08.107233,97.07,32,2,MEDIUM,2026-03-04T17:24:42.265548
WASH_TRADE,T0039,SOLUSDT,2026-01-06T15:52:40.081233,96.78,52,2,HIGH,2026-03-04T17:24:42.266853
WASH_TRADE,T0040,BTCUSDT,2026-01-06T14:01:12.031233,42001.17,60,2,HIGH,2026-03-04T17:24:42.269335
WASH_TRADE,T0040,BTCUSDT,2026-01-06T14:40:48.448233,42003.01,20,2,MEDIUM,2026-03-04T17:24:42.271365
WASH_TRADE,T0040,BTCUSDT,2026-01-06T14:41:13.269233,42001.39,46,2,MEDIUM,2026-03-04T17:24:42.271414
WASH_TRADE,T0040,BTCUSDT,2026-01-06T15:01:36.002233,41997.62,48,2,MEDIUM,2026-03-04T17:24:42.272430
WASH_TRADE,T0040,ETHUSDT,2026-01-06T14:09:25.455233,2298.67,36,2,MEDIUM,2026-03-04T17:24:42.277099
WASH_TRADE,T0040,ETHUSDT,2026-01-06T15:50:26.509233,2300.05,54,2,HIGH,2026-03-04T17:24:42.280162
WASH_TRADE,T0040,SOLUSDT,2026-01-06T14:39:14.818233,93.63,20,2,MEDIUM,2026-03-04T17:24:42.283746
WASH_TRADE,T0041,BTCUSDT,2026-01-06T14:09:39.984233,42000.68,26,2,MEDIUM,2026-03-04T17:24:42.288993
WASH_TRADE,T0041,BTCUSDT,2026-01-06T15:50:53.775233,41999.5,20,2,MEDIUM,2026-03-04T17:24:42.292402
WASH_TRADE,T0041,ETHUSDT,2026-01-06T15:01:38.321233,2299.16,32,2,MEDIUM,2026-03-04T17:24:42.296524
WASH_TRADE,T0041,ETHUSDT,2026-01-06T16:04:46.261233,2301.1,32,2,MEDIUM,2026-03-04T17:24:42.298592
WASH_TRADE,T0041,SOLUSDT,2026-01-06T13:13:14.809233,94.91,20,2,MEDIUM,2026-03-04T17:24:42.298939
WASH_TRADE,T0041,SOLUSDT,2026-01-06T13:41:43.154233,92.34,30,2,MEDIUM,2026-03-04T17:24:42.299977
WASH_TRADE,T0041,SOLUSDT,2026-01-06T14:36:30.999233,96.48,40,2,MEDIUM,2026-03-04T17:24:42.301459
WASH_TRADE,T0041,SOLUSDT,2026-01-06T14:52:19.080233,94.48,56,2,HIGH,2026-03-04T17:24:42.301882
WASH_TRADE,T0041,SOLUSDT,2026-01-06T15:02:12.918233,95.61,54,2,HIGH,2026-03-04T17:24:42.302273
WASH_TRADE,T0042,BTCUSDT,2026-01-06T15:14:07.751233,42001.76,52,2,HIGH,2026-03-04T17:24:42.308717
WASH_TRADE,T0042,ETHUSDT,2026-01-06T14:25:29.745233,2298.43,52,2,HIGH,2026-03-04T17:24:42.313169
WASH_TRADE,T0042,SOLUSDT,2026-01-06T13:51:50.326233,93.38,50,2,MEDIUM,2026-03-04T17:24:42.318291
WASH_TRADE,T0042,SOLUSDT,2026-01-06T14:08:41.346233,96.45,52,2,HIGH,2026-03-04T17:24:42.318786
WASH_TRADE,T0042,SOLUSDT,2026-01-06T14:10:02.483233,92.54,50,2,MEDIUM,2026-03-04T17:24:42.318860
WASH_TRADE,T0042,SOLUSDT,2026-01-06T14:40:04.918233,96.98,40,2,MEDIUM,2026-03-04T17:24:42.320378
WASH_TRADE,T0042,SOLUSDT,2026-01-06T14:50:10.104233,95.68,52,2,HIGH,2026-03-04T17:24:42.320676
WASH_TRADE,T0042,SOLUSDT,2026-01-06T15:14:51.706233,95.14,58,2,HIGH,2026-03-04T17:24:42.321480
WASH_TRADE,T0042,SOLUSDT,2026-01-06T15:28:01.599233,94.43,52,2,HIGH,2026-03-04T17:24:42.321973
WASH_TRADE,T0043,BTCUSDT,2026-01-06T13:37:00.700233,42000.91,54,2,HIGH,2026-03-04T17:24:42.324148
WASH_TRADE,T0043,BTCUSDT,2026-01-06T15:21:34.980233,41996.09,46,2,MEDIUM,2026-03-04T17:24:42.328287
WASH_TRADE,T0043,BTCUSDT,2026-01-06T15:50:00.347233,42000.67,60,2,HIGH,2026-03-04T17:24:42.329263
WASH_TRADE,T0043,ETHUSDT,2026-01-06T13:39:58.534233,2301.38,56,2,HIGH,2026-03-04T17:24:42.331093
WASH_TRADE,T0043,SOLUSDT,2026-01-06T15:34:27.965233,93.83,24,2,MEDIUM,2026-03-04T17:24:42.341679
WASH_TRADE,T0044,BTCUSDT,2026-01-06T14:20:49.820233,42000.34,36,2,MEDIUM,2026-03-04T17:24:42.345543
WASH_TRADE,T0044,BTCUSDT,2026-01-06T15:16:58.281233,42000.18,22,2,MEDIUM,2026-03-04T17:24:42.347133
WASH_TRADE,T0044,ETHUSDT,2026-01-06T13:28:00.866233,2299.11,52,2,HIGH,2026-03-04T17:24:42.350568
WASH_TRADE,T0044,SOLUSDT,2026-01-06T15:47:47.472233,93.71,22,2,MEDIUM,2026-03-04T17:24:42.361645
WASH_TRADE,T0045,BTCUSDT,2026-01-06T13:52:29.013233,41999.97,30,2,MEDIUM,2026-03-04T17:24:42.363535
WASH_TRADE,T0045,BTCUSDT,2026-01-06T13:53:39.378233,42000.13,50,2,MEDIUM,2026-03-04T17:24:42.363615
WASH_TRADE,T0045,BTCUSDT,2026-01-06T14:10:29.940233,41999.23,22,2,MEDIUM,2026-03-04T17:24:42.364263
WASH_TRADE,T0045,BTCUSDT,2026-01-06T15:19:08.820233,41999.28,60,2,HIGH,2026-03-04T17:24:42.367202
WASH_TRADE,T0045,ETHUSDT,2026-01-06T14:48:35.198233,2299.43,36,2,MEDIUM,2026-03-04T17:24:42.372112
WASH_TRADE,T0045,ETHUSDT,2026-01-06T15:42:42.442233,2302.77,38,2,MEDIUM,2026-03-04T17:24:42.374214
WASH_TRADE,T0045,ETHUSDT,2026-01-06T15:47:36.324233,2296.82,46,2,MEDIUM,2026-03-04T17:24:42.374379
WASH_TRADE,T0045,ETHUSDT,2026-01-06T15:58:45.084233,2299.35,24,2,MEDIUM,2026-03-04T17:24:42.374800
WASH_TRADE,T0045,SOLUSDT,2026-01-06T14:12:27.939233,92.47,38,2,MEDIUM,2026-03-04T17:24:42.377926
WASH_TRADE,T0046,BTCUSDT,2026-01-06T15:12:18.024233,41995.99,22,2,MEDIUM,2026-03-04T17:24:42.386727
WASH_TRADE,T0046,ETHUSDT,2026-01-06T14:14:17.728233,2295.59,46,2,MEDIUM,2026-03-04T17:24:42.390248
WASH_TRADE,T0046,SOLUSDT,2026-01-06T14:26:35.085233,95.8,60,2,HIGH,2026-03-04T17:24:42.396664
WASH_TRADE,T0046,SOLUSDT,2026-01-06T14:26:45.906233,97.33,60,2,HIGH,2026-03-04T17:24:42.396713
WASH_TRADE,T0046,SOLUSDT,2026-01-06T14:56:46.658233,94.65,28,2,MEDIUM,2026-03-04T17:24:42.397863
WASH_TRADE,T0046,SOLUSDT,2026-01-06T15:46:22.652233,94.42,60,2,HIGH,2026-03-04T17:24:42.399515
WASH_TRADE,T0047,BTCUSDT,2026-01-06T16:03:54.661233,42002.3,52,2,HIGH,2026-03-04T17:24:42.405672
WASH_TRADE,T0047,ETHUSDT,2026-01-06T14:49:02.352233,2302.4,46,2,MEDIUM,2026-03-04T17:24:42.409081
WASH_TRADE,T0047,ETHUSDT,2026-01-06T15:28:47.250233,2297.89,36,2,MEDIUM,2026-03-04T17:24:42.410298
WASH_TRADE,T0047,SOLUSDT,2026-01-06T13:43:33.697233,92.75,24,2,MEDIUM,2026-03-04T17:24:42.412748
WASH_TRADE,T0047,SOLUSDT,2026-01-06T14:51:04.484233,94.38,50,2,MEDIUM,2026-03-04T17:24:42.414706
WASH_TRADE,T0048,BTCUSDT,2026-01-06T13:29:15.209233,41996.48,30,2,MEDIUM,2026-03-04T17:24:42.417729
WASH_TRADE,T0048,BTCUSDT,2026-01-06T13:51:38.034233,42001.0,34,2,MEDIUM,2026-03-04T17:24:42.418464
WASH_TRADE,T0048,ETHUSDT,2026-01-06T13:35:54.015233,2300.41,36,2,MEDIUM,2026-03-04T17:24:42.424776
WASH_TRADE,T0048,ETHUSDT,2026-01-06T14:36:57.947233,2301.7,58,2,HIGH,2026-03-04T17:24:42.426965
WASH_TRADE,T0048,ETHUSDT,2026-01-06T15:09:22.958233,2302.16,20,2,MEDIUM,2026-03-04T17:24:42.427977
WASH_TRADE,T0048,SOLUSDT,2026-01-06T13:13:27.025233,93.0,28,2,MEDIUM,2026-03-04T17:24:42.430208
WASH_TRADE,T0048,SOLUSDT,2026-01-06T13:14:24.469233,96.45,30,2,MEDIUM,2026-03-04T17:24:42.430280
WASH_TRADE,T0048,SOLUSDT,2026-01-06T13:18:24.518233,95.85,26,2,MEDIUM,2026-03-04T17:24:42.430401
WASH_TRADE,T0048,SOLUSDT,2026-01-06T13:24:25.857233,94.58,42,2,MEDIUM,2026-03-04T17:24:42.430668
WASH_TRADE,T0048,SOLUSDT,2026-01-06T15:07:01.175233,96.02,60,2,HIGH,2026-03-04T17:24:42.434349
WASH_TRADE,T0048,SOLUSDT,2026-01-06T16:15:15.253233,93.99,28,2,MEDIUM,2026-03-04T17:24:42.436589
WASH_TRADE,T0049,BTCUSDT,2026-01-06T14:54:55.087233,41997.6,42,2,MEDIUM,2026-03-04T17:24:42.439852
WASH_TRADE,T0049,BTCUSDT,2026-01-06T16:11:42.295233,42000.54,58,2,HIGH,2026-03-04T17:24:42.441612
WASH_TRADE,T0049,SOLUSDT,2026-01-06T13:19:57.925233,96.23,54,2,HIGH,2026-03-04T17:24:42.447492
WASH_TRADE,T0049,SOLUSDT,2026-01-06T16:14:28.749233,97.69,52,2,HIGH,2026-03-04T17:24:42.453013
WASH_TRADE,T0050,BTCUSDT,2026-01-06T13:45:08.375233,42000.1,42,2,MEDIUM,2026-03-04T17:24:42.454072
WASH_TRADE,T0050,BTCUSDT,2026-01-06T16:03:54.822233,41999.95,38,2,MEDIUM,2026-03-04T17:24:42.458671
WASH_TRADE,T0050,ETHUSDT,2026-01-06T14:28:29.463233,2302.98,56,2,HIGH,2026-03-04T17:24:42.460823
WASH_TRADE,T0050,SOLUSDT,2026-01-06T14:20:34.964233,95.41,48,2,MEDIUM,2026-03-04T17:24:42.466445
WASH_TRADE,T0050,SOLUSDT,2026-01-06T14:24:47.642233,94.52,22,2,MEDIUM,2026-03-04T17:24:42.466681
WASH_TRADE,T0050,SOLUSDT,2026-01-06T14:45:53.421233,94.91,48,2,MEDIUM,2026-03-04T17:24:42.467247
WASH_TRADE,T0050,SOLUSDT,2026-01-06T14:47:09.643233,92.43,44,2,MEDIUM,2026-03-04T17:24:42.467343
WASH_TRADE,T0051,BTCUSDT,2026-01-06T14:31:48.476233,42000.83,56,2,HIGH,2026-03-04T17:24:42.473227
WASH_TRADE,T0051,BTCUSDT,2026-01-06T14:36:30.364233,41999.63,58,2,HIGH,2026-03-04T17:24:42.473355
WASH_TRADE,T0051,BTCUSDT,2026-01-06T15:38:05.853233,41999.85,46,2,MEDIUM,2026-03-04T17:24:42.475732
WASH_TRADE,T0051,ETHUSDT,2026-01-06T15:35:18.588233,2300.44,24,2,MEDIUM,2026-03-04T17:24:42.481120
WASH_TRADE,T0051,SOLUSDT,2026-01-06T13:41:31.545233,97.62,30,2,MEDIUM,2026-03-04T17:24:42.483709
WASH_TRADE,T0051,SOLUSDT,2026-01-06T15:07:55.315233,95.71,44,2,MEDIUM,2026-03-04T17:24:42.486803
WASH_TRADE,T0052,BTCUSDT,2026-01-06T15:25:34.596233,42000.36,52,2,HIGH,2026-03-04T17:24:42.494356
WASH_TRADE,T0052,ETHUSDT,2026-01-06T13:19:42.791233,2295.44,20,2,MEDIUM,2026-03-04T17:24:42.496109
WASH_TRADE,T0052,ETHUSDT,2026-01-06T15:15:16.625233,2300.28,44,2,MEDIUM,2026-03-04T17:24:42.500090
WASH_TRADE,T0052,SOLUSDT,2026-01-06T13:47:36.539233,91.78,48,2,MEDIUM,2026-03-04T17:24:42.503173
WASH_TRADE,T0052,SOLUSDT,2026-01-06T14:53:24.727233,96.32,54,2,HIGH,2026-03-04T17:24:42.505814
WASH_TRADE,T0052,SOLUSDT,2026-01-06T15:33:03.721233,94.36,36,2,MEDIUM,2026-03-04T17:24:42.507261
WASH_TRADE,T0052,SOLUSDT,2026-01-06T16:04:06.344233,94.83,46,2,MEDIUM,2026-03-04T17:24:42.508224
WASH_TRADE,T0052,SOLUSDT,2026-01-06T16:12:00.533233,95.26,20,2,MEDIUM,2026-03-04T17:24:42.508723
WASH_TRADE,T0053,BTCUSDT,2026-01-06T13:35:34.809233,42000.72,22,2,MEDIUM,2026-03-04T17:24:42.509682
WASH_TRADE,T0053,BTCUSDT,2026-01-06T16:04:57.244233,42004.31,20,2,MEDIUM,2026-03-04T17:24:42.514832
WASH_TRADE,T0053,ETHUSDT,2026-01-06T13:29:33.679233,2300.88,46,2,MEDIUM,2026-03-04T17:24:42.516548
WASH_TRADE,T0053,ETHUSDT,2026-01-06T15:52:27.410233,2298.81,24,2,MEDIUM,2026-03-04T17:24:42.521601
WASH_TRADE,T0053,SOLUSDT,2026-01-06T13:13:56.435233,93.63,26,2,MEDIUM,2026-03-04T17:24:42.522589
WASH_TRADE,T0053,SOLUSDT,2026-01-06T14:44:52.219233,97.16,42,2,MEDIUM,2026-03-04T17:24:42.525724
WASH_TRADE,T0053,SOLUSDT,2026-01-06T15:27:01.339233,95.74,50,2,MEDIUM,2026-03-04T17:24:42.527233
WASH_TRADE,T0054,BTCUSDT,2026-01-06T14:34:24.638233,41998.43,52,2,HIGH,2026-03-04T17:24:42.531905
WASH_TRADE,T0054,BTCUSDT,2026-01-06T14:39:40.907233,42000.82,60,2,HIGH,2026-03-04T17:24:42.532115
WASH_TRADE,T0054,BTCUSDT,2026-01-06T14:56:08.017233,42003.48,52,2,HIGH,2026-03-04T17:24:42.533106
WASH_TRADE,T0054,ETHUSDT,2026-01-06T14:25:41.329233,2299.51,28,2,MEDIUM,2026-03-04T17:24:42.538641
WASH_TRADE,T0054,ETHUSDT,2026-01-06T14:50:27.307233,2298.92,26,2,MEDIUM,2026-03-04T17:24:42.539691
WASH_TRADE,T0054,ETHUSDT,2026-01-06T16:13:06.069233,2303.36,38,2,MEDIUM,2026-03-04T17:24:42.543189
WASH_TRADE,T0054,ETHUSDT,2026-01-06T16:14:50.581233,2298.28,32,2,MEDIUM,2026-03-04T17:24:42.543294
WASH_TRADE,T0054,SOLUSDT,2026-01-06T13:59:05.104233,98.03,40,2,MEDIUM,2026-03-04T17:24:42.545238
WASH_TRADE,T0054,SOLUSDT,2026-01-06T14:01:18.478233,94.01,26,2,MEDIUM,2026-03-04T17:24:42.545336
WASH_TRADE,T0054,SOLUSDT,2026-01-06T14:46:45.935233,92.57,56,2,HIGH,2026-03-04T17:24:42.546689
WASH_TRADE,T0055,BTCUSDT,2026-01-06T13:58:55.573233,42003.97,40,2,MEDIUM,2026-03-04T17:24:42.551775
WASH_TRADE,T0055,BTCUSDT,2026-01-06T14:16:28.346233,41999.07,24,2,MEDIUM,2026-03-04T17:24:42.552311
WASH_TRADE,T0055,BTCUSDT,2026-01-06T14:26:29.007233,41997.9,28,2,MEDIUM,2026-03-04T17:24:42.552735
WASH_TRADE,T0055,BTCUSDT,2026-01-06T14:32:42.462233,41998.17,44,2,MEDIUM,2026-03-04T17:24:42.552917
WASH_TRADE,T0055,BTCUSDT,2026-01-06T14:41:16.548233,41999.97,44,2,MEDIUM,2026-03-04T17:24:42.553217
WASH_TRADE,T0055,BTCUSDT,2026-01-06T14:44:19.093233,41998.34,54,2,HIGH,2026-03-04T17:24:42.553390
WASH_TRADE,T0055,BTCUSDT,2026-01-06T14:56:53.721233,41995.87,24,2,MEDIUM,2026-03-04T17:24:42.553658
WASH_TRADE,T0055,BTCUSDT,2026-01-06T16:11:36.017233,42000.09,38,2,MEDIUM,2026-03-04T17:24:42.556006
WASH_TRADE,T0055,ETHUSDT,2026-01-06T13:53:02.077233,2300.73,56,2,HIGH,2026-03-04T17:24:42.557143
WASH_TRADE,T0055,SOLUSDT,2026-01-06T13:14:50.440233,91.87,36,2,MEDIUM,2026-03-04T17:24:42.562791
WASH_TRADE,T0055,SOLUSDT,2026-01-06T13:55:23.409233,94.27,48,2,MEDIUM,2026-03-04T17:24:42.564184
WASH_TRADE,T0056,BTCUSDT,2026-01-06T14:37:43.725233,41997.14,38,2,MEDIUM,2026-03-04T17:24:42.570896
WASH_TRADE,T0056,BTCUSDT,2026-01-06T14:50:38.887233,42000.48,42,2,MEDIUM,2026-03-04T17:24:42.571273
WASH_TRADE,T0056,BTCUSDT,2026-01-06T15:04:30.977233,41997.45,48,2,MEDIUM,2026-03-04T17:24:42.571739
WASH_TRADE,T0056,BTCUSDT,2026-01-06T15:32:45.600233,42004.21,26,2,MEDIUM,2026-03-04T17:24:42.572725
WASH_TRADE,T0056,ETHUSDT,2026-01-06T13:14:15.710233,2297.78,42,2,MEDIUM,2026-03-04T17:24:42.574704
WASH_TRADE,T0056,ETHUSDT,2026-01-06T14:12:05.900233,2297.08,26,2,MEDIUM,2026-03-04T17:24:42.576554
WASH_TRADE,T0056,SOLUSDT,2026-01-06T13:18:27.155233,97.78,44,2,MEDIUM,2026-03-04T17:24:42.581295
WASH_TRADE,T0056,SOLUSDT,2026-01-06T14:06:42.130233,93.88,20,2,MEDIUM,2026-03-04T17:24:42.582692
WASH_TRADE,T0056,SOLUSDT,2026-01-06T15:33:26.037233,93.97,52,2,HIGH,2026-03-04T17:24:42.585402
WASH_TRADE,T0057,BTCUSDT,2026-01-06T15:38:34.606233,41999.55,38,2,MEDIUM,2026-03-04T17:24:42.592534
WASH_TRADE,T0057,ETHUSDT,2026-01-06T14:16:55.898233,2300.27,50,2,MEDIUM,2026-03-04T17:24:42.595732
WASH_TRADE,T0057,ETHUSDT,2026-01-06T15:12:49.957233,2299.88,40,2,MEDIUM,2026-03-04T17:24:42.597925
WASH_TRADE,T0057,ETHUSDT,2026-01-06T15:46:14.541233,2302.02,54,2,HIGH,2026-03-04T17:24:42.599589
WASH_TRADE,T0057,SOLUSDT,2026-01-06T14:16:36.664233,94.66,26,2,MEDIUM,2026-03-04T17:24:42.602649
WASH_TRADE,T0057,SOLUSDT,2026-01-06T14:22:36.390233,96.71,48,2,MEDIUM,2026-03-04T17:24:42.602983
WASH_TRADE,T0057,SOLUSDT,2026-01-06T15:47:30.648233,94.5,40,2,MEDIUM,2026-03-04T17:24:42.606794
WASH_TRADE,T0057,SOLUSDT,2026-01-06T15:59:42.657233,97.92,34,2,MEDIUM,2026-03-04T17:24:42.607203
WASH_TRADE,T0058,BTCUSDT,2026-01-06T13:53:45.185233,41999.18,58,2,HIGH,2026-03-04T17:24:42.609229
WASH_TRADE,T0058,ETHUSDT,2026-01-06T13:33:21.240233,2294.99,36,2,MEDIUM,2026-03-04T17:24:42.615870
WASH_TRADE,T0058,ETHUSDT,2026-01-06T15:14:05.962233,2300.54,44,2,MEDIUM,2026-03-04T17:24:42.618328
WASH_TRADE,T0058,SOLUSDT,2026-01-06T13:14:48.511233,97.13,24,2,MEDIUM,2026-03-04T17:24:42.621261
WASH_TRADE,T0058,SOLUSDT,2026-01-06T13:37:39.537233,92.49,26,2,MEDIUM,2026-03-04T17:24:42.622098
WASH_TRADE,T0058,SOLUSDT,2026-01-06T15:27:48.974233,98.39,52,2,HIGH,2026-03-04T17:24:42.625333
WASH_TRADE,T0059,BTCUSDT,2026-01-06T14:45:32.318233,42000.92,26,2,MEDIUM,2026-03-04T17:24:42.629775
WASH_TRADE,T0059,ETHUSDT,2026-01-06T15:07:15.600233,2300.5,32,2,MEDIUM,2026-03-04T17:24:42.636278
WASH_TRADE,T0059,ETHUSDT,2026-01-06T16:11:00.932233,2301.96,32,2,MEDIUM,2026-03-04T17:24:42.638444
WASH_TRADE,T0059,SOLUSDT,2026-01-06T13:24:55.261233,95.13,50,2,MEDIUM,2026-03-04T17:24:42.639091
WASH_TRADE,T0059,SOLUSDT,2026-01-06T15:42:04.530233,94.89,44,2,MEDIUM,2026-03-04T17:24:42.644487
WASH_TRADE,T0059,SOLUSDT,2026-01-06T16:12:41.121233,91.57,26,2,MEDIUM,2026-03-04T17:24:42.645864
WASH_TRADE,T0060,BTCUSDT,2026-01-06T13:27:03.544233,41997.99,58,2,HIGH,2026-03-04T17:24:42.646737
WASH_TRADE,T0060,BTCUSDT,2026-01-06T13:33:59.628233,41996.1,60,2,HIGH,2026-03-04T17:24:42.646983
WASH_TRADE,T0060,BTCUSDT,2026-01-06T14:49:24.903233,42001.67,38,2,MEDIUM,2026-03-04T17:24:42.649631
WASH_TRADE,T0060,BTCUSDT,2026-01-06T15:03:54.765233,41999.51,24,2,MEDIUM,2026-03-04T17:24:42.650719
WASH_TRADE,T0060,ETHUSDT,2026-01-06T14:57:42.768233,2301.2,46,2,MEDIUM,2026-03-04T17:24:42.656425
WASH_TRADE,T0060,ETHUSDT,2026-01-06T15:14:40.675233,2300.74,42,2,MEDIUM,2026-03-04T17:24:42.657208
WASH_TRADE,T0060,SOLUSDT,2026-01-06T13:26:27.181233,93.44,44,2,MEDIUM,2026-03-04T17:24:42.659297
WASH_TRADE,T0060,SOLUSDT,2026-01-06T13:49:35.730233,94.43,52,2,HIGH,2026-03-04T17:24:42.660390
WASH_TRADE,T0060,SOLUSDT,2026-01-06T14:45:48.625233,95.51,34,2,MEDIUM,2026-03-04T17:24:42.662077
WASH_TRADE,T0061,BTCUSDT,2026-01-06T14:09:19.210233,41998.89,30,2,MEDIUM,2026-03-04T17:24:42.668489
WASH_TRADE,T0061,BTCUSDT,2026-01-06T15:15:49.004233,41998.5,32,2,MEDIUM,2026-03-04T17:24:42.671705
WASH_TRADE,T0061,ETHUSDT,2026-01-06T13:14:48.284233,2298.88,56,2,HIGH,2026-03-04T17:24:42.673467
WASH_TRADE,T0061,ETHUSDT,2026-01-06T14:36:14.227233,2303.66,26,2,MEDIUM,2026-03-04T17:24:42.675738
WASH_TRADE,T0061,ETHUSDT,2026-01-06T14:43:00.798233,2299.52,48,2,MEDIUM,2026-03-04T17:24:42.676126
WASH_TRADE,T0061,ETHUSDT,2026-01-06T16:05:23.233233,2301.96,20,2,MEDIUM,2026-03-04T17:24:42.679080
WASH_TRADE,T0061,SOLUSDT,2026-01-06T16:11:16.317233,98.0,54,2,HIGH,2026-03-04T17:24:42.686348
WASH_TRADE,T0062,BTCUSDT,2026-01-06T14:31:28.657233,41997.77,28,2,MEDIUM,2026-03-04T17:24:42.689270
WASH_TRADE,T0062,BTCUSDT,2026-01-06T14:36:07.264233,41998.87,56,2,HIGH,2026-03-04T17:24:42.689397
WASH_TRADE,T0062,ETHUSDT,2026-01-06T13:34:40.166233,2301.88,38,2,MEDIUM,2026-03-04T17:24:42.693576
WASH_TRADE,T0062,ETHUSDT,2026-01-06T14:12:51.071233,2298.93,60,2,HIGH,2026-03-04T17:24:42.694803
WASH_TRADE,T0062,ETHUSDT,2026-01-06T14:25:10.879233,2304.14,52,2,HIGH,2026-03-04T17:24:42.695451
WASH_TRADE,T0062,ETHUSDT,2026-01-06T14:38:25.387233,2297.16,42,2,MEDIUM,2026-03-04T17:24:42.695972
WASH_TRADE,T0062,ETHUSDT,2026-01-06T15:43:14.146233,2298.15,26,2,MEDIUM,2026-03-04T17:24:42.721330
WASH_TRADE,T0062,ETHUSDT,2026-01-06T16:10:50.256233,2298.43,20,2,MEDIUM,2026-03-04T17:24:42.722547
WASH_TRADE,T0062,SOLUSDT,2026-01-06T14:54:18.431233,92.48,20,2,MEDIUM,2026-03-04T17:24:42.725846
WASH_TRADE,T0062,SOLUSDT,2026-01-06T16:15:31.548233,94.22,24,2,MEDIUM,2026-03-04T17:24:42.728376
WASH_TRADE,T0063,BTCUSDT,2026-01-06T15:01:57.514233,42000.34,40,2,MEDIUM,2026-03-04T17:24:42.731857
WASH_TRADE,T0063,BTCUSDT,2026-01-06T15:43:00.793233,42001.43,56,2,HIGH,2026-03-04T17:24:42.733297
WASH_TRADE,T0063,BTCUSDT,2026-01-06T16:05:59.723233,42002.66,56,2,HIGH,2026-03-04T17:24:42.734404
WASH_TRADE,T0063,BTCUSDT,2026-01-06T16:16:20.252233,41998.72,34,2,MEDIUM,2026-03-04T17:24:42.734677
WASH_TRADE,T0063,ETHUSDT,2026-01-06T13:31:18.779233,2298.73,34,2,MEDIUM,2026-03-04T17:24:42.735093
WASH_TRADE,T0063,ETHUSDT,2026-01-06T14:38:54.092233,2296.84,60,2,HIGH,2026-03-04T17:24:42.737831
WASH_TRADE,T0063,ETHUSDT,2026-01-06T15:22:13.449233,2300.92,60,2,HIGH,2026-03-04T17:24:42.739062
WASH_TRADE,T0063,SOLUSDT,2026-01-06T13:57:40.595233,92.96,50,2,MEDIUM,2026-03-04T17:24:42.741902
WASH_TRADE,T0063,SOLUSDT,2026-01-06T16:05:17.595233,98.57,52,2,HIGH,2026-03-04T17:24:42.746361
WASH_TRADE,T0064,BTCUSDT,2026-01-06T15:39:11.424233,42002.03,54,2,HIGH,2026-03-04T17:24:42.752002
WASH_TRADE,T0064,ETHUSDT,2026-01-06T16:02:58.816233,2301.15,46,2,MEDIUM,2026-03-04T17:24:42.759172
WASH_TRADE,T0064,ETHUSDT,2026-01-06T16:05:33.077233,2298.35,58,2,HIGH,2026-03-04T17:24:42.759389
WASH_TRADE,T0064,ETHUSDT,2026-01-06T16:12:29.141233,2301.97,42,2,MEDIUM,2026-03-04T17:24:42.759623
WASH_TRADE,T0064,SOLUSDT,2026-01-06T13:16:17.221233,92.06,38,2,MEDIUM,2026-03-04T17:24:42.760285
WASH_TRADE,T0064,SOLUSDT,2026-01-06T14:45:41.034233,92.47,32,2,MEDIUM,2026-03-04T17:24:42.763643
WASH_TRADE,T0064,SOLUSDT,2026-01-06T15:18:34.999233,92.05,46,2,MEDIUM,2026-03-04T17:24:42.764878
WASH_TRADE,T0064,SOLUSDT,2026-01-06T15:22:33.841233,95.02,36,2,MEDIUM,2026-03-04T17:24:42.765061
WASH_TRADE,T0065,BTCUSDT,2026-01-06T14:42:03.170233,42000.12,60,2,HIGH,2026-03-04T17:24:42.770331
WASH_TRADE,T0065,BTCUSDT,2026-01-06T15:19:21.140233,42001.47,32,2,MEDIUM,2026-03-04T17:24:42.772589
WASH_TRADE,T0065,ETHUSDT,2026-01-06T13:15:53.126233,2302.62,40,2,MEDIUM,2026-03-04T17:24:42.775412
WASH_TRADE,T0065,ETHUSDT,2026-01-06T15:44:41.644233,2299.06,26,2,MEDIUM,2026-03-04T17:24:42.781264
WASH_TRADE,T0065,ETHUSDT,2026-01-06T15:57:16.948233,2297.56,50,2,MEDIUM,2026-03-04T17:24:42.781570
WASH_TRADE,T0065,ETHUSDT,2026-01-06T15:58:17.090233,2301.23,40,2,MEDIUM,2026-03-04T17:24:42.781651
WASH_TRADE,T0065,SOLUSDT,2026-01-06T13:41:53.903233,96.71,38,2,MEDIUM,2026-03-04T17:24:42.783484
WASH_TRADE,T0065,SOLUSDT,2026-01-06T15:16:42.295233,96.55,56,2,HIGH,2026-03-04T17:24:42.786916
WASH_TRADE,T0066,BTCUSDT,2026-01-06T13:57:32.092233,41999.68,52,2,HIGH,2026-03-04T17:24:42.791296
WASH_TRADE,T0066,BTCUSDT,2026-01-06T14:09:47.228233,41999.55,34,2,MEDIUM,2026-03-04T17:24:42.791845
WASH_TRADE,T0066,ETHUSDT,2026-01-06T13:45:37.414233,2302.0,28,2,MEDIUM,2026-03-04T17:24:42.797532
WASH_TRADE,T0066,ETHUSDT,2026-01-06T13:49:46.705233,2297.25,44,2,MEDIUM,2026-03-04T17:24:42.797643
WASH_TRADE,T0066,ETHUSDT,2026-01-06T14:02:11.152233,2296.74,32,2,MEDIUM,2026-03-04T17:24:42.798059
WASH_TRADE,T0066,ETHUSDT,2026-01-06T15:03:02.591233,2299.98,52,2,HIGH,2026-03-04T17:24:42.800010
WASH_TRADE,T0066,ETHUSDT,2026-01-06T15:43:02.476233,2300.78,40,2,MEDIUM,2026-03-04T17:24:42.801281
WASH_TRADE,T0066,ETHUSDT,2026-01-06T16:05:39.240233,2297.14,26,2,MEDIUM,2026-03-04T17:24:42.802124
WASH_TRADE,T0066,ETHUSDT,2026-01-06T16:09:24.312233,2300.44,32,2,MEDIUM,2026-03-04T17:24:42.802279
WASH_TRADE,T0066,SOLUSDT,2026-01-06T14:47:27.731233,96.12,48,2,MEDIUM,2026-03-04T17:24:42.806262
WASH_TRADE,T0066,SOLUSDT,2026-01-06T15:50:23.161233,95.36,44,2,MEDIUM,2026-03-04T17:24:42.808424
WASH_TRADE,T0067,BTCUSDT,2026-01-06T13:58:01.995233,41998.49,24,2,MEDIUM,2026-03-04T17:24:42.811461
WASH_TRADE,T0067,BTCUSDT,2026-01-06T15:11:55.907233,41996.99,38,2,MEDIUM,2026-03-04T17:24:42.814167
WASH_TRADE,T0067,BTCUSDT,2026-01-06T15:31:55.768233,41997.44,60,2,HIGH,2026-03-04T17:24:42.814847
WASH_TRADE,T0067,BTCUSDT,2026-01-06T15:40:22.966233,42001.71,38,2,MEDIUM,2026-03-04T17:24:42.815213
WASH_TRADE,T0067,ETHUSDT,2026-01-06T13:13:20.737233,2299.31,36,2,MEDIUM,2026-03-04T17:24:42.816611
WASH_TRADE,T0067,ETHUSDT,2026-01-06T14:26:50.733233,2298.48,20,2,MEDIUM,2026-03-04T17:24:42.819475
WASH_TRADE,T0067,SOLUSDT,2026-01-06T14:57:52.215233,94.79,48,2,MEDIUM,2026-03-04T17:24:42.828083
WASH_TRADE,T0067,SOLUSDT,2026-01-06T15:54:18.107233,98.18,30,2,MEDIUM,2026-03-04T17:24:42.830381
WASH_TRADE,T0067,SOLUSDT,2026-01-06T16:02:32.293233,96.13,26,2,MEDIUM,2026-03-04T17:24:42.830748
WASH_TRADE,T0068,BTCUSDT,2026-01-06T14:18:31.863233,41999.8,58,2,HIGH,2026-03-04T17:24:42.833662
WASH_TRADE,T0068,BTCUSDT,2026-01-06T15:27:25.812233,41997.79,54,2,HIGH,2026-03-04T17:24:42.836687
WASH_TRADE,T0068,BTCUSDT,2026-01-06T15:36:34.496233,42002.28,22,2,MEDIUM,2026-03-04T17:24:42.836881
WASH_TRADE,T0068,ETHUSDT,2026-01-06T13:37:57.943233,2303.22,40,2,MEDIUM,2026-03-04T17:24:42.839597
WASH_TRADE,T0068,ETHUSDT,2026-01-06T14:49:25.430233,2299.98,34,2,MEDIUM,2026-03-04T17:24:42.841994
WASH_TRADE,T0068,ETHUSDT,2026-01-06T15:13:41.927233,2299.7,34,2,MEDIUM,2026-03-04T17:24:42.842925
WASH_TRADE,T0068,ETHUSDT,2026-01-06T15:33:50.391233,2304.58,40,2,MEDIUM,2026-03-04T17:24:42.843854
WASH_TRADE,T0068,SOLUSDT,2026-01-06T16:13:50.271233,94.59,52,2,HIGH,2026-03-04T17:24:42.853162
WASH_TRADE,T0069,BTCUSDT,2026-01-06T13:41:42.342233,41998.93,40,2,MEDIUM,2026-03-04T17:24:42.854530
WASH_TRADE,T0069,ETHUSDT,2026-01-06T14:10:04.235233,2300.44,50,2,MEDIUM,2026-03-04T17:24:42.862261
WASH_TRADE,T0069,ETHUSDT,2026-01-06T14:48:12.129233,2300.36,44,2,MEDIUM,2026-03-04T17:24:42.864033
WASH_TRADE,T0069,ETHUSDT,2026-01-06T14:48:25.657233,2301.01,42,2,MEDIUM,2026-03-04T17:24:42.864097
WASH_TRADE,T0069,ETHUSDT,2026-01-06T14:54:02.711233,2298.17,40,2,MEDIUM,2026-03-04T17:24:42.864422
WASH_TRADE,T0069,ETHUSDT,2026-01-06T16:13:39.038233,2302.06,42,2,MEDIUM,2026-03-04T17:24:42.867204
WASH_TRADE,T0069,SOLUSDT,2026-01-06T13:31:07.957233,92.76,22,2,MEDIUM,2026-03-04T17:24:42.867949
WASH_TRADE,T0069,SOLUSDT,2026-01-06T14:36:56.369233,94.08,40,2,MEDIUM,2026-03-04T17:24:42.870667
WASH_TRADE,T0069,SOLUSDT,2026-01-06T15:11:47.324233,96.28,36,2,MEDIUM,2026-03-04T17:24:42.872011
WASH_TRADE,T0070,BTCUSDT,2026-01-06T13:14:57.225233,41999.34,58,2,HIGH,2026-03-04T17:24:42.874355
WASH_TRADE,T0070,BTCUSDT,2026-01-06T14:04:48.531233,42003.43,34,2,MEDIUM,2026-03-04T17:24:42.875992
WASH_TRADE,T0070,BTCUSDT,2026-01-06T14:20:08.516233,41999.97,42,2,MEDIUM,2026-03-04T17:24:42.876791
WASH_TRADE,T0070,BTCUSDT,2026-01-06T15:52:33.404233,41997.93,22,2,MEDIUM,2026-03-04T17:24:42.881685
WASH_TRADE,T0070,ETHUSDT,2026-01-06T13:29:49.041233,2301.88,40,2,MEDIUM,2026-03-04T17:24:42.882676
WASH_TRADE,T0070,ETHUSDT,2026-01-06T13:30:52.294233,2300.87,30,2,MEDIUM,2026-03-04T17:24:42.882757
WASH_TRADE,T0070,ETHUSDT,2026-01-06T14:23:57.020233,2299.95,48,2,MEDIUM,2026-03-04T17:24:42.884443
WASH_TRADE,T0070,ETHUSDT,2026-01-06T14:48:09.541233,2300.22,28,2,MEDIUM,2026-03-04T17:24:42.885465
WASH_TRADE,T0070,SOLUSDT,2026-01-06T13:23:07.199233,97.41,44,2,MEDIUM,2026-03-04T17:24:42.889712
WASH_TRADE,T0070,SOLUSDT,2026-01-06T15:07:14.694233,95.2,30,2,MEDIUM,2026-03-04T17:24:42.892960
WASH_TRADE,T0070,SOLUSDT,2026-01-06T15:15:12.338233,97.58,26,2,MEDIUM,2026-03-04T17:24:42.893173
WASH_TRADE,T0070,SOLUSDT,2026-01-06T15:45:23.029233,93.52,54,2,HIGH,2026-03-04T17:24:42.894197
WASH_TRADE,T0071,BTCUSDT,2026-01-06T13:31:36.007233,42004.09,40,2,MEDIUM,2026-03-04T17:24:42.895868
WASH_TRADE,T0071,ETHUSDT,2026-01-06T13:40:17.431233,2296.6,24,2,MEDIUM,2026-03-04T17:24:42.902246
WASH_TRADE,T0071,ETHUSDT,2026-01-06T13:53:26.112233,2297.64,42,2,MEDIUM,2026-03-04T17:24:42.903239
WASH_TRADE,T0071,ETHUSDT,2026-01-06T14:00:25.357233,2298.8,36,2,MEDIUM,2026-03-04T17:24:42.903588
WASH_TRADE,T0071,ETHUSDT,2026-01-06T14:05:54.447233,2297.61,48,2,MEDIUM,2026-03-04T17:24:42.903723
WASH_TRADE,T0071,ETHUSDT,2026-01-06T14:07:26.053233,2301.35,38,2,MEDIUM,2026-03-04T17:24:42.903927
WASH_TRADE,T0071,SOLUSDT,2026-01-06T13:13:43.922233,91.75,44,2,MEDIUM,2026-03-04T17:24:42.908333
WASH_TRADE,T0071,SOLUSDT,2026-01-06T14:29:10.827233,100.65,32,2,MEDIUM,2026-03-04T17:24:42.910800
WASH_TRADE,T0071,SOLUSDT,2026-01-06T14:53:24.147233,93.79,48,2,MEDIUM,2026-03-04T17:24:42.911658
WASH_TRADE,T0071,SOLUSDT,2026-01-06T15:46:16.336233,99.8,30,2,MEDIUM,2026-03-04T17:24:42.914140
WASH_TRADE,T0072,BTCUSDT,2026-01-06T13:40:28.449233,41998.06,28,2,MEDIUM,2026-03-04T17:24:42.916533
WASH_TRADE,T0072,BTCUSDT,2026-01-06T14:55:13.652233,41999.54,22,2,MEDIUM,2026-03-04T17:24:42.918394
WASH_TRADE,T0072,ETHUSDT,2026-01-06T13:15:12.550233,2300.39,34,2,MEDIUM,2026-03-04T17:24:42.921734
WASH_TRADE,T0072,ETHUSDT,2026-01-06T13:43:35.504233,2297.48,20,2,MEDIUM,2026-03-04T17:24:42.922631
WASH_TRADE,T0072,ETHUSDT,2026-01-06T14:10:10.633233,2300.78,52,2,HIGH,2026-03-04T17:24:42.923419
WASH_TRADE,T0072,ETHUSDT,2026-01-06T15:57:16.144233,2302.86,50,2,MEDIUM,2026-03-04T17:24:42.926905
WASH_TRADE,T0072,SOLUSDT,2026-01-06T14:09:22.695233,91.41,26,2,MEDIUM,2026-03-04T17:24:42.930028
WASH_TRADE,T0072,SOLUSDT,2026-01-06T14:33:02.389233,93.35,44,2,MEDIUM,2026-03-04T17:24:42.930665
WASH_TRADE,T0072,SOLUSDT,2026-01-06T15:12:04.489233,96.93,32,2,MEDIUM,2026-03-04T17:24:42.931904
WASH_TRADE,T0073,BTCUSDT,2026-01-06T15:01:25.900233,42002.02,54,2,HIGH,2026-03-04T17:24:42.938173
WASH_TRADE,T0073,BTCUSDT,2026-01-06T16:05:36.533233,41999.95,60,2,HIGH,2026-03-04T17:24:42.940057
WASH_TRADE,T0073,ETHUSDT,2026-01-06T13:37:03.735233,2302.5,42,2,MEDIUM,2026-03-04T17:24:42.941591
WASH_TRADE,T0073,ETHUSDT,2026-01-06T14:12:00.392233,2298.53,58,2,HIGH,2026-03-04T17:24:42.942642
WASH_TRADE,T0073,SOLUSDT,2026-01-06T13:20:33.454233,92.12,30,2,MEDIUM,2026-03-04T17:24:42.947653
WASH_TRADE,T0073,SOLUSDT,2026-01-06T13:51:26.864233,94.23,24,2,MEDIUM,2026-03-04T17:24:42.948859
WASH_TRADE,T0074,BTCUSDT,2026-01-06T13:44:18.551233,42002.07,42,2,MEDIUM,2026-03-04T17:24:42.954707
WASH_TRADE,T0074,BTCUSDT,2026-01-06T14:23:10.639233,41998.47,34,2,MEDIUM,2026-03-04T17:24:42.956016
WASH_TRADE,T0074,ETHUSDT,2026-01-06T13:16:26.902233,2303.03,40,2,MEDIUM,2026-03-04T17:24:42.959431
WASH_TRADE,T0074,ETHUSDT,2026-01-06T14:26:03.753233,2301.59,50,2,MEDIUM,2026-03-04T17:24:42.961934
WASH_TRADE,T0074,ETHUSDT,2026-01-06T14:29:17.633233,2300.62,60,2,HIGH,2026-03-04T17:24:42.962206
WASH_TRADE,T0074,ETHUSDT,2026-01-06T14:46:00.267233,2295.39,28,2,MEDIUM,2026-03-04T17:24:42.962795
WASH_TRADE,T0074,ETHUSDT,2026-01-06T15:44:52.750233,2297.4,56,2,HIGH,2026-03-04T17:24:42.964638
WASH_TRADE,T0074,SOLUSDT,2026-01-06T14:39:52.289233,94.73,46,2,MEDIUM,2026-03-04T17:24:42.968484
WASH_TRADE,T0075,BTCUSDT,2026-01-06T14:25:50.715233,42004.03,44,2,MEDIUM,2026-03-04T17:24:42.974134
WASH_TRADE,T0075,BTCUSDT,2026-01-06T15:55:02.011233,42000.21,24,2,MEDIUM,2026-03-04T17:24:42.977129
WASH_TRADE,T0075,ETHUSDT,2026-01-06T13:24:52.326233,2298.89,44,2,MEDIUM,2026-03-04T17:24:42.978015
WASH_TRADE,T0075,ETHUSDT,2026-01-06T13:51:29.051233,2302.73,54,2,HIGH,2026-03-04T17:24:42.978964
WASH_TRADE,T0075,ETHUSDT,2026-01-06T15:35:28.003233,2305.64,52,2,HIGH,2026-03-04T17:24:42.982849
WASH_TRADE,T0075,SOLUSDT,2026-01-06T14:29:41.667233,94.21,30,2,MEDIUM,2026-03-04T17:24:42.985990
WASH_TRADE,T0075,SOLUSDT,2026-01-06T15:22:19.867233,95.71,30,2,MEDIUM,2026-03-04T17:24:42.988085
WASH_TRADE,T0076,BTCUSDT,2026-01-06T13:26:06.887233,41998.47,60,2,HIGH,2026-03-04T17:24:42.990042
WASH_TRADE,T0076,BTCUSDT,2026-01-06T14:18:51.490233,42000.7,52,2,HIGH,2026-03-04T17:24:42.992038
WASH_TRADE,T0076,BTCUSDT,2026-01-06T14:37:42.002233,42000.62,60,2,HIGH,2026-03-04T17:24:42.992692
WASH_TRADE,T0076,ETHUSDT,2026-01-06T13:30:26.077233,2300.33,54,2,HIGH,2026-03-04T17:24:42.996973
WASH_TRADE,T0076,ETHUSDT,2026-01-06T14:13:09.976233,2300.98,34,2,MEDIUM,2026-03-04T17:24:42.998357
WASH_TRADE,T0076,ETHUSDT,2026-01-06T15:40:56.124233,2300.76,22,2,MEDIUM,2026-03-04T17:24:43.001687
WASH_TRADE,T0076,SOLUSDT,2026-01-06T15:39:09.147233,96.86,36,2,MEDIUM,2026-03-04T17:24:43.008284
WASH_TRADE,T0077,BTCUSDT,2026-01-06T13:19:27.126233,41999.64,58,2,HIGH,2026-03-04T17:24:43.010713
WASH_TRADE,T0077,BTCUSDT,2026-01-06T13:26:05.629233,41998.19,30,2,MEDIUM,2026-03-04T17:24:43.010970
WASH_TRADE,T0077,ETHUSDT,2026-01-06T14:14:19.373233,2304.19,46,2,MEDIUM,2026-03-04T17:24:43.019798
WASH_TRADE,T0077,ETHUSDT,2026-01-06T15:32:25.509233,2299.14,30,2,MEDIUM,2026-03-04T17:24:43.022829
WASH_TRADE,T0077,ETHUSDT,2026-01-06T15:48:51.420233,2305.99,30,2,MEDIUM,2026-03-04T17:24:43.023458
WASH_TRADE,T0077,ETHUSDT,2026-01-06T16:00:16.232233,2301.18,20,2,MEDIUM,2026-03-04T17:24:43.023965
WASH_TRADE,T0077,SOLUSDT,2026-01-06T14:12:46.615233,90.43,50,2,MEDIUM,2026-03-04T17:24:43.026525
WASH_TRADE,T0077,SOLUSDT,2026-01-06T14:52:05.312233,93.12,22,2,MEDIUM,2026-03-04T17:24:43.028808
WASH_TRADE,T0077,SOLUSDT,2026-01-06T15:07:20.370233,93.96,34,2,MEDIUM,2026-03-04T17:24:43.029305
WASH_TRADE,T0077,SOLUSDT,2026-01-06T16:06:49.555233,96.28,46,2,MEDIUM,2026-03-04T17:24:43.031642
WASH_TRADE,T0078,BTCUSDT,2026-01-06T13:48:12.807233,41999.09,24,2,MEDIUM,2026-03-04T17:24:43.033105
WASH_TRADE,T0078,BTCUSDT,2026-01-06T13:55:11.174233,41998.5,48,2,MEDIUM,2026-03-04T17:24:43.033477
WASH_TRADE,T0078,BTCUSDT,2026-01-06T14:59:27.676233,41998.5,58,2,HIGH,2026-03-04T17:24:43.036251
WASH_TRADE,T0078,BTCUSDT,2026-01-06T16:00:22.931233,41996.95,38,2,MEDIUM,2026-03-04T17:24:43.038422
WASH_TRADE,T0078,ETHUSDT,2026-01-06T15:33:23.006233,2298.9,38,2,MEDIUM,2026-03-04T17:24:43.043826
WASH_TRADE,T0078,SOLUSDT,2026-01-06T14:45:42.870233,96.21,38,2,MEDIUM,2026-03-04T17:24:43.048661
WASH_TRADE,T0078,SOLUSDT,2026-01-06T14:48:44.750233,91.04,40,2,MEDIUM,2026-03-04T17:24:43.048954
WASH_TRADE,T0078,SOLUSDT,2026-01-06T15:25:53.181233,97.89,44,2,MEDIUM,2026-03-04T17:24:43.050250
WASH_TRADE,T0079,BTCUSDT,2026-01-06T15:12:41.251233,42003.43,36,2,MEDIUM,2026-03-04T17:24:43.056546
WASH_TRADE,T0079,ETHUSDT,2026-01-06T13:56:31.944233,2303.73,28,2,MEDIUM,2026-03-04T17:24:43.060201
WASH_TRADE,T0079,SOLUSDT,2026-01-06T13:36:37.620233,90.94,24,2,MEDIUM,2026-03-04T17:24:43.065509
WASH_TRADE,T0079,SOLUSDT,2026-01-06T13:38:37.813233,92.28,48,2,MEDIUM,2026-03-04T17:24:43.065592
WASH_TRADE,T0079,SOLUSDT,2026-01-06T14:30:14.762233,95.58,60,2,HIGH,2026-03-04T17:24:43.067127
WASH_TRADE,T0080,BTCUSDT,2026-01-06T15:36:00.054233,42002.54,30,2,MEDIUM,2026-03-04T17:24:43.075065
WASH_TRADE,T0080,BTCUSDT,2026-01-06T15:47:08.302233,42001.06,52,2,HIGH,2026-03-04T17:24:43.075640
WASH_TRADE,T0080,BTCUSDT,2026-01-06T15:48:34.665233,42001.55,26,2,MEDIUM,2026-03-04T17:24:43.075764
WASH_TRADE,T0080,ETHUSDT,2026-01-06T13:44:59.396233,2299.53,56,2,HIGH,2026-03-04T17:24:43.077121
WASH_TRADE,T0080,ETHUSDT,2026-01-06T14:59:50.110233,2298.24,28,2,MEDIUM,2026-03-04T17:24:43.079918
WASH_TRADE,T0080,ETHUSDT,2026-01-06T15:24:36.337233,2297.79,42,2,MEDIUM,2026-03-04T17:24:43.080928
WASH_TRADE,T0080,ETHUSDT,2026-01-06T16:11:27.242233,2301.67,46,2,MEDIUM,2026-03-04T17:24:43.082668
WASH_TRADE,T0080,SOLUSDT,2026-01-06T13:37:35.492233,98.86,46,2,MEDIUM,2026-03-04T17:24:43.083716
WASH_TRADE,T0080,SOLUSDT,2026-01-06T15:01:23.579233,93.95,32,2,MEDIUM,2026-03-04T17:24:43.086436
WASH_TRADE,T0080,SOLUSDT,2026-01-06T15:51:33.748233,91.87,40,2,MEDIUM,2026-03-04T17:24:43.087734
WASH_TRADE,T0081,BTCUSDT,2026-01-06T14:36:45.022233,42002.12,38,2,MEDIUM,2026-03-04T17:24:43.091675
WASH_TRADE,T0081,BTCUSDT,2026-01-06T14:55:31.860233,41999.54,50,2,MEDIUM,2026-03-04T17:24:43.092237
WASH_TRADE,T0081,BTCUSDT,2026-01-06T15:32:25.833233,42002.59,54,2,HIGH,2026-03-04T17:24:43.093335
WASH_TRADE,T0081,ETHUSDT,2026-01-06T14:10:16.865233,2298.72,60,2,HIGH,2026-03-04T17:24:43.096142
WASH_TRADE,T0081,ETHUSDT,2026-01-06T14:33:24.537233,2298.92,52,2,HIGH,2026-03-04T17:24:43.097047
WASH_TRADE,T0081,ETHUSDT,2026-01-06T15:04:19.628233,2298.46,32,2,MEDIUM,2026-03-04T17:24:43.098073
WASH_TRADE,T0081,ETHUSDT,2026-01-06T15:12:00.424233,2298.21,52,2,HIGH,2026-03-04T17:24:43.098594
WASH_TRADE,T0081,SOLUSDT,2026-01-06T14:09:01.580233,95.44,54,2,HIGH,2026-03-04T17:24:43.103242
WASH_TRADE,T0082,BTCUSDT,2026-01-06T14:17:38.364233,41999.63,24,2,MEDIUM,2026-03-04T17:24:43.110318
WASH_TRADE,T0082,BTCUSDT,2026-01-06T14:28:32.260233,42000.77,52,2,HIGH,2026-03-04T17:24:43.110970
WASH_TRADE,T0082,BTCUSDT,2026-01-06T15:26:40.018233,41999.98,44,2,MEDIUM,2026-03-04T17:24:43.112499
WASH_TRADE,T0082,SOLUSDT,2026-01-06T14:00:02.150233,94.78,56,2,HIGH,2026-03-04T17:24:43.122042
WASH_TRADE,T0082,SOLUSDT,2026-01-06T15:25:29.437233,93.7,40,2,MEDIUM,2026-03-04T17:24:43.125002
WASH_TRADE,T0083,BTCUSDT,2026-01-06T13:19:31.888233,41996.08,54,2,HIGH,2026-03-04T17:24:43.127559
WASH_TRADE,T0083,BTCUSDT,2026-01-06T13:45:07.313233,42002.43,22,2,MEDIUM,2026-03-04T17:24:43.128489
WASH_TRADE,T0083,BTCUSDT,2026-01-06T15:48:51.804233,42000.71,50,2,MEDIUM,2026-03-04T17:24:43.133097
WASH_TRADE,T0083,ETHUSDT,2026-01-06T13:17:19.148233,2297.46,40,2,MEDIUM,2026-03-04T17:24:43.133994
WASH_TRADE,T0083,ETHUSDT,2026-01-06T14:46:27.991233,2300.25,50,2,MEDIUM,2026-03-04T17:24:43.137192
WASH_TRADE,T0083,SOLUSDT,2026-01-06T14:31:19.739233,93.45,28,2,MEDIUM,2026-03-04T17:24:43.144279
WASH_TRADE,T0083,SOLUSDT,2026-01-06T14:32:41.254233,96.27,34,2,MEDIUM,2026-03-04T17:24:43.144329
WASH_TRADE,T0083,SOLUSDT,2026-01-06T15:22:59.152233,93.84,58,2,HIGH,2026-03-04T17:24:43.145880
WASH_TRADE,T0083,SOLUSDT,2026-01-06T15:22:59.398233,93.96,30,2,MEDIUM,2026-03-04T17:24:43.145928
WASH_TRADE,T0083,SOLUSDT,2026-01-06T15:49:39.758233,91.89,56,2,HIGH,2026-03-04T17:24:43.146684
WASH_TRADE,T0084,BTCUSDT,2026-01-06T14:59:44.574233,42002.13,20,2,MEDIUM,2026-03-04T17:24:43.151586
WASH_TRADE,T0084,SOLUSDT,2026-01-06T14:07:35.858233,96.96,46,2,MEDIUM,2026-03-04T17:24:43.163123
WASH_TRADE,T0084,SOLUSDT,2026-01-06T14:26:57.055233,94.93,56,2,HIGH,2026-03-04T17:24:43.163910
WASH_TRADE,T0084,SOLUSDT,2026-01-06T15:04:46.324233,96.2,60,2,HIGH,2026-03-04T17:24:43.164943
WASH_TRADE,T0084,SOLUSDT,2026-01-06T15:50:49.422233,97.93,28,2,MEDIUM,2026-03-04T17:24:43.166995
WASH_TRADE,T0085,BTCUSDT,2026-01-06T13:45:45.526233,42000.02,38,2,MEDIUM,2026-03-04T17:24:43.168837
WASH_TRADE,T0085,BTCUSDT,2026-01-06T14:25:53.237233,42003.33,26,2,MEDIUM,2026-03-04T17:24:43.170326
WASH_TRADE,T0085,BTCUSDT,2026-01-06T15:47:46.022233,42000.08,52,2,HIGH,2026-03-04T17:24:43.173904
WASH_TRADE,T0085,ETHUSDT,2026-01-06T13:15:39.649233,2298.79,28,2,MEDIUM,2026-03-04T17:24:43.175172
WASH_TRADE,T0085,ETHUSDT,2026-01-06T14:27:21.344233,2299.01,46,2,MEDIUM,2026-03-04T17:24:43.177642
WASH_TRADE,T0085,SOLUSDT,2026-01-06T15:04:46.633233,92.05,34,2,MEDIUM,2026-03-04T17:24:43.186111
WASH_TRADE,T0085,SOLUSDT,2026-01-06T15:55:36.866233,96.91,44,2,MEDIUM,2026-03-04T17:24:43.187923
WASH_TRADE,T0086,BTCUSDT,2026-01-06T14:48:47.016233,41996.36,60,2,HIGH,2026-03-04T17:24:43.191182
WASH_TRADE,T0086,BTCUSDT,2026-01-06T14:50:05.461233,42000.1,42,2,MEDIUM,2026-03-04T17:24:43.191316
WASH_TRADE,T0086,ETHUSDT,2026-01-06T14:38:45.078233,2302.94,40,2,MEDIUM,2026-03-04T17:24:43.196675
WASH_TRADE,T0086,ETHUSDT,2026-01-06T14:43:36.006233,2297.24,50,2,MEDIUM,2026-03-04T17:24:43.196898
WASH_TRADE,T0086,ETHUSDT,2026-01-06T15:56:26.337233,2299.08,20,2,MEDIUM,2026-03-04T17:24:43.199659
WASH_TRADE,T0086,SOLUSDT,2026-01-06T13:26:12.897233,93.38,60,2,HIGH,2026-03-04T17:24:43.200848
WASH_TRADE,T0086,SOLUSDT,2026-01-06T15:22:38.120233,96.39,20,2,MEDIUM,2026-03-04T17:24:43.205494
WASH_TRADE,T0086,SOLUSDT,2026-01-06T16:15:17.634233,94.93,26,2,MEDIUM,2026-03-04T17:24:43.207134
WASH_TRADE,T0087,BTCUSDT,2026-01-06T13:32:49.859233,41998.75,46,2,MEDIUM,2026-03-04T17:24:43.208379
WASH_TRADE,T0087,BTCUSDT,2026-01-06T13:35:33.300233,42000.27,42,2,MEDIUM,2026-03-04T17:24:43.208454
WASH_TRADE,T0087,BTCUSDT,2026-01-06T14:31:53.877233,41996.9,22,2,MEDIUM,2026-03-04T17:24:43.210237
WASH_TRADE,T0087,ETHUSDT,2026-01-06T13:47:58.513233,2301.61,28,2,MEDIUM,2026-03-04T17:24:43.215155
WASH_TRADE,T0087,SOLUSDT,2026-01-06T13:39:19.068233,92.12,54,2,HIGH,2026-03-04T17:24:43.220977
WASH_TRADE,T0088,BTCUSDT,2026-01-06T13:18:02.047233,42002.3,32,2,MEDIUM,2026-03-04T17:24:43.225517
WASH_TRADE,T0088,BTCUSDT,2026-01-06T14:38:42.277233,42000.95,20,2,MEDIUM,2026-03-04T17:24:43.228645
WASH_TRADE,T0088,BTCUSDT,2026-01-06T14:42:22.439233,41999.23,40,2,MEDIUM,2026-03-04T17:24:43.228839
WASH_TRADE,T0088,BTCUSDT,2026-01-06T15:01:12.821233,42000.61,36,2,MEDIUM,2026-03-04T17:24:43.229659
WASH_TRADE,T0088,BTCUSDT,2026-01-06T16:09:29.790233,41997.32,60,2,HIGH,2026-03-04T17:24:43.231979
WASH_TRADE,T0088,ETHUSDT,2026-01-06T13:22:32.272233,2299.7,46,2,MEDIUM,2026-03-04T17:24:43.232580
WASH_TRADE,T0088,ETHUSDT,2026-01-06T14:45:10.961233,2301.56,58,2,HIGH,2026-03-04T17:24:43.234716
WASH_TRADE,T0088,ETHUSDT,2026-01-06T16:03:29.664233,2299.2,50,2,MEDIUM,2026-03-04T17:24:43.237736
WASH_TRADE,T0088,ETHUSDT,2026-01-06T16:15:56.230233,2297.75,40,2,MEDIUM,2026-03-04T17:24:43.238127
WASH_TRADE,T0088,SOLUSDT,2026-01-06T14:21:16.428233,95.36,42,2,MEDIUM,2026-03-04T17:24:43.240777
WASH_TRADE,T0088,SOLUSDT,2026-01-06T14:21:35.532233,94.24,54,2,HIGH,2026-03-04T17:24:43.240834
WASH_TRADE,T0088,SOLUSDT,2026-01-06T15:20:00.439233,96.5,24,2,MEDIUM,2026-03-04T17:24:43.242402
WASH_TRADE,T0088,SOLUSDT,2026-01-06T15:39:40.231233,90.98,40,2,MEDIUM,2026-03-04T17:24:43.242994
WASH_TRADE,T0088,SOLUSDT,2026-01-06T16:01:47.793233,95.99,44,2,MEDIUM,2026-03-04T17:24:43.243967
WASH_TRADE,T0089,BTCUSDT,2026-01-06T14:17:38.199233,41999.44,50,2,MEDIUM,2026-03-04T17:24:43.264899
WASH_TRADE,T0089,BTCUSDT,2026-01-06T15:37:04.118233,41999.9,40,2,MEDIUM,2026-03-04T17:24:43.267474
WASH_TRADE,T0089,ETHUSDT,2026-01-06T14:02:34.564233,2299.48,34,2,MEDIUM,2026-03-04T17:24:43.271052
WASH_TRADE,T0089,SOLUSDT,2026-01-06T13:19:43.577233,96.11,50,2,MEDIUM,2026-03-04T17:24:43.277251
WASH_TRADE,T0090,BTCUSDT,2026-01-06T15:23:19.957233,42000.19,22,2,MEDIUM,2026-03-04T17:24:43.287938
WASH_TRADE,T0090,ETHUSDT,2026-01-06T14:26:21.759233,2300.2,56,2,HIGH,2026-03-04T17:24:43.292296
WASH_TRADE,T0090,ETHUSDT,2026-01-06T14:46:12.677233,2300.21,46,2,MEDIUM,2026-03-04T17:24:43.293231
WASH_TRADE,T0090,ETHUSDT,2026-01-06T16:09:47.746233,2300.93,44,2,MEDIUM,2026-03-04T17:24:43.296266
WASH_TRADE,T0090,SOLUSDT,2026-01-06T15:45:02.015233,96.7,38,2,MEDIUM,2026-03-04T17:24:43.302227
WASH_TRADE,T0091,BTCUSDT,2026-01-06T14:44:25.502233,42001.11,24,2,MEDIUM,2026-03-04T17:24:43.306670
WASH_TRADE,T0091,BTCUSDT,2026-01-06T14:54:06.654233,42002.05,40,2,MEDIUM,2026-03-04T17:24:43.307000
WASH_TRADE,T0091,BTCUSDT,2026-01-06T15:00:11.008233,42002.27,20,2,MEDIUM,2026-03-04T17:24:43.307245
WASH_TRADE,T0091,ETHUSDT,2026-01-06T14:13:40.129233,2298.13,26,2,MEDIUM,2026-03-04T17:24:43.311781
WASH_TRADE,T0091,ETHUSDT,2026-01-06T14:29:13.249233,2304.46,48,2,MEDIUM,2026-03-04T17:24:43.312128
WASH_TRADE,T0091,ETHUSDT,2026-01-06T15:57:21.743233,2301.29,28,2,MEDIUM,2026-03-04T17:24:43.315699
WASH_TRADE,T0091,SOLUSDT,2026-01-06T14:10:33.593233,98.59,38,2,MEDIUM,2026-03-04T17:24:43.319081
WASH_TRADE,T0091,SOLUSDT,2026-01-06T14:23:21.562233,95.88,48,2,MEDIUM,2026-03-04T17:24:43.319484
WASH_TRADE,T0091,SOLUSDT,2026-01-06T15:21:44.410233,96.61,42,2,MEDIUM,2026-03-04T17:24:43.321936
WASH_TRADE,T0091,SOLUSDT,2026-01-06T15:58:18.847233,94.69,54,2,HIGH,2026-03-04T17:24:43.323545
WASH_TRADE,T0092,BTCUSDT,2026-01-06T14:08:49.252233,42005.05,48,2,MEDIUM,2026-03-04T17:24:43.326720
WASH_TRADE,T0092,ETHUSDT,2026-01-06T13:17:05.666233,2296.67,32,2,MEDIUM,2026-03-04T17:24:43.331237
WASH_TRADE,T0092,ETHUSDT,2026-01-06T13:33:53.628233,2300.19,48,2,MEDIUM,2026-03-04T17:24:43.331889
WASH_TRADE,T0092,ETHUSDT,2026-01-06T14:15:47.170233,2299.24,56,2,HIGH,2026-03-04T17:24:43.334129
WASH_TRADE,T0092,SOLUSDT,2026-01-06T13:39:59.011233,95.53,42,2,MEDIUM,2026-03-04T17:24:43.339671
WASH_TRADE,T0092,SOLUSDT,2026-01-06T14:12:03.502233,92.83,34,2,MEDIUM,2026-03-04T17:24:43.341069
WASH_TRADE,T0092,SOLUSDT,2026-01-06T14:25:59.450233,96.16,22,2,MEDIUM,2026-03-04T17:24:43.341627
WASH_TRADE,T0092,SOLUSDT,2026-01-06T15:16:31.181233,94.65,40,2,MEDIUM,2026-03-04T17:24:43.343477
WASH_TRADE,T0093,ETHUSDT,2026-01-06T13:24:22.484233,2300.9,46,2,MEDIUM,2026-03-04T17:24:43.352041
WASH_TRADE,T0093,ETHUSDT,2026-01-06T13:40:35.117233,2298.85,48,2,MEDIUM,2026-03-04T17:24:43.352570
WASH_TRADE,T0093,ETHUSDT,2026-01-06T13:48:22.366233,2300.67,30,2,MEDIUM,2026-03-04T17:24:43.352780
WASH_TRADE,T0093,ETHUSDT,2026-01-06T14:22:42.467233,2299.6,36,2,MEDIUM,2026-03-04T17:24:43.353876
WASH_TRADE,T0093,ETHUSDT,2026-01-06T15:12:52.965233,2300.95,42,2,MEDIUM,2026-03-04T17:24:43.356566
WASH_TRADE,T0093,ETHUSDT,2026-01-06T16:15:39.719233,2296.56,58,2,HIGH,2026-03-04T17:24:43.358475
WASH_TRADE,T0093,SOLUSDT,2026-01-06T15:58:23.219233,94.72,42,2,MEDIUM,2026-03-04T17:24:43.363563
WASH_TRADE,T0093,SOLUSDT,2026-01-06T16:03:27.617233,92.04,48,2,MEDIUM,2026-03-04T17:24:43.363739
WASH_TRADE,T0093,SOLUSDT,2026-01-06T16:09:41.396233,97.56,34,2,MEDIUM,2026-03-04T17:24:43.363995
WASH_TRADE,T0094,BTCUSDT,2026-01-06T13:35:48.479233,42000.48,50,2,MEDIUM,2026-03-04T17:24:43.365557
WASH_TRADE,T0094,BTCUSDT,2026-01-06T16:00:45.934233,41998.42,46,2,MEDIUM,2026-03-04T17:24:43.370761
WASH_TRADE,T0094,ETHUSDT,2026-01-06T13:13:53.084233,2302.75,22,2,MEDIUM,2026-03-04T17:24:43.371503
WASH_TRADE,T0094,ETHUSDT,2026-01-06T14:55:29.699233,2299.89,60,2,HIGH,2026-03-04T17:24:43.375120
WASH_TRADE,T0094,ETHUSDT,2026-01-06T15:12:54.802233,2297.31,48,2,MEDIUM,2026-03-04T17:24:43.375904
WASH_TRADE,T0094,ETHUSDT,2026-01-06T15:50:46.049233,2303.97,46,2,MEDIUM,2026-03-04T17:24:43.377436
WASH_TRADE,T0094,SOLUSDT,2026-01-06T14:01:56.934233,94.0,20,2,MEDIUM,2026-03-04T17:24:43.380437
WASH_TRADE,T0095,BTCUSDT,2026-01-06T13:15:23.254233,41997.45,56,2,HIGH,2026-03-04T17:24:43.385056
WASH_TRADE,T0095,BTCUSDT,2026-01-06T15:10:51.569233,42000.55,46,2,MEDIUM,2026-03-04T17:24:43.389088
WASH_TRADE,T0095,ETHUSDT,2026-01-06T13:13:54.062233,2298.22,34,2,MEDIUM,2026-03-04T17:24:43.391565
WASH_TRADE,T0095,ETHUSDT,2026-01-06T14:30:53.399233,2297.22,54,2,HIGH,2026-03-04T17:24:43.394499
WASH_TRADE,T0095,ETHUSDT,2026-01-06T15:54:20.888233,2301.43,60,2,HIGH,2026-03-04T17:24:43.397180
WASH_TRADE,T0095,SOLUSDT,2026-01-06T13:49:33.695233,95.12,40,2,MEDIUM,2026-03-04T17:24:43.399063
WASH_TRADE,T0095,SOLUSDT,2026-01-06T13:55:44.586233,97.63,26,2,MEDIUM,2026-03-04T17:24:43.399352
WASH_TRADE,T0095,SOLUSDT,2026-01-06T14:03:14.865233,96.73,56,2,HIGH,2026-03-04T17:24:43.399769
WASH_TRADE,T0095,SOLUSDT,2026-01-06T14:05:18.851233,94.56,60,2,HIGH,2026-03-04T17:24:43.399875
WASH_TRADE,T0095,SOLUSDT,2026-01-06T15:29:32.991233,98.02,58,2,HIGH,2026-03-04T17:24:43.402961
WASH_TRADE,T0095,SOLUSDT,2026-01-06T16:14:24.580233,97.62,28,2,MEDIUM,2026-03-04T17:24:43.404968
WASH_TRADE,T0096,ETHUSDT,2026-01-06T13:28:49.529233,2297.19,38,2,MEDIUM,2026-03-04T17:24:43.412202
WASH_TRADE,T0096,ETHUSDT,2026-01-06T13:59:58.946233,2299.81,30,2,MEDIUM,2026-03-04T17:24:43.414215
WASH_TRADE,T0096,ETHUSDT,2026-01-06T15:02:16.703233,2297.67,48,2,MEDIUM,2026-03-04T17:24:43.416917
WASH_TRADE,T0096,ETHUSDT,2026-01-06T15:08:10.105233,2302.72,54,2,HIGH,2026-03-04T17:24:43.417493
WASH_TRADE,T0097,BTCUSDT,2026-01-06T14:31:46.827233,42003.1,58,2,HIGH,2026-03-04T17:24:43.432329
WASH_TRADE,T0097,ETHUSDT,2026-01-06T13:20:38.486233,2298.44,40,2,MEDIUM,2026-03-04T17:24:43.436200
WASH_TRADE,T0098,ETHUSDT,2026-01-06T14:11:30.010233,2299.74,24,2,MEDIUM,2026-03-04T17:24:43.458421
WASH_TRADE,T0098,ETHUSDT,2026-01-06T15:27:40.781233,2297.02,58,2,HIGH,2026-03-04T17:24:43.460964
WASH_TRADE,T0098,SOLUSDT,2026-01-06T13:58:36.528233,93.86,20,2,MEDIUM,2026-03-04T17:24:43.464748
WASH_TRADE,T0098,SOLUSDT,2026-01-06T14:04:43.444233,96.72,20,2,MEDIUM,2026-03-04T17:24:43.465022
WASH_TRADE,T0098,SOLUSDT,2026-01-06T14:32:27.782233,96.37,46,2,MEDIUM,2026-03-04T17:24:43.465782
WASH_TRADE,T0098,SOLUSDT,2026-01-06T14:51:30.361233,92.15,26,2,MEDIUM,2026-03-04T17:24:43.466469
WASH_TRADE,T0099,BTCUSDT,2026-01-06T13:25:38.798233,42002.13,52,2,HIGH,2026-03-04T17:24:43.469303
WASH_TRADE,T0099,BTCUSDT,2026-01-06T13:28:16.834233,41995.17,58,2,HIGH,2026-03-04T17:24:43.469376
WASH_TRADE,T0099,BTCUSDT,2026-01-06T13:37:17.699233,42003.57,42,2,MEDIUM,2026-03-04T17:24:43.469641
WASH_TRADE,T0099,BTCUSDT,2026-01-06T14:51:19.738233,42000.35,56,2,HIGH,2026-03-04T17:24:43.472724
WASH_TRADE,T0099,BTCUSDT,2026-01-06T16:07:20.328233,42000.16,26,2,MEDIUM,2026-03-04T17:24:43.475777
WASH_TRADE,T0099,ETHUSDT,2026-01-06T13:28:44.096233,2300.91,30,2,MEDIUM,2026-03-04T17:24:43.476859
WASH_TRADE,T0099,ETHUSDT,2026-01-06T13:30:59.901233,2296.21,42,2,MEDIUM,2026-03-04T17:24:43.476913
WASH_TRADE,T0099,ETHUSDT,2026-01-06T14:40:21.418233,2303.07,50,2,MEDIUM,2026-03-04T17:24:43.480337
WASH_TRADE,T0099,SOLUSDT,2026-01-06T14:41:56.213233,95.18,24,2,MEDIUM,2026-03-04T17:24:43.486604
WASH_TRADE,T0099,SOLUSDT,2026-01-06T14:41:58.283233,97.22,32,2,MEDIUM,2026-03-04T17:24:43.486654
WASH_TRADE,T0099,SOLUSDT,2026-01-06T15:42:51.591233,94.45,46,2,MEDIUM,2026-03-04T17:24:43.488756
WASH_TRADE,T0099,SOLUSDT,2026-01-06T15:49:53.525233,94.97,24,2,MEDIUM,2026-03-04T17:24:43.489040
WASH_TRADE,T0100,BTCUSDT,2026-01-06T13:25:26.787233,41998.72,26,2,MEDIUM,2026-03-04T17:24:43.490651
WASH_TRADE,T0100,BTCUSDT,2026-01-06T13:37:21.884233,42001.07,46,2,MEDIUM,2026-03-04T17:24:43.490973
WASH_TRADE,T0100,ETHUSDT,2026-01-06T13:30:31.227233,2300.98,52,2,HIGH,2026-03-04T17:24:43.496742
WASH_TRADE,T0100,ETHUSDT,2026-01-06T14:02:15.449233,2299.14,48,2,MEDIUM,2026-03-04T17:24:43.497735
WASH_TRADE,T0100,ETHUSDT,2026-01-06T14:10:14.407233,2299.48,22,2,MEDIUM,2026-03-04T17:24:43.497857
WASH_TRADE,T0100,ETHUSDT,2026-01-06T15:12:04.073233,2300.55,22,2,MEDIUM,2026-03-04T17:24:43.500205
WASH_TRADE,T0100,SOLUSDT,2026-01-06T15:34:00.642233,93.89,40,2,MEDIUM,2026-03-04T17:24:43.507557
WASH_TRADE,T0100,SOLUSDT,2026-01-06T16:01:07.806233,99.09,50,2,MEDIUM,2026-03-04T17:24:43.508449
WASH_TRADE,T0101,BTCUSDT,2026-01-06T13:59:58.247233,41999.05,54,2,HIGH,2026-03-04T17:24:43.510502
WASH_TRADE,T0101,BTCUSDT,2026-01-06T15:34:22.404233,41997.68,32,2,MEDIUM,2026-03-04T17:24:43.514165
WASH_TRADE,T0101,ETHUSDT,2026-01-06T14:24:34.996233,2298.19,56,2,HIGH,2026-03-04T17:24:43.517669
WASH_TRADE,T0101,SOLUSDT,2026-01-06T13:33:42.785233,93.95,32,2,MEDIUM,2026-03-04T17:24:43.522759
WASH_TRADE,T0101,SOLUSDT,2026-01-06T15:28:20.517233,92.97,26,2,MEDIUM,2026-03-04T17:24:43.526454
WASH_TRADE,T0102,BTCUSDT,2026-01-06T13:29:41.716233,42001.07,34,2,MEDIUM,2026-03-04T17:24:43.528029
WASH_TRADE,T0102,BTCUSDT,2026-01-06T14:12:52.325233,41998.88,58,2,HIGH,2026-03-04T17:24:43.529761
WASH_TRADE,T0102,BTCUSDT,2026-01-06T14:19:56.393233,42001.67,44,2,MEDIUM,2026-03-04T17:24:43.529919
WASH_TRADE,T0102,ETHUSDT,2026-01-06T15:00:18.705233,2300.99,48,2,MEDIUM,2026-03-04T17:24:43.538479
WASH_TRADE,T0102,ETHUSDT,2026-01-06T16:00:27.852233,2301.34,40,2,MEDIUM,2026-03-04T17:24:43.540355
WASH_TRADE,T0102,SOLUSDT,2026-01-06T13:34:24.171233,97.07,24,2,MEDIUM,2026-03-04T17:24:43.541497
WASH_TRADE,T0102,SOLUSDT,2026-01-06T13:40:05.272233,95.33,60,2,HIGH,2026-03-04T17:24:43.541702
WASH_TRADE,T0102,SOLUSDT,2026-01-06T14:00:21.143233,95.99,30,2,MEDIUM,2026-03-04T17:24:43.542312
WASH_TRADE,T0102,SOLUSDT,2026-01-06T14:01:42.938233,93.67,50,2,MEDIUM,2026-03-04T17:24:43.542408
WASH_TRADE,T0102,SOLUSDT,2026-01-06T14:15:36.112233,93.92,38,2,MEDIUM,2026-03-04T17:24:43.542898
WASH_TRADE,T0102,SOLUSDT,2026-01-06T15:43:56.056233,95.26,38,2,MEDIUM,2026-03-04T17:24:43.546049
WASH_TRADE,T0102,SOLUSDT,2026-01-06T15:49:46.028233,96.2,26,2,MEDIUM,2026-03-04T17:24:43.546342
WASH_TRADE,T0103,BTCUSDT,2026-01-06T14:30:28.554233,41999.11,50,2,MEDIUM,2026-03-04T17:24:43.551492
WASH_TRADE,T0103,ETHUSDT,2026-01-06T15:00:32.584233,2297.32,28,2,MEDIUM,2026-03-04T17:24:43.558674
WASH_TRADE,T0103,ETHUSDT,2026-01-06T15:20:20.798233,2296.13,54,2,HIGH,2026-03-04T17:24:43.559207
WASH_TRADE,T0103,SOLUSDT,2026-01-06T14:37:44.979233,96.14,54,2,HIGH,2026-03-04T17:24:43.563708
WASH_TRADE,T0103,SOLUSDT,2026-01-06T15:51:34.568233,94.85,54,2,HIGH,2026-03-04T17:24:43.565773
WASH_TRADE,T0104,ETHUSDT,2026-01-06T15:06:23.364233,2298.75,50,2,MEDIUM,2026-03-04T17:24:43.577919
WASH_TRADE,T0104,SOLUSDT,2026-01-06T13:16:42.319233,94.62,56,2,HIGH,2026-03-04T17:24:43.580265
WASH_TRADE,T0104,SOLUSDT,2026-01-06T13:29:17.509233,97.0,24,2,MEDIUM,2026-03-04T17:24:43.580710
WASH_TRADE,T0104,SOLUSDT,2026-01-06T14:11:41.030233,96.51,22,2,MEDIUM,2026-03-04T17:24:43.582255
WASH_TRADE,T0105,BTCUSDT,2026-01-06T14:42:26.671233,41999.23,42,2,MEDIUM,2026-03-04T17:24:43.589105
WASH_TRADE,T0105,BTCUSDT,2026-01-06T14:51:45.597233,42001.61,28,2,MEDIUM,2026-03-04T17:24:43.589531
WASH_TRADE,T0105,BTCUSDT,2026-01-06T14:57:42.482233,42002.66,40,2,MEDIUM,2026-03-04T17:24:43.589714
WASH_TRADE,T0105,BTCUSDT,2026-01-06T15:48:23.945233,41995.52,56,2,HIGH,2026-03-04T17:24:43.591425
WASH_TRADE,T0105,ETHUSDT,2026-01-06T13:28:49.681233,2303.25,34,2,MEDIUM,2026-03-04T17:24:43.592458
WASH_TRADE,T0105,ETHUSDT,2026-01-06T13:40:16.357233,2298.56,50,2,MEDIUM,2026-03-04T17:24:43.592970
WASH_TRADE,T0105,ETHUSDT,2026-01-06T14:00:42.655233,2299.78,50,2,MEDIUM,2026-03-04T17:24:43.593737
WASH_TRADE,T0105,ETHUSDT,2026-01-06T14:09:52.767233,2298.92,52,2,HIGH,2026-03-04T17:24:43.593913
WASH_TRADE,T0105,SOLUSDT,2026-01-06T13:21:52.705233,95.7,56,2,HIGH,2026-03-04T17:24:43.598875
WASH_TRADE,T0105,SOLUSDT,2026-01-06T13:37:56.261233,93.68,22,2,MEDIUM,2026-03-04T17:24:43.599293
WASH_TRADE,T0105,SOLUSDT,2026-01-06T13:45:40.641233,95.31,52,2,HIGH,2026-03-04T17:24:43.599574
WASH_TRADE,T0105,SOLUSDT,2026-01-06T15:01:54.819233,95.12,46,2,MEDIUM,2026-03-04T17:24:43.602174
WASH_TRADE,T0105,SOLUSDT,2026-01-06T15:10:08.989233,91.41,44,2,MEDIUM,2026-03-04T17:24:43.602382
WASH_TRADE,T0106,BTCUSDT,2026-01-06T13:56:36.361233,42002.42,56,2,HIGH,2026-03-04T17:24:43.606884
WASH_TRADE,T0106,BTCUSDT,2026-01-06T14:32:49.210233,42001.82,48,2,MEDIUM,2026-03-04T17:24:43.608353
WASH_TRADE,T0106,ETHUSDT,2026-01-06T14:15:53.649233,2300.0,50,2,MEDIUM,2026-03-04T17:24:43.614074
WASH_TRADE,T0106,ETHUSDT,2026-01-06T15:57:53.243233,2299.17,32,2,MEDIUM,2026-03-04T17:24:43.617172
WASH_TRADE,T0106,SOLUSDT,2026-01-06T13:35:37.065233,91.73,32,2,MEDIUM,2026-03-04T17:24:43.618447
WASH_TRADE,T0106,SOLUSDT,2026-01-06T14:29:33.925233,96.6,22,2,MEDIUM,2026-03-04T17:24:43.620459
WASH_TRADE,T0106,SOLUSDT,2026-01-06T16:01:01.856233,93.14,50,2,MEDIUM,2026-03-04T17:24:43.623533
WASH_TRADE,T0107,BTCUSDT,2026-01-06T14:01:00.938233,42002.09,50,2,MEDIUM,2026-03-04T17:24:43.626388
WASH_TRADE,T0107,BTCUSDT,2026-01-06T14:02:19.710233,42000.15,38,2,MEDIUM,2026-03-04T17:24:43.626516
WASH_TRADE,T0107,BTCUSDT,2026-01-06T15:02:40.001233,41997.63,54,2,HIGH,2026-03-04T17:24:43.628742
WASH_TRADE,T0107,ETHUSDT,2026-01-06T13:18:07.685233,2297.75,54,2,HIGH,2026-03-04T17:24:43.631255
WASH_TRADE,T0107,ETHUSDT,2026-01-06T14:12:10.292233,2299.96,20,2,MEDIUM,2026-03-04T17:24:43.633385
WASH_TRADE,T0107,ETHUSDT,2026-01-06T15:04:40.621233,2297.05,36,2,MEDIUM,2026-03-04T17:24:43.635527
WASH_TRADE,T0107,ETHUSDT,2026-01-06T16:05:58.932233,2299.1,44,2,MEDIUM,2026-03-04T17:24:43.637435
WASH_TRADE,T0107,SOLUSDT,2026-01-06T14:10:03.662233,94.14,56,2,HIGH,2026-03-04T17:24:43.640547
WASH_TRADE,T0108,BTCUSDT,2026-01-06T14:02:53.725233,42000.07,24,2,MEDIUM,2026-03-04T17:24:43.645879
WASH_TRADE,T0108,BTCUSDT,2026-01-06T15:32:49.843233,41998.79,60,2,HIGH,2026-03-04T17:24:43.648954
WASH_TRADE,T0108,ETHUSDT,2026-01-06T13:39:58.473233,2300.22,54,2,HIGH,2026-03-04T17:24:43.651499
WASH_TRADE,T0108,ETHUSDT,2026-01-06T13:48:32.509233,2298.01,36,2,MEDIUM,2026-03-04T17:24:43.651825
WASH_TRADE,T0108,ETHUSDT,2026-01-06T14:06:58.725233,2304.53,52,2,HIGH,2026-03-04T17:24:43.652457
WASH_TRADE,T0108,ETHUSDT,2026-01-06T15:43:01.620233,2298.53,20,2,MEDIUM,2026-03-04T17:24:43.656503
WASH_TRADE,T0108,SOLUSDT,2026-01-06T13:46:24.539233,95.82,60,2,HIGH,2026-03-04T17:24:43.659351
WASH_TRADE,T0108,SOLUSDT,2026-01-06T14:47:48.796233,94.31,56,2,HIGH,2026-03-04T17:24:43.661759
WASH_TRADE,T0109,BTCUSDT,2026-01-06T15:44:15.619233,42000.96,44,2,MEDIUM,2026-03-04T17:24:43.669849
WASH_TRADE,T0109,ETHUSDT,2026-01-06T14:21:36.041233,2303.88,36,2,MEDIUM,2026-03-04T17:24:43.672868
WASH_TRADE,T0109,ETHUSDT,2026-01-06T14:38:57.536233,2298.39,28,2,MEDIUM,2026-03-04T17:24:43.673288
WASH_TRADE,T0109,ETHUSDT,2026-01-06T14:50:04.472233,2301.25,40,2,MEDIUM,2026-03-04T17:24:43.674047
WASH_TRADE,T0109,ETHUSDT,2026-01-06T15:45:05.385233,2298.87,34,2,MEDIUM,2026-03-04T17:24:43.676065
WASH_TRADE,T0109,SOLUSDT,2026-01-06T14:04:40.678233,90.97,20,2,MEDIUM,2026-03-04T17:24:43.679261
WASH_TRADE,T0110,BTCUSDT,2026-01-06T13:43:28.562233,42003.1,30,2,MEDIUM,2026-03-04T17:24:43.684964
WASH_TRADE,T0110,BTCUSDT,2026-01-06T14:04:06.622233,42000.16,26,2,MEDIUM,2026-03-04T17:24:43.685947
WASH_TRADE,T0110,BTCUSDT,2026-01-06T14:24:52.690233,42000.24,58,2,HIGH,2026-03-04T17:24:43.686540
WASH_TRADE,T0110,BTCUSDT,2026-01-06T15:55:04.510233,42002.51,40,2,MEDIUM,2026-03-04T17:24:43.690248
WASH_TRADE,T0110,ETHUSDT,2026-01-06T13:31:48.836233,2300.85,32,2,MEDIUM,2026-03-04T17:24:43.691501
WASH_TRADE,T0110,ETHUSDT,2026-01-06T14:12:30.851233,2296.87,24,2,MEDIUM,2026-03-04T17:24:43.692703
WASH_TRADE,T0110,ETHUSDT,2026-01-06T15:09:25.177233,2299.45,40,2,MEDIUM,2026-03-04T17:24:43.695141
WASH_TRADE,T0110,ETHUSDT,2026-01-06T15:12:04.168233,2299.16,46,2,MEDIUM,2026-03-04T17:24:43.695481
WASH_TRADE,T0110,ETHUSDT,2026-01-06T15:37:55.885233,2303.94,48,2,MEDIUM,2026-03-04T17:24:43.696614
WASH_TRADE,T0110,ETHUSDT,2026-01-06T15:50:04.521233,2301.75,22,2,MEDIUM,2026-03-04T17:24:43.697023
WASH_TRADE,T0110,SOLUSDT,2026-01-06T14:01:44.369233,91.92,24,2,MEDIUM,2026-03-04T17:24:43.699745
WASH_TRADE,T0110,SOLUSDT,2026-01-06T14:30:05.087233,95.69,28,2,MEDIUM,2026-03-04T17:24:43.701069
WASH_TRADE,T0110,SOLUSDT,2026-01-06T14:36:12.351233,97.08,30,2,MEDIUM,2026-03-04T17:24:43.701237
WASH_TRADE,T0110,SOLUSDT,2026-01-06T14:48:54.257233,97.65,40,2,MEDIUM,2026-03-04T17:24:43.701752
WASH_TRADE,T0110,SOLUSDT,2026-01-06T15:25:55.450233,92.77,44,2,MEDIUM,2026-03-04T17:24:43.703593
WASH_TRADE,T0110,SOLUSDT,2026-01-06T15:29:57.365233,93.34,32,2,MEDIUM,2026-03-04T17:24:43.703738
WASH_TRADE,T0111,BTCUSDT,2026-01-06T14:42:32.776233,41995.25,24,2,MEDIUM,2026-03-04T17:24:43.709337
WASH_TRADE,T0111,BTCUSDT,2026-01-06T16:04:55.227233,42000.14,40,2,MEDIUM,2026-03-04T17:24:43.712823
WASH_TRADE,T0111,ETHUSDT,2026-01-06T14:06:51.289233,2301.26,38,2,MEDIUM,2026-03-04T17:24:43.715907
WASH_TRADE,T0111,ETHUSDT,2026-01-06T15:54:24.904233,2302.8,34,2,MEDIUM,2026-03-04T17:24:43.719436
WASH_TRADE,T0111,SOLUSDT,2026-01-06T13:32:57.949233,96.42,50,2,MEDIUM,2026-03-04T17:24:43.721109
WASH_TRADE,T0111,SOLUSDT,2026-01-06T13:44:04.854233,93.7,60,2,HIGH,2026-03-04T17:24:43.721866
WASH_TRADE,T0111,SOLUSDT,2026-01-06T14:36:33.400233,94.61,38,2,MEDIUM,2026-03-04T17:24:43.723901
WASH_TRADE,T0112,BTCUSDT,2026-01-06T13:45:16.013233,41997.4,52,2,HIGH,2026-03-04T17:24:43.729147
WASH_TRADE,T0112,BTCUSDT,2026-01-06T14:04:04.428233,41997.54,34,2,MEDIUM,2026-03-04T17:24:43.729786
WASH_TRADE,T0112,BTCUSDT,2026-01-06T14:39:36.665233,42002.4,26,2,MEDIUM,2026-03-04T17:24:43.731582
WASH_TRADE,T0112,BTCUSDT,2026-01-06T14:50:18.959233,41996.93,54,2,HIGH,2026-03-04T17:24:43.732119
WASH_TRADE,T0112,ETHUSDT,2026-01-06T13:21:03.216233,2299.71,22,2,MEDIUM,2026-03-04T17:24:43.735376
WASH_TRADE,T0112,ETHUSDT,2026-01-06T15:38:42.945233,2301.63,38,2,MEDIUM,2026-03-04T17:24:43.739860
WASH_TRADE,T0112,SOLUSDT,2026-01-06T14:05:05.946233,93.43,56,2,HIGH,2026-03-04T17:24:43.742892
WASH_TRADE,T0113,BTCUSDT,2026-01-06T14:01:57.654233,41999.63,24,2,MEDIUM,2026-03-04T17:24:43.748929
WASH_TRADE,T0113,BTCUSDT,2026-01-06T14:07:50.410233,41998.59,40,2,MEDIUM,2026-03-04T17:24:43.749128
WASH_TRADE,T0113,BTCUSDT,2026-01-06T14:23:45.512233,41998.48,20,2,MEDIUM,2026-03-04T17:24:43.749982
WASH_TRADE,T0113,ETHUSDT,2026-01-06T13:55:12.739233,2301.15,22,2,MEDIUM,2026-03-04T17:24:43.755464
WASH_TRADE,T0113,SOLUSDT,2026-01-06T14:12:33.071233,93.23,48,2,MEDIUM,2026-03-04T17:24:43.762917
WASH_TRADE,T0114,BTCUSDT,2026-01-06T13:49:17.403233,42000.04,48,2,MEDIUM,2026-03-04T17:24:43.768812
WASH_TRADE,T0114,BTCUSDT,2026-01-06T14:22:04.906233,41996.78,42,2,MEDIUM,2026-03-04T17:24:43.770679
WASH_TRADE,T0114,BTCUSDT,2026-01-06T14:51:13.427233,42001.38,48,2,MEDIUM,2026-03-04T17:24:43.771576
WASH_TRADE,T0114,ETHUSDT,2026-01-06T13:42:20.448233,2298.27,54,2,HIGH,2026-03-04T17:24:43.775861
WASH_TRADE,T0114,ETHUSDT,2026-01-06T14:07:48.983233,2300.06,28,2,MEDIUM,2026-03-04T17:24:43.776700
WASH_TRADE,T0114,ETHUSDT,2026-01-06T14:25:45.390233,2302.65,20,2,MEDIUM,2026-03-04T17:24:43.777359
WASH_TRADE,T0114,ETHUSDT,2026-01-06T14:27:24.755233,2298.12,24,2,MEDIUM,2026-03-04T17:24:43.777488
WASH_TRADE,T0114,ETHUSDT,2026-01-06T14:49:30.064233,2300.43,44,2,MEDIUM,2026-03-04T17:24:43.778471
WASH_TRADE,T0114,ETHUSDT,2026-01-06T14:57:58.462233,2298.63,50,2,MEDIUM,2026-03-04T17:24:43.778732
WASH_TRADE,T0114,SOLUSDT,2026-01-06T13:18:03.285233,97.63,60,2,HIGH,2026-03-04T17:24:43.782103
WASH_TRADE,T0114,SOLUSDT,2026-01-06T13:25:14.995233,96.88,48,2,MEDIUM,2026-03-04T17:24:43.782386
WASH_TRADE,T0114,SOLUSDT,2026-01-06T13:52:52.042233,91.98,34,2,MEDIUM,2026-03-04T17:24:43.783662
WASH_TRADE,T0114,SOLUSDT,2026-01-06T14:01:15.134233,97.08,30,2,MEDIUM,2026-03-04T17:24:43.783865
WASH_TRADE,T0115,BTCUSDT,2026-01-06T13:36:30.561233,42002.35,30,2,MEDIUM,2026-03-04T17:24:43.789639
WASH_TRADE,T0115,BTCUSDT,2026-01-06T14:17:09.312233,42001.71,36,2,MEDIUM,2026-03-04T17:24:43.790934
WASH_TRADE,T0115,BTCUSDT,2026-01-06T14:25:29.324233,42000.15,24,2,MEDIUM,2026-03-04T17:24:43.791339
WASH_TRADE,T0115,BTCUSDT,2026-01-06T15:41:50.076233,41996.34,58,2,HIGH,2026-03-04T17:24:43.795227
WASH_TRADE,T0115,ETHUSDT,2026-01-06T13:31:56.686233,2299.63,20,2,MEDIUM,2026-03-04T17:24:43.798203
WASH_TRADE,T0115,ETHUSDT,2026-01-06T15:52:58.370233,2300.12,46,2,MEDIUM,2026-03-04T17:24:43.804661
WASH_TRADE,T0115,ETHUSDT,2026-01-06T16:09:40.820233,2301.22,52,2,HIGH,2026-03-04T17:24:43.805244
WASH_TRADE,T0115,ETHUSDT,2026-01-06T16:14:39.251233,2305.4,24,2,MEDIUM,2026-03-04T17:24:43.805441
WASH_TRADE,T0115,SOLUSDT,2026-01-06T13:29:44.938233,94.71,50,2,MEDIUM,2026-03-04T17:24:43.806108
WASH_TRADE,T0115,SOLUSDT,2026-01-06T13:33:18.813233,97.81,46,2,MEDIUM,2026-03-04T17:24:43.806356
WASH_TRADE,T0115,SOLUSDT,2026-01-06T14:08:25.240233,98.05,60,2,HIGH,2026-03-04T17:24:43.807394
WASH_TRADE,T0115,SOLUSDT,2026-01-06T15:51:35.142233,97.74,56,2,HIGH,2026-03-04T17:24:43.811215
WASH_TRADE,T0116,BTCUSDT,2026-01-06T14:02:48.455233,41999.74,38,2,MEDIUM,2026-03-04T17:24:43.813976
WASH_TRADE,T0116,BTCUSDT,2026-01-06T14:04:14.349233,42001.79,30,2,MEDIUM,2026-03-04T17:24:43.814057
WASH_TRADE,T0116,ETHUSDT,2026-01-06T13:31:30.368233,2299.29,22,2,MEDIUM,2026-03-04T17:24:43.819444
WASH_TRADE,T0116,ETHUSDT,2026-01-06T14:56:19.100233,2300.52,48,2,MEDIUM,2026-03-04T17:24:43.822392
WASH_TRADE,T0116,SOLUSDT,2026-01-06T13:42:29.865233,93.37,34,2,MEDIUM,2026-03-04T17:24:43.826275
WASH_TRADE,T0116,SOLUSDT,2026-01-06T14:07:08.506233,95.03,56,2,HIGH,2026-03-04T17:24:43.827311
WASH_TRADE,T0116,SOLUSDT,2026-01-06T14:11:34.358233,92.92,56,2,HIGH,2026-03-04T17:24:43.827390
WASH_TRADE,T0116,SOLUSDT,2026-01-06T14:59:54.178233,93.02,52,2,HIGH,2026-03-04T17:24:43.829139
WASH_TRADE,T0116,SOLUSDT,2026-01-06T15:16:06.013233,93.9,28,2,MEDIUM,2026-03-04T17:24:43.829576
WASH_TRADE,T0116,SOLUSDT,2026-01-06T15:52:37.766233,94.65,60,2,HIGH,2026-03-04T17:24:43.830969
WASH_TRADE,T0117,BTCUSDT,2026-01-06T15:11:06.378233,41999.03,44,2,MEDIUM,2026-03-04T17:24:43.836790
WASH_TRADE,T0117,BTCUSDT,2026-01-06T16:04:05.978233,41997.76,24,2,MEDIUM,2026-03-04T17:24:43.838665
WASH_TRADE,T0117,ETHUSDT,2026-01-06T14:13:04.342233,2302.04,36,2,MEDIUM,2026-03-04T17:24:43.841625
WASH_TRADE,T0117,ETHUSDT,2026-01-06T15:26:24.894233,2306.35,24,2,MEDIUM,2026-03-04T17:24:43.844070
WASH_TRADE,T0117,ETHUSDT,2026-01-06T15:27:16.890233,2296.67,42,2,MEDIUM,2026-03-04T17:24:43.844118
WASH_TRADE,T0117,SOLUSDT,2026-01-06T13:42:45.284233,95.53,40,2,MEDIUM,2026-03-04T17:24:43.847123
WASH_TRADE,T0117,SOLUSDT,2026-01-06T14:30:30.971233,97.27,54,2,HIGH,2026-03-04T17:24:43.848880
WASH_TRADE,T0117,SOLUSDT,2026-01-06T14:36:39.857233,93.46,52,2,HIGH,2026-03-04T17:24:43.849151
WASH_TRADE,T0117,SOLUSDT,2026-01-06T14:42:51.116233,95.38,40,2,MEDIUM,2026-03-04T17:24:43.849500
WASH_TRADE,T0117,SOLUSDT,2026-01-06T15:20:41.621233,95.14,36,2,MEDIUM,2026-03-04T17:24:43.850995
WASH_TRADE,T0118,BTCUSDT,2026-01-06T15:09:21.782233,42001.88,20,2,MEDIUM,2026-03-04T17:24:43.856795
WASH_TRADE,T0118,ETHUSDT,2026-01-06T14:37:34.898233,2304.5,54,2,HIGH,2026-03-04T17:24:43.862334
WASH_TRADE,T0118,ETHUSDT,2026-01-06T14:43:44.942233,2302.74,36,2,MEDIUM,2026-03-04T17:24:43.862605
WASH_TRADE,T0118,ETHUSDT,2026-01-06T15:21:09.118233,2301.35,22,2,MEDIUM,2026-03-04T17:24:43.864187
WASH_TRADE,T0118,ETHUSDT,2026-01-06T15:42:39.806233,2297.79,42,2,MEDIUM,2026-03-04T17:24:43.865411
WASH_TRADE,T0118,SOLUSDT,2026-01-06T13:24:13.891233,92.23,20,2,MEDIUM,2026-03-04T17:24:43.884376
WASH_TRADE,T0118,SOLUSDT,2026-01-06T13:46:27.011233,96.98,34,2,MEDIUM,2026-03-04T17:24:43.885317
WASH_TRADE,T0118,SOLUSDT,2026-01-06T15:03:03.517233,94.21,50,2,MEDIUM,2026-03-04T17:24:43.888009
WASH_TRADE,T0118,SOLUSDT,2026-01-06T15:42:26.225233,97.94,20,2,MEDIUM,2026-03-04T17:24:43.889685
WASH_TRADE,T0118,SOLUSDT,2026-01-06T16:06:36.537233,97.78,34,2,MEDIUM,2026-03-04T17:24:43.890327
WASH_TRADE,T0119,BTCUSDT,2026-01-06T14:30:28.216233,42000.56,46,2,MEDIUM,2026-03-04T17:24:43.893951
WASH_TRADE,T0119,ETHUSDT,2026-01-06T13:21:04.814233,2299.3,28,2,MEDIUM,2026-03-04T17:24:43.897291
WASH_TRADE,T0119,ETHUSDT,2026-01-06T14:52:34.719233,2296.77,22,2,MEDIUM,2026-03-04T17:24:43.900653
WASH_TRADE,T0119,ETHUSDT,2026-01-06T15:38:59.491233,2299.25,60,2,HIGH,2026-03-04T17:24:43.902491
WASH_TRADE,T0119,SOLUSDT,2026-01-06T13:49:53.837233,93.49,22,2,MEDIUM,2026-03-04T17:24:43.904686
WASH_TRADE,T0120,BTCUSDT,2026-01-06T13:55:04.751233,42001.17,48,2,MEDIUM,2026-03-04T17:24:43.910993
WASH_TRADE,T0120,BTCUSDT,2026-01-06T14:37:37.942233,42002.79,54,2,HIGH,2026-03-04T17:24:43.912090
WASH_TRADE,T0120,ETHUSDT,2026-01-06T13:47:00.689233,2300.24,56,2,HIGH,2026-03-04T17:24:43.916698
WASH_TRADE,T0120,ETHUSDT,2026-01-06T14:16:15.869233,2302.53,24,2,MEDIUM,2026-03-04T17:24:43.917738
WASH_TRADE,T0120,SOLUSDT,2026-01-06T14:20:39.895233,92.48,50,2,MEDIUM,2026-03-04T17:24:43.924509
WASH_TRADE,T0120,SOLUSDT,2026-01-06T14:33:14.536233,94.74,52,2,HIGH,2026-03-04T17:24:43.925060
WASH_TRADE,T0121,BTCUSDT,2026-01-06T13:42:31.605233,42000.09,50,2,MEDIUM,2026-03-04T17:24:43.930427
WASH_TRADE,T0121,BTCUSDT,2026-01-06T13:57:40.069233,41999.78,22,2,MEDIUM,2026-03-04T17:24:43.931117
WASH_TRADE,T0121,BTCUSDT,2026-01-06T14:42:12.825233,42000.75,38,2,MEDIUM,2026-03-04T17:24:43.932449
WASH_TRADE,T0121,BTCUSDT,2026-01-06T14:42:37.884233,42000.83,44,2,MEDIUM,2026-03-04T17:24:43.932522
WASH_TRADE,T0121,BTCUSDT,2026-01-06T14:54:26.081233,41998.61,22,2,MEDIUM,2026-03-04T17:24:43.932872
WASH_TRADE,T0121,BTCUSDT,2026-01-06T15:03:59.024233,41997.34,46,2,MEDIUM,2026-03-04T17:24:43.933446
WASH_TRADE,T0121,BTCUSDT,2026-01-06T15:19:18.389233,42000.93,38,2,MEDIUM,2026-03-04T17:24:43.933903
WASH_TRADE,T0121,BTCUSDT,2026-01-06T15:59:15.254233,41999.23,30,2,MEDIUM,2026-03-04T17:24:43.935137
WASH_TRADE,T0121,BTCUSDT,2026-01-06T16:05:07.192233,42001.15,38,2,MEDIUM,2026-03-04T17:24:43.935287
WASH_TRADE,T0121,ETHUSDT,2026-01-06T14:34:09.294233,2301.39,60,2,HIGH,2026-03-04T17:24:43.938144
WASH_TRADE,T0121,ETHUSDT,2026-01-06T15:48:16.275233,2298.7,36,2,MEDIUM,2026-03-04T17:24:43.941253
WASH_TRADE,T0121,ETHUSDT,2026-01-06T15:57:00.356233,2299.19,24,2,MEDIUM,2026-03-04T17:24:43.941523
WASH_TRADE,T0121,SOLUSDT,2026-01-06T13:22:44.452233,94.59,56,2,HIGH,2026-03-04T17:24:43.942345
WASH_TRADE,T0121,SOLUSDT,2026-01-06T14:36:53.939233,94.46,48,2,MEDIUM,2026-03-04T17:24:43.945275
WASH_TRADE,T0121,SOLUSDT,2026-01-06T14:53:22.775233,96.73,42,2,MEDIUM,2026-03-04T17:24:43.946187
WASH_TRADE,T0122,BTCUSDT,2026-01-06T13:39:55.571233,42004.19,46,2,MEDIUM,2026-03-04T17:24:43.949891
WASH_TRADE,T0122,ETHUSDT,2026-01-06T14:06:03.694233,2302.97,56,2,HIGH,2026-03-04T17:24:43.957663
WASH_TRADE,T0122,ETHUSDT,2026-01-06T14:42:12.957233,2305.69,50,2,MEDIUM,2026-03-04T17:24:43.959358
WASH_TRADE,T0122,ETHUSDT,2026-01-06T15:10:26.932233,2299.91,44,2,MEDIUM,2026-03-04T17:24:43.960368
WASH_TRADE,T0122,SOLUSDT,2026-01-06T13:51:37.321233,92.8,22,2,MEDIUM,2026-03-04T17:24:43.964477
WASH_TRADE,T0122,SOLUSDT,2026-01-06T14:00:35.749233,92.33,44,2,MEDIUM,2026-03-04T17:24:43.965043
WASH_TRADE,T0123,BTCUSDT,2026-01-06T14:52:19.486233,42002.28,26,2,MEDIUM,2026-03-04T17:24:43.973061
WASH_TRADE,T0123,BTCUSDT,2026-01-06T15:14:42.041233,42001.19,44,2,MEDIUM,2026-03-04T17:24:43.973815
WASH_TRADE,T0123,ETHUSDT,2026-01-06T13:42:52.680233,2299.47,56,2,HIGH,2026-03-04T17:24:43.978219
WASH_TRADE,T0123,ETHUSDT,2026-01-06T14:32:04.254233,2300.15,60,2,HIGH,2026-03-04T17:24:43.980028
WASH_TRADE,T0123,ETHUSDT,2026-01-06T15:01:38.626233,2300.44,20,2,MEDIUM,2026-03-04T17:24:43.981391
WASH_TRADE,T0123,ETHUSDT,2026-01-06T15:01:44.258233,2302.14,50,2,MEDIUM,2026-03-04T17:24:43.981443
WASH_TRADE,T0123,ETHUSDT,2026-01-06T15:34:54.553233,2302.05,22,2,MEDIUM,2026-03-04T17:24:43.983181
WASH_TRADE,T0123,ETHUSDT,2026-01-06T15:48:01.527233,2296.6,38,2,MEDIUM,2026-03-04T17:24:43.983880
WASH_TRADE,T0123,SOLUSDT,2026-01-06T13:41:33.410233,95.29,44,2,MEDIUM,2026-03-04T17:24:43.986121
WASH_TRADE,T0123,SOLUSDT,2026-01-06T15:45:19.519233,92.43,36,2,MEDIUM,2026-03-04T17:24:43.991553
WASH_TRADE,T0123,SOLUSDT,2026-01-06T16:08:31.198233,92.75,44,2,MEDIUM,2026-03-04T17:24:43.992693
WASH_TRADE,T0124,BTCUSDT,2026-01-06T13:35:17.978233,42001.4,60,2,HIGH,2026-03-04T17:24:43.993392
WASH_TRADE,T0124,BTCUSDT,2026-01-06T16:06:47.685233,41995.77,52,2,HIGH,2026-03-04T17:24:43.998897
WASH_TRADE,T0124,ETHUSDT,2026-01-06T13:30:13.764233,2299.71,30,2,MEDIUM,2026-03-04T17:24:44.000063
WASH_TRADE,T0124,ETHUSDT,2026-01-06T14:02:54.163233,2300.7,48,2,MEDIUM,2026-03-04T17:24:44.000987
WASH_TRADE,T0124,ETHUSDT,2026-01-06T14:25:07.568233,2298.61,54,2,HIGH,2026-03-04T17:24:44.001970
WASH_TRADE,T0124,ETHUSDT,2026-01-06T15:27:03.305233,2297.83,40,2,MEDIUM,2026-03-04T17:24:44.004631
WASH_TRADE,T0124,ETHUSDT,2026-01-06T16:04:36.636233,2302.03,32,2,MEDIUM,2026-03-04T17:24:44.005843
WASH_TRADE,T0124,SOLUSDT,2026-01-06T13:20:02.846233,95.45,50,2,MEDIUM,2026-03-04T17:24:44.006445
WASH_TRADE,T0124,SOLUSDT,2026-01-06T13:26:31.466233,94.97,52,2,HIGH,2026-03-04T17:24:44.006668
WASH_TRADE,T0124,SOLUSDT,2026-01-06T13:32:48.331233,94.19,54,2,HIGH,2026-03-04T17:24:44.006855
WASH_TRADE,T0124,SOLUSDT,2026-01-06T14:21:59.605233,97.23,32,2,MEDIUM,2026-03-04T17:24:44.009321
WASH_TRADE,T0124,SOLUSDT,2026-01-06T14:59:56.833233,96.39,38,2,MEDIUM,2026-03-04T17:24:44.010837
WASH_TRADE,T0124,SOLUSDT,2026-01-06T15:58:59.835233,91.31,60,2,HIGH,2026-03-04T17:24:44.012449
WASH_TRADE,T0124,SOLUSDT,2026-01-06T16:00:04.982233,96.99,48,2,MEDIUM,2026-03-04T17:24:44.012498
WASH_TRADE,T0125,BTCUSDT,2026-01-06T13:18:39.917233,42004.04,28,2,MEDIUM,2026-03-04T17:24:44.013105
WASH_TRADE,T0125,BTCUSDT,2026-01-06T13:26:54.480233,41998.21,54,2,HIGH,2026-03-04T17:24:44.013426
WASH_TRADE,T0125,BTCUSDT,2026-01-06T14:07:43.821233,42000.45,54,2,HIGH,2026-03-04T17:24:44.014816
WASH_TRADE,T0125,BTCUSDT,2026-01-06T14:49:59.429233,41999.15,40,2,MEDIUM,2026-03-04T17:24:44.016658
WASH_TRADE,T0125,ETHUSDT,2026-01-06T14:30:14.829233,2297.8,52,2,HIGH,2026-03-04T17:24:44.022877
WASH_TRADE,T0125,ETHUSDT,2026-01-06T15:05:29.647233,2299.47,34,2,MEDIUM,2026-03-04T17:24:44.024379
WASH_TRADE,T0125,ETHUSDT,2026-01-06T15:20:04.252233,2295.65,28,2,MEDIUM,2026-03-04T17:24:44.024756
WASH_TRADE,T0125,ETHUSDT,2026-01-06T15:26:27.526233,2301.05,42,2,MEDIUM,2026-03-04T17:24:44.025015
WASH_TRADE,T0125,ETHUSDT,2026-01-06T15:30:25.636233,2297.05,34,2,MEDIUM,2026-03-04T17:24:44.025179
WASH_TRADE,T0125,ETHUSDT,2026-01-06T15:54:39.255233,2297.05,48,2,MEDIUM,2026-03-04T17:24:44.026129
WASH_TRADE,T0125,SOLUSDT,2026-01-06T13:33:07.663233,94.41,26,2,MEDIUM,2026-03-04T17:24:44.027912
WASH_TRADE,T0126,BTCUSDT,2026-01-06T13:49:59.756233,41999.29,44,2,MEDIUM,2026-03-04T17:24:44.035980
WASH_TRADE,T0126,BTCUSDT,2026-01-06T14:08:46.371233,41995.97,38,2,MEDIUM,2026-03-04T17:24:44.036621
WASH_TRADE,T0126,BTCUSDT,2026-01-06T14:52:36.986233,42001.16,60,2,HIGH,2026-03-04T17:24:44.038641
WASH_TRADE,T0126,ETHUSDT,2026-01-06T15:01:54.410233,2299.72,34,2,MEDIUM,2026-03-04T17:24:44.046708
WASH_TRADE,T0126,SOLUSDT,2026-01-06T13:19:29.694233,95.79,22,2,MEDIUM,2026-03-04T17:24:44.050165
WASH_TRADE,T0126,SOLUSDT,2026-01-06T14:29:07.024233,95.36,22,2,MEDIUM,2026-03-04T17:24:44.052737
WASH_TRADE,T0127,BTCUSDT,2026-01-06T14:55:30.772233,42000.77,24,2,MEDIUM,2026-03-04T17:24:44.061727
WASH_TRADE,T0127,BTCUSDT,2026-01-06T15:03:55.543233,41997.81,50,2,MEDIUM,2026-03-04T17:24:44.062273
WASH_TRADE,T0127,BTCUSDT,2026-01-06T15:08:42.134233,41999.21,36,2,MEDIUM,2026-03-04T17:24:44.062514
WASH_TRADE,T0127,ETHUSDT,2026-01-06T13:44:56.180233,2303.81,38,2,MEDIUM,2026-03-04T17:24:44.065843
WASH_TRADE,T0127,ETHUSDT,2026-01-06T15:47:44.708233,2301.49,48,2,MEDIUM,2026-03-04T17:24:44.071132
WASH_TRADE,T0127,ETHUSDT,2026-01-06T15:48:33.080233,2301.17,48,2,MEDIUM,2026-03-04T17:24:44.071261
WASH_TRADE,T0127,SOLUSDT,2026-01-06T15:15:08.417233,93.85,44,2,MEDIUM,2026-03-04T17:24:44.076077
WASH_TRADE,T0127,SOLUSDT,2026-01-06T15:53:22.471233,97.57,44,2,MEDIUM,2026-03-04T17:24:44.077434
WASH_TRADE,T0127,SOLUSDT,2026-01-06T16:03:36.643233,90.52,58,2,HIGH,2026-03-04T17:24:44.077782
WASH_TRADE,T0128,BTCUSDT,2026-01-06T13:50:33.511233,41997.96,40,2,MEDIUM,2026-03-04T17:24:44.080255
WASH_TRADE,T0128,BTCUSDT,2026-01-06T14:30:13.149233,42006.78,44,2,MEDIUM,2026-03-04T17:24:44.082199
WASH_TRADE,T0128,BTCUSDT,2026-01-06T14:49:23.610233,42001.46,58,2,HIGH,2026-03-04T17:24:44.083034
WASH_TRADE,T0128,ETHUSDT,2026-01-06T13:46:02.409233,2296.83,50,2,MEDIUM,2026-03-04T17:24:44.089127
WASH_TRADE,T0128,ETHUSDT,2026-01-06T14:49:17.636233,2296.65,28,2,MEDIUM,2026-03-04T17:24:44.091578
WASH_TRADE,T0128,ETHUSDT,2026-01-06T15:00:34.550233,2302.42,60,2,HIGH,2026-03-04T17:24:44.092050
WASH_TRADE,T0128,ETHUSDT,2026-01-06T15:39:09.483233,2300.88,60,2,HIGH,2026-03-04T17:24:44.094311
WASH_TRADE,T0128,ETHUSDT,2026-01-06T15:55:46.764233,2303.17,44,2,MEDIUM,2026-03-04T17:24:44.095079
WASH_TRADE,T0128,SOLUSDT,2026-01-06T13:55:04.580233,95.57,44,2,MEDIUM,2026-03-04T17:24:44.098112
WASH_TRADE,T0128,SOLUSDT,2026-01-06T14:14:42.059233,95.79,58,2,HIGH,2026-03-04T17:24:44.098877
WASH_TRADE,T0128,SOLUSDT,2026-01-06T15:03:00.046233,96.97,50,2,MEDIUM,2026-03-04T17:24:44.100861
WASH_TRADE,T0128,SOLUSDT,2026-01-06T15:03:58.419233,92.52,58,2,HIGH,2026-03-04T17:24:44.100939
WASH_TRADE,T0128,SOLUSDT,2026-01-06T15:33:55.413233,95.48,44,2,MEDIUM,2026-03-04T17:24:44.102423
WASH_TRADE,T0128,SOLUSDT,2026-01-06T16:05:07.596233,94.46,34,2,MEDIUM,2026-03-04T17:24:44.103391
WASH_TRADE,T0128,SOLUSDT,2026-01-06T16:15:32.327233,94.71,54,2,HIGH,2026-03-04T17:24:44.103676
WASH_TRADE,T0129,ETHUSDT,2026-01-06T15:38:00.670233,2296.63,36,2,MEDIUM,2026-03-04T17:24:44.115424
WASH_TRADE,T0130,BTCUSDT,2026-01-06T14:33:42.742233,42002.59,40,2,MEDIUM,2026-03-04T17:24:44.126032
WASH_TRADE,T0130,BTCUSDT,2026-01-06T15:25:55.975233,41998.43,40,2,MEDIUM,2026-03-04T17:24:44.127710
WASH_TRADE,T0130,BTCUSDT,2026-01-06T15:40:41.948233,41997.83,34,2,MEDIUM,2026-03-04T17:24:44.128664
WASH_TRADE,T0130,ETHUSDT,2026-01-06T15:10:39.207233,2300.56,42,2,MEDIUM,2026-03-04T17:24:44.133907
WASH_TRADE,T0130,SOLUSDT,2026-01-06T15:59:30.157233,98.57,36,2,MEDIUM,2026-03-04T17:24:44.141771
WASH_TRADE,T0131,BTCUSDT,2026-01-06T14:28:29.042233,41999.22,28,2,MEDIUM,2026-03-04T17:24:44.144334
WASH_TRADE,T0131,BTCUSDT,2026-01-06T15:24:57.683233,42001.07,36,2,MEDIUM,2026-03-04T17:24:44.146371
WASH_TRADE,T0131,BTCUSDT,2026-01-06T15:57:30.995233,42000.39,56,2,HIGH,2026-03-04T17:24:44.147844
WASH_TRADE,T0131,BTCUSDT,2026-01-06T15:58:48.816233,41999.09,26,2,MEDIUM,2026-03-04T17:24:44.147924
WASH_TRADE,T0131,ETHUSDT,2026-01-06T14:22:31.526233,2299.22,22,2,MEDIUM,2026-03-04T17:24:44.150515
WASH_TRADE,T0131,ETHUSDT,2026-01-06T16:09:39.384233,2299.29,60,2,HIGH,2026-03-04T17:24:44.154219
WASH_TRADE,T0131,SOLUSDT,2026-01-06T13:26:08.816233,95.71,46,2,MEDIUM,2026-03-04T17:24:44.154889
WASH_TRADE,T0131,SOLUSDT,2026-01-06T14:06:58.501233,98.01,44,2,MEDIUM,2026-03-04T17:24:44.156654
WASH_TRADE,T0132,BTCUSDT,2026-01-06T15:05:57.308233,41996.6,50,2,MEDIUM,2026-03-04T17:24:44.166277
WASH_TRADE,T0132,BTCUSDT,2026-01-06T15:26:25.217233,42000.15,44,2,MEDIUM,2026-03-04T17:24:44.166815
WASH_TRADE,T0132,BTCUSDT,2026-01-06T16:10:34.970233,42001.18,32,2,MEDIUM,2026-03-04T17:24:44.167764
WASH_TRADE,T0132,ETHUSDT,2026-01-06T14:19:21.243233,2302.22,30,2,MEDIUM,2026-03-04T17:24:44.170390
WASH_TRADE,T0132,ETHUSDT,2026-01-06T14:26:20.714233,2300.83,50,2,MEDIUM,2026-03-04T17:24:44.170551
WASH_TRADE,T0132,ETHUSDT,2026-01-06T15:18:26.554233,2297.63,30,2,MEDIUM,2026-03-04T17:24:44.172488
WASH_TRADE,T0132,ETHUSDT,2026-01-06T15:20:09.020233,2301.89,54,2,HIGH,2026-03-04T17:24:44.172539
WASH_TRADE,T0132,ETHUSDT,2026-01-06T15:58:30.947233,2300.92,22,2,MEDIUM,2026-03-04T17:24:44.174040
WASH_TRADE,T0132,ETHUSDT,2026-01-06T16:01:21.460233,2296.55,40,2,MEDIUM,2026-03-04T17:24:44.174175
WASH_TRADE,T0132,SOLUSDT,2026-01-06T14:43:40.797233,93.5,44,2,MEDIUM,2026-03-04T17:24:44.178299
WASH_TRADE,T0133,BTCUSDT,2026-01-06T13:41:50.924233,42000.65,52,2,HIGH,2026-03-04T17:24:44.182635
WASH_TRADE,T0133,BTCUSDT,2026-01-06T15:00:08.611233,41995.78,24,2,MEDIUM,2026-03-04T17:24:44.185045
WASH_TRADE,T0133,ETHUSDT,2026-01-06T14:16:15.515233,2298.52,34,2,MEDIUM,2026-03-04T17:24:44.189785
WASH_TRADE,T0134,BTCUSDT,2026-01-06T13:40:44.970233,42001.07,20,2,MEDIUM,2026-03-04T17:24:44.203062
WASH_TRADE,T0134,ETHUSDT,2026-01-06T15:52:37.044233,2297.9,46,2,MEDIUM,2026-03-04T17:24:44.213639
WASH_TRADE,T0134,ETHUSDT,2026-01-06T16:05:23.769233,2300.41,48,2,MEDIUM,2026-03-04T17:24:44.214123
WASH_TRADE,T0134,SOLUSDT,2026-01-06T14:06:52.837233,97.29,24,2,MEDIUM,2026-03-04T17:24:44.216368
WASH_TRADE,T0135,BTCUSDT,2026-01-06T15:08:06.507233,42000.8,30,2,MEDIUM,2026-03-04T17:24:44.224975
WASH_TRADE,T0135,BTCUSDT,2026-01-06T15:26:14.222233,41999.1,58,2,HIGH,2026-03-04T17:24:44.225508
WASH_TRADE,T0135,BTCUSDT,2026-01-06T15:42:30.960233,42001.65,26,2,MEDIUM,2026-03-04T17:24:44.226031
WASH_TRADE,T0135,BTCUSDT,2026-01-06T15:57:05.649233,41997.94,30,2,MEDIUM,2026-03-04T17:24:44.226555
WASH_TRADE,T0135,SOLUSDT,2026-01-06T15:34:53.740233,96.4,38,2,MEDIUM,2026-03-04T17:24:44.239099
WASH_TRADE,T0136,BTCUSDT,2026-01-06T13:59:53.431233,41997.56,40,2,MEDIUM,2026-03-04T17:24:44.241966
WASH_TRADE,T0136,BTCUSDT,2026-01-06T14:25:24.213233,42000.09,32,2,MEDIUM,2026-03-04T17:24:44.243315
WASH_TRADE,T0136,BTCUSDT,2026-01-06T15:00:27.856233,42000.75,40,2,MEDIUM,2026-03-04T17:24:44.244463
WASH_TRADE,T0136,BTCUSDT,2026-01-06T15:44:24.340233,41998.05,34,2,MEDIUM,2026-03-04T17:24:44.245950
WASH_TRADE,T0136,BTCUSDT,2026-01-06T16:10:23.030233,42000.73,30,2,MEDIUM,2026-03-04T17:24:44.247108
WASH_TRADE,T0136,ETHUSDT,2026-01-06T13:33:38.067233,2302.84,26,2,MEDIUM,2026-03-04T17:24:44.247944
WASH_TRADE,T0136,ETHUSDT,2026-01-06T14:45:12.694233,2303.93,60,2,HIGH,2026-03-04T17:24:44.250692
WASH_TRADE,T0136,ETHUSDT,2026-01-06T15:30:17.738233,2296.46,60,2,HIGH,2026-03-04T17:24:44.252519
WASH_TRADE,T0136,ETHUSDT,2026-01-06T15:42:54.528233,2298.72,50,2,MEDIUM,2026-03-04T17:24:44.253135
WASH_TRADE,T0136,ETHUSDT,2026-01-06T15:44:37.410233,2299.84,60,2,HIGH,2026-03-04T17:24:44.253249
WASH_TRADE,T0136,SOLUSDT,2026-01-06T14:06:56.871233,94.07,58,2,HIGH,2026-03-04T17:24:44.256476
WASH_TRADE,T0136,SOLUSDT,2026-01-06T14:17:47.646233,97.81,46,2,MEDIUM,2026-03-04T17:24:44.256876
WASH_TRADE,T0136,SOLUSDT,2026-01-06T15:08:28.657233,92.97,40,2,MEDIUM,2026-03-04T17:24:44.258835
WASH_TRADE,T0137,BTCUSDT,2026-01-06T13:23:02.761233,42000.39,52,2,HIGH,2026-03-04T17:24:44.263178
WASH_TRADE,T0137,BTCUSDT,2026-01-06T15:20:51.188233,41996.79,58,2,HIGH,2026-03-04T17:24:44.269470
WASH_TRADE,T0137,ETHUSDT,2026-01-06T14:17:12.826233,2299.5,42,2,MEDIUM,2026-03-04T17:24:44.273133
WASH_TRADE,T0137,SOLUSDT,2026-01-06T14:20:00.362233,94.17,60,2,HIGH,2026-03-04T17:24:44.279971
WASH_TRADE,T0138,BTCUSDT,2026-01-06T15:39:33.493233,41998.76,22,2,MEDIUM,2026-03-04T17:24:44.289180
WASH_TRADE,T0138,ETHUSDT,2026-01-06T13:59:30.510233,2299.71,36,2,MEDIUM,2026-03-04T17:24:44.292253
WASH_TRADE,T0138,ETHUSDT,2026-01-06T14:23:28.195233,2298.76,44,2,MEDIUM,2026-03-04T17:24:44.292980
WASH_TRADE,T0139,BTCUSDT,2026-01-06T13:52:06.066233,41995.77,44,2,MEDIUM,2026-03-04T17:24:44.304509
WASH_TRADE,T0139,BTCUSDT,2026-01-06T15:16:00.563233,42002.34,50,2,MEDIUM,2026-03-04T17:24:44.309069
WASH_TRADE,T0139,ETHUSDT,2026-01-06T13:36:36.338233,2300.99,36,2,MEDIUM,2026-03-04T17:24:44.311657
WASH_TRADE,T0139,ETHUSDT,2026-01-06T15:13:20.373233,2298.53,60,2,HIGH,2026-03-04T17:24:44.314669
WASH_TRADE,T0139,ETHUSDT,2026-01-06T15:36:06.785233,2299.89,32,2,MEDIUM,2026-03-04T17:24:44.315595
WASH_TRADE,T0139,SOLUSDT,2026-01-06T13:27:00.452233,96.04,30,2,MEDIUM,2026-03-04T17:24:44.317911
WASH_TRADE,T0140,BTCUSDT,2026-01-06T13:37:46.181233,42003.62,20,2,MEDIUM,2026-03-04T17:24:44.325491
WASH_TRADE,T0140,BTCUSDT,2026-01-06T14:43:38.504233,41996.28,38,2,MEDIUM,2026-03-04T17:24:44.327792
WASH_TRADE,T0140,BTCUSDT,2026-01-06T14:54:46.041233,42000.48,54,2,HIGH,2026-03-04T17:24:44.328135
WASH_TRADE,T0140,BTCUSDT,2026-01-06T15:03:03.329233,42002.46,20,2,MEDIUM,2026-03-04T17:24:44.328428
WASH_TRADE,T0140,BTCUSDT,2026-01-06T15:28:59.735233,42001.1,44,2,MEDIUM,2026-03-04T17:24:44.329313
WASH_TRADE,T0140,BTCUSDT,2026-01-06T15:57:55.147233,42001.7,60,2,HIGH,2026-03-04T17:24:44.330388
WASH_TRADE,T0140,BTCUSDT,2026-01-06T16:06:25.156233,42002.56,44,2,MEDIUM,2026-03-04T17:24:44.330838
WASH_TRADE,T0140,ETHUSDT,2026-01-06T13:43:56.064233,2301.84,30,2,MEDIUM,2026-03-04T17:24:44.331856
WASH_TRADE,T0140,SOLUSDT,2026-01-06T14:48:24.502233,97.7,54,2,HIGH,2026-03-04T17:24:44.342488
WASH_TRADE,T0140,SOLUSDT,2026-01-06T15:14:54.815233,93.97,32,2,MEDIUM,2026-03-04T17:24:44.343271
WASH_TRADE,T0140,SOLUSDT,2026-01-06T15:44:33.726233,94.15,34,2,MEDIUM,2026-03-04T17:24:44.344307
WASH_TRADE,T0141,BTCUSDT,2026-01-06T13:42:33.779233,41997.32,32,2,MEDIUM,2026-03-04T17:24:44.345941
WASH_TRADE,T0141,BTCUSDT,2026-01-06T15:24:39.257233,41998.24,30,2,MEDIUM,2026-03-04T17:24:44.349169
WASH_TRADE,T0141,ETHUSDT,2026-01-06T14:15:45.473233,2302.1,46,2,MEDIUM,2026-03-04T17:24:44.352792
WASH_TRADE,T0141,ETHUSDT,2026-01-06T14:18:50.107233,2296.15,32,2,MEDIUM,2026-03-04T17:24:44.353007
WASH_TRADE,T0141,ETHUSDT,2026-01-06T14:49:17.590233,2301.35,54,2,HIGH,2026-03-04T17:24:44.354184
WASH_TRADE,T0141,SOLUSDT,2026-01-06T13:19:46.860233,95.71,58,2,HIGH,2026-03-04T17:24:44.357950
WASH_TRADE,T0141,SOLUSDT,2026-01-06T13:47:00.594233,91.01,32,2,MEDIUM,2026-03-04T17:24:44.358910
WASH_TRADE,T0142,BTCUSDT,2026-01-06T14:14:21.895233,41997.51,56,2,HIGH,2026-03-04T17:24:44.366539
WASH_TRADE,T0142,BTCUSDT,2026-01-06T14:29:00.563233,42000.58,60,2,HIGH,2026-03-04T17:24:44.367117
WASH_TRADE,T0142,BTCUSDT,2026-01-06T15:49:09.269233,42002.51,56,2,HIGH,2026-03-04T17:24:44.370762
WASH_TRADE,T0142,ETHUSDT,2026-01-06T13:58:27.559233,2300.56,54,2,HIGH,2026-03-04T17:24:44.372472
WASH_TRADE,T0142,ETHUSDT,2026-01-06T14:04:27.789233,2298.65,38,2,MEDIUM,2026-03-04T17:24:44.372716
WASH_TRADE,T0142,ETHUSDT,2026-01-06T15:09:17.830233,2301.31,20,2,MEDIUM,2026-03-04T17:24:44.375436
WASH_TRADE,T0142,SOLUSDT,2026-01-06T13:29:01.641233,93.33,20,2,MEDIUM,2026-03-04T17:24:44.378786
WASH_TRADE,T0142,SOLUSDT,2026-01-06T13:51:54.279233,95.46,26,2,MEDIUM,2026-03-04T17:24:44.379354
WASH_TRADE,T0142,SOLUSDT,2026-01-06T14:17:01.471233,94.51,56,2,HIGH,2026-03-04T17:24:44.380042
WASH_TRADE,T0142,SOLUSDT,2026-01-06T14:29:53.976233,95.89,58,2,HIGH,2026-03-04T17:24:44.380409
WASH_TRADE,T0142,SOLUSDT,2026-01-06T15:46:12.645233,94.87,46,2,MEDIUM,2026-03-04T17:24:44.383434
WASH_TRADE,T0143,BTCUSDT,2026-01-06T16:08:47.229233,41999.81,44,2,MEDIUM,2026-03-04T17:24:44.390240
WASH_TRADE,T0143,BTCUSDT,2026-01-06T16:13:01.447233,42002.73,24,2,MEDIUM,2026-03-04T17:24:44.390442
WASH_TRADE,T0143,ETHUSDT,2026-01-06T13:33:49.729233,2298.68,20,2,MEDIUM,2026-03-04T17:24:44.391392
WASH_TRADE,T0143,ETHUSDT,2026-01-06T14:20:20.595233,2299.67,32,2,MEDIUM,2026-03-04T17:24:44.393182
WASH_TRADE,T0143,ETHUSDT,2026-01-06T14:47:28.746233,2301.21,60,2,HIGH,2026-03-04T17:24:44.394453
WASH_TRADE,T0143,ETHUSDT,2026-01-06T15:55:17.174233,2297.24,24,2,MEDIUM,2026-03-04T17:24:44.396841
WASH_TRADE,T0143,SOLUSDT,2026-01-06T14:41:01.470233,100.57,40,2,MEDIUM,2026-03-04T17:24:44.401255
WASH_TRADE,T0143,SOLUSDT,2026-01-06T14:47:08.099233,97.14,24,2,MEDIUM,2026-03-04T17:24:44.401548
WASH_TRADE,T0143,SOLUSDT,2026-01-06T15:51:37.561233,94.73,22,2,MEDIUM,2026-03-04T17:24:44.403685
WASH_TRADE,T0143,SOLUSDT,2026-01-06T16:13:38.274233,95.06,52,2,HIGH,2026-03-04T17:24:44.404622
WASH_TRADE,T0144,BTCUSDT,2026-01-06T13:16:03.469233,42001.97,44,2,MEDIUM,2026-03-04T17:24:44.404743
WASH_TRADE,T0144,BTCUSDT,2026-01-06T13:35:02.568233,42002.97,20,2,MEDIUM,2026-03-04T17:24:44.405363
WASH_TRADE,T0144,ETHUSDT,2026-01-06T14:39:37.674233,2301.42,34,2,MEDIUM,2026-03-04T17:24:44.414220
WASH_TRADE,T0145,BTCUSDT,2026-01-06T14:54:17.499233,42004.07,54,2,HIGH,2026-03-04T17:24:44.427163
WASH_TRADE,T0145,BTCUSDT,2026-01-06T15:20:57.462233,42002.5,24,2,MEDIUM,2026-03-04T17:24:44.428238
WASH_TRADE,T0145,BTCUSDT,2026-01-06T15:30:27.533233,41997.08,50,2,MEDIUM,2026-03-04T17:24:44.428644
WASH_TRADE,T0145,ETHUSDT,2026-01-06T15:55:13.387233,2294.56,56,2,HIGH,2026-03-04T17:24:44.435535
WASH_TRADE,T0145,SOLUSDT,2026-01-06T13:33:23.805233,100.28,36,2,MEDIUM,2026-03-04T17:24:44.436991
WASH_TRADE,T0145,SOLUSDT,2026-01-06T13:57:41.263233,96.79,38,2,MEDIUM,2026-03-04T17:24:44.438282
WASH_TRADE,T0146,BTCUSDT,2026-01-06T14:11:19.863233,42000.35,34,2,MEDIUM,2026-03-04T17:24:44.445628
WASH_TRADE,T0146,ETHUSDT,2026-01-06T13:24:35.397233,2298.51,26,2,MEDIUM,2026-03-04T17:24:44.450223
WASH_TRADE,T0146,ETHUSDT,2026-01-06T13:45:35.926233,2296.91,22,2,MEDIUM,2026-03-04T17:24:44.450825
WASH_TRADE,T0146,ETHUSDT,2026-01-06T14:33:40.385233,2297.18,60,2,HIGH,2026-03-04T17:24:44.452577
WASH_TRADE,T0146,ETHUSDT,2026-01-06T16:10:02.626233,2299.15,42,2,MEDIUM,2026-03-04T17:24:44.455828
WASH_TRADE,T0146,SOLUSDT,2026-01-06T14:00:27.878233,96.82,56,2,HIGH,2026-03-04T17:24:44.457670
WASH_TRADE,T0147,BTCUSDT,2026-01-06T15:09:12.847233,41999.87,46,2,MEDIUM,2026-03-04T17:24:44.465823
WASH_TRADE,T0147,BTCUSDT,2026-01-06T15:35:21.867233,41998.6,60,2,HIGH,2026-03-04T17:24:44.466521
WASH_TRADE,T0147,ETHUSDT,2026-01-06T13:59:32.352233,2301.36,36,2,MEDIUM,2026-03-04T17:24:44.470036
WASH_TRADE,T0147,ETHUSDT,2026-01-06T15:25:28.530233,2303.82,22,2,MEDIUM,2026-03-04T17:24:44.474136
WASH_TRADE,T0147,SOLUSDT,2026-01-06T14:32:07.604233,94.81,32,2,MEDIUM,2026-03-04T17:24:44.478869
WASH_TRADE,T0147,SOLUSDT,2026-01-06T15:43:25.214233,95.75,42,2,MEDIUM,2026-03-04T17:24:44.481683
WASH_TRADE,T0148,ETHUSDT,2026-01-06T13:26:04.917233,2299.61,40,2,MEDIUM,2026-03-04T17:24:44.489974
WASH_TRADE,T0148,ETHUSDT,2026-01-06T14:03:55.691233,2297.45,56,2,HIGH,2026-03-04T17:24:44.491214
WASH_TRADE,T0148,ETHUSDT,2026-01-06T14:36:01.474233,2296.25,20,2,MEDIUM,2026-03-04T17:24:44.492310
WASH_TRADE,T0148,SOLUSDT,2026-01-06T13:21:13.880233,93.79,54,2,HIGH,2026-03-04T17:24:44.496658
WASH_TRADE,T0148,SOLUSDT,2026-01-06T14:15:21.294233,94.84,28,2,MEDIUM,2026-03-04T17:24:44.499046
WASH_TRADE,T0148,SOLUSDT,2026-01-06T14:42:09.523233,94.82,22,2,MEDIUM,2026-03-04T17:24:44.500132
WASH_TRADE,T0148,SOLUSDT,2026-01-06T14:51:28.071233,95.1,54,2,HIGH,2026-03-04T17:24:44.500521
WASH_TRADE,T0148,SOLUSDT,2026-01-06T14:59:50.289233,93.89,28,2,MEDIUM,2026-03-04T17:24:44.500819
WASH_TRADE,T0149,ETHUSDT,2026-01-06T13:53:47.996233,2300.71,38,2,MEDIUM,2026-03-04T17:24:44.511966
WASH_TRADE,T0149,ETHUSDT,2026-01-06T15:28:19.028233,2301.29,56,2,HIGH,2026-03-04T17:24:44.515202
WASH_TRADE,T0149,SOLUSDT,2026-01-06T13:31:43.863233,94.13,38,2,MEDIUM,2026-03-04T17:24:44.517498
WASH_TRADE,T0149,SOLUSDT,2026-01-06T13:53:39.511233,94.42,32,2,MEDIUM,2026-03-04T17:24:44.518532
WASH_TRADE,T0149,SOLUSDT,2026-01-06T14:28:30.140233,94.76,42,2,MEDIUM,2026-03-04T17:24:44.519516
WASH_TRADE,T0150,BTCUSDT,2026-01-06T14:05:47.528233,42002.1,44,2,MEDIUM,2026-03-04T17:24:44.525987
WASH_TRADE,T0150,BTCUSDT,2026-01-06T14:24:26.526233,41998.12,44,2,MEDIUM,2026-03-04T17:24:44.526779
WASH_TRADE,T0150,ETHUSDT,2026-01-06T16:12:38.025233,2299.12,60,2,HIGH,2026-03-04T17:24:44.554701
WASH_TRADE,T0150,SOLUSDT,2026-01-06T13:23:30.726233,94.86,56,2,HIGH,2026-03-04T17:24:44.555267
WASH_TRADE,T0150,SOLUSDT,2026-01-06T14:16:31.048233,96.15,50,2,MEDIUM,2026-03-04T17:24:44.557223
WASH_TRADE,T0151,BTCUSDT,2026-01-06T13:36:22.568233,42001.51,50,2,MEDIUM,2026-03-04T17:24:44.562725
WASH_TRADE,T0151,ETHUSDT,2026-01-06T16:16:09.719233,2298.6,38,2,MEDIUM,2026-03-04T17:24:44.573439
WASH_TRADE,T0152,BTCUSDT,2026-01-06T13:38:59.589233,42000.3,42,2,MEDIUM,2026-03-04T17:24:44.581198
WASH_TRADE,T0152,BTCUSDT,2026-01-06T13:59:54.797233,42000.24,24,2,MEDIUM,2026-03-04T17:24:44.581931
WASH_TRADE,T0152,BTCUSDT,2026-01-06T15:53:42.336233,42002.18,56,2,HIGH,2026-03-04T17:24:44.587092
WASH_TRADE,T0152,BTCUSDT,2026-01-06T16:08:39.453233,42001.84,24,2,MEDIUM,2026-03-04T17:24:44.587615
WASH_TRADE,T0152,ETHUSDT,2026-01-06T13:34:15.264233,2300.67,42,2,MEDIUM,2026-03-04T17:24:44.588833
WASH_TRADE,T0152,ETHUSDT,2026-01-06T14:41:01.266233,2298.77,54,2,HIGH,2026-03-04T17:24:44.592050
WASH_TRADE,T0152,ETHUSDT,2026-01-06T16:14:10.544233,2301.53,30,2,MEDIUM,2026-03-04T17:24:44.595477
WASH_TRADE,T0152,SOLUSDT,2026-01-06T13:22:02.234233,97.12,26,2,MEDIUM,2026-03-04T17:24:44.595833
WASH_TRADE,T0152,SOLUSDT,2026-01-06T13:30:17.959233,92.1,42,2,MEDIUM,2026-03-04T17:24:44.596137
WASH_TRADE,T0152,SOLUSDT,2026-01-06T15:39:06.951233,93.81,26,2,MEDIUM,2026-03-04T17:24:44.600844
WASH_TRADE,T0153,BTCUSDT,2026-01-06T14:09:16.463233,42001.78,20,2,MEDIUM,2026-03-04T17:24:44.605401
WASH_TRADE,T0153,BTCUSDT,2026-01-06T15:05:27.367233,42001.74,52,2,HIGH,2026-03-04T17:24:44.607809
WASH_TRADE,T0153,BTCUSDT,2026-01-06T16:06:32.375233,42000.33,20,2,MEDIUM,2026-03-04T17:24:44.609977
WASH_TRADE,T0153,ETHUSDT,2026-01-06T13:44:57.542233,2297.46,28,2,MEDIUM,2026-03-04T17:24:44.611996
WASH_TRADE,T0153,ETHUSDT,2026-01-06T15:14:53.576233,2300.1,34,2,MEDIUM,2026-03-04T17:24:44.615987
WASH_TRADE,T0153,ETHUSDT,2026-01-06T15:38:22.251233,2297.31,60,2,HIGH,2026-03-04T17:24:44.616873
WASH_TRADE,T0153,ETHUSDT,2026-01-06T15:52:07.855233,2300.81,22,2,MEDIUM,2026-03-04T17:24:44.617607
WASH_TRADE,T0153,ETHUSDT,2026-01-06T16:00:29.418233,2297.99,22,2,MEDIUM,2026-03-04T17:24:44.618064
WASH_TRADE,T0153,SOLUSDT,2026-01-06T15:12:01.172233,94.96,50,2,MEDIUM,2026-03-04T17:24:44.624044
WASH_TRADE,T0154,BTCUSDT,2026-01-06T14:35:31.366233,41999.6,38,2,MEDIUM,2026-03-04T17:24:44.629743
WASH_TRADE,T0154,BTCUSDT,2026-01-06T15:04:22.967233,41999.23,26,2,MEDIUM,2026-03-04T17:24:44.630990
WASH_TRADE,T0154,BTCUSDT,2026-01-06T15:07:07.103233,42000.16,22,2,MEDIUM,2026-03-04T17:24:44.631107
WASH_TRADE,T0154,BTCUSDT,2026-01-06T15:18:21.741233,42001.12,30,2,MEDIUM,2026-03-04T17:24:44.631769
WASH_TRADE,T0154,BTCUSDT,2026-01-06T15:29:50.823233,41998.49,56,2,HIGH,2026-03-04T17:24:44.632397
WASH_TRADE,T0154,SOLUSDT,2026-01-06T13:46:44.583233,98.3,44,2,MEDIUM,2026-03-04T17:24:44.641902
WASH_TRADE,T0154,SOLUSDT,2026-01-06T14:35:27.765233,91.66,42,2,MEDIUM,2026-03-04T17:24:44.643610
WASH_TRADE,T0154,SOLUSDT,2026-01-06T15:03:33.636233,92.52,40,2,MEDIUM,2026-03-04T17:24:44.644466
WASH_TRADE,T0154,SOLUSDT,2026-01-06T16:03:29.382233,93.9,34,2,MEDIUM,2026-03-04T17:24:44.647179
WASH_TRADE,T0154,SOLUSDT,2026-01-06T16:06:13.027233,93.68,42,2,MEDIUM,2026-03-04T17:24:44.647347
WASH_TRADE,T0155,BTCUSDT,2026-01-06T15:29:55.324233,41995.87,42,2,MEDIUM,2026-03-04T17:24:44.652653
WASH_TRADE,T0155,ETHUSDT,2026-01-06T14:01:01.709233,2301.37,42,2,MEDIUM,2026-03-04T17:24:44.656559
WASH_TRADE,T0155,ETHUSDT,2026-01-06T14:10:08.808233,2298.19,54,2,HIGH,2026-03-04T17:24:44.656887
WASH_TRADE,T0155,ETHUSDT,2026-01-06T15:42:10.531233,2296.27,60,2,HIGH,2026-03-04T17:24:44.661045
WASH_TRADE,T0156,BTCUSDT,2026-01-06T14:16:00.128233,41999.89,58,2,HIGH,2026-03-04T17:24:44.672216
WASH_TRADE,T0156,BTCUSDT,2026-01-06T14:24:46.417233,42003.97,20,2,MEDIUM,2026-03-04T17:24:44.672703
WASH_TRADE,T0156,BTCUSDT,2026-01-06T15:55:07.090233,42002.47,60,2,HIGH,2026-03-04T17:24:44.676120
WASH_TRADE,T0156,ETHUSDT,2026-01-06T13:30:51.910233,2300.26,48,2,MEDIUM,2026-03-04T17:24:44.677639
WASH_TRADE,T0156,ETHUSDT,2026-01-06T13:36:21.943233,2300.92,52,2,HIGH,2026-03-04T17:24:44.677822
WASH_TRADE,T0156,ETHUSDT,2026-01-06T14:02:13.601233,2300.02,48,2,MEDIUM,2026-03-04T17:24:44.678545
WASH_TRADE,T0156,ETHUSDT,2026-01-06T14:28:55.427233,2298.54,54,2,HIGH,2026-03-04T17:24:44.679291
WASH_TRADE,T0156,ETHUSDT,2026-01-06T14:35:49.593233,2299.01,54,2,HIGH,2026-03-04T17:24:44.679436
WASH_TRADE,T0156,ETHUSDT,2026-01-06T15:33:58.586233,2300.71,30,2,MEDIUM,2026-03-04T17:24:44.682216
WASH_TRADE,T0156,SOLUSDT,2026-01-06T13:54:17.681233,96.88,54,2,HIGH,2026-03-04T17:24:44.685674
WASH_TRADE,T0156,SOLUSDT,2026-01-06T13:54:20.292233,95.05,58,2,HIGH,2026-03-04T17:24:44.685721
WASH_TRADE,T0156,SOLUSDT,2026-01-06T14:43:39.744233,96.61,46,2,MEDIUM,2026-03-04T17:24:44.687035
WASH_TRADE,T0156,SOLUSDT,2026-01-06T14:56:08.405233,97.46,42,2,MEDIUM,2026-03-04T17:24:44.687486
WASH_TRADE,T0156,SOLUSDT,2026-01-06T15:05:21.600233,95.66,38,2,MEDIUM,2026-03-04T17:24:44.687805
WASH_TRADE,T0157,BTCUSDT,2026-01-06T14:53:15.530233,41998.96,56,2,HIGH,2026-03-04T17:24:44.694366
WASH_TRADE,T0157,BTCUSDT,2026-01-06T14:57:00.384233,42002.65,22,2,MEDIUM,2026-03-04T17:24:44.694585
WASH_TRADE,T0157,BTCUSDT,2026-01-06T14:57:21.277233,41998.59,44,2,MEDIUM,2026-03-04T17:24:44.694632
WASH_TRADE,T0157,BTCUSDT,2026-01-06T15:52:13.040233,42000.29,40,2,MEDIUM,2026-03-04T17:24:44.696328
WASH_TRADE,T0157,ETHUSDT,2026-01-06T13:26:31.950233,2299.83,48,2,MEDIUM,2026-03-04T17:24:44.697440
WASH_TRADE,T0157,ETHUSDT,2026-01-06T13:29:12.451233,2301.71,46,2,MEDIUM,2026-03-04T17:24:44.697543
WASH_TRADE,T0157,ETHUSDT,2026-01-06T14:22:59.275233,2302.09,24,2,MEDIUM,2026-03-04T17:24:44.699279
WASH_TRADE,T0157,ETHUSDT,2026-01-06T15:00:41.756233,2298.94,54,2,HIGH,2026-03-04T17:24:44.700419
WASH_TRADE,T0157,ETHUSDT,2026-01-06T15:33:09.917233,2302.36,52,2,HIGH,2026-03-04T17:24:44.701819
WASH_TRADE,T0157,ETHUSDT,2026-01-06T16:12:42.204233,2300.25,38,2,MEDIUM,2026-03-04T17:24:44.703830
WASH_TRADE,T0157,SOLUSDT,2026-01-06T14:11:44.137233,90.68,22,2,MEDIUM,2026-03-04T17:24:44.705873
WASH_TRADE,T0157,SOLUSDT,2026-01-06T14:59:11.799233,96.06,28,2,MEDIUM,2026-03-04T17:24:44.708042
WASH_TRADE,T0158,BTCUSDT,2026-01-06T14:55:36.996233,42001.67,58,2,HIGH,2026-03-04T17:24:44.714243
WASH_TRADE,T0158,ETHUSDT,2026-01-06T14:49:39.448233,2299.31,22,2,MEDIUM,2026-03-04T17:24:44.720784
WASH_TRADE,T0158,ETHUSDT,2026-01-06T15:20:13.477233,2302.83,56,2,HIGH,2026-03-04T17:24:44.721550
WASH_TRADE,T0158,ETHUSDT,2026-01-06T15:22:45.260233,2299.23,60,2,HIGH,2026-03-04T17:24:44.721700
WASH_TRADE,T0159,BTCUSDT,2026-01-06T14:26:17.095233,42000.89,46,2,MEDIUM,2026-03-04T17:24:44.733419
WASH_TRADE,T0159,BTCUSDT,2026-01-06T15:20:29.214233,41999.66,56,2,HIGH,2026-03-04T17:24:44.735966
WASH_TRADE,T0159,ETHUSDT,2026-01-06T13:29:21.637233,2298.87,34,2,MEDIUM,2026-03-04T17:24:44.738112
WASH_TRADE,T0159,ETHUSDT,2026-01-06T15:10:47.995233,2302.19,56,2,HIGH,2026-03-04T17:24:44.741361
WASH_TRADE,T0159,ETHUSDT,2026-01-06T15:36:46.544233,2300.13,44,2,MEDIUM,2026-03-04T17:24:44.742714
WASH_TRADE,T0159,ETHUSDT,2026-01-06T16:05:32.710233,2300.34,24,2,MEDIUM,2026-03-04T17:24:44.744013
WASH_TRADE,T0159,SOLUSDT,2026-01-06T14:29:52.490233,93.71,58,2,HIGH,2026-03-04T17:24:44.747339
WASH_TRADE,T0159,SOLUSDT,2026-01-06T14:55:03.289233,97.1,58,2,HIGH,2026-03-04T17:24:44.748208
WASH_TRADE,T0159,SOLUSDT,2026-01-06T15:15:49.606233,96.11,20,2,MEDIUM,2026-03-04T17:24:44.749141
WASH_TRADE,T0159,SOLUSDT,2026-01-06T15:55:53.607233,93.87,52,2,HIGH,2026-03-04T17:24:44.750581
WASH_TRADE,T0160,BTCUSDT,2026-01-06T14:08:20.255233,42001.48,24,2,MEDIUM,2026-03-04T17:24:44.753270
WASH_TRADE,T0161,BTCUSDT,2026-01-06T14:22:32.317233,42000.47,30,2,MEDIUM,2026-03-04T17:24:44.771426
WASH_TRADE,T0161,BTCUSDT,2026-01-06T14:35:07.848233,42002.21,30,2,MEDIUM,2026-03-04T17:24:44.771961
WASH_TRADE,T0161,ETHUSDT,2026-01-06T13:42:43.901233,2298.96,30,2,MEDIUM,2026-03-04T17:24:44.776963
WASH_TRADE,T0161,ETHUSDT,2026-01-06T15:32:39.240233,2299.22,40,2,MEDIUM,2026-03-04T17:24:44.781326
WASH_TRADE,T0161,SOLUSDT,2026-01-06T13:56:47.865233,98.88,26,2,MEDIUM,2026-03-04T17:24:44.784553
WASH_TRADE,T0161,SOLUSDT,2026-01-06T15:00:30.165233,96.09,60,2,HIGH,2026-03-04T17:24:44.786760
WASH_TRADE,T0162,BTCUSDT,2026-01-06T13:33:15.483233,41997.74,34,2,MEDIUM,2026-03-04T17:24:44.790339
WASH_TRADE,T0162,BTCUSDT,2026-01-06T14:01:27.679233,41997.42,32,2,MEDIUM,2026-03-04T17:24:44.791670
WASH_TRADE,T0162,BTCUSDT,2026-01-06T15:38:01.283233,42000.63,36,2,MEDIUM,2026-03-04T17:24:44.796124
WASH_TRADE,T0162,ETHUSDT,2026-01-06T13:32:42.000233,2299.49,26,2,MEDIUM,2026-03-04T17:24:44.798373
WASH_TRADE,T0162,SOLUSDT,2026-01-06T13:52:52.603233,92.63,26,2,MEDIUM,2026-03-04T17:24:44.805452
WASH_TRADE,T0162,SOLUSDT,2026-01-06T13:58:09.759233,95.58,54,2,HIGH,2026-03-04T17:24:44.805654
WASH_TRADE,T0163,BTCUSDT,2026-01-06T13:12:59.866233,41997.44,38,2,MEDIUM,2026-03-04T17:24:44.811340
WASH_TRADE,T0163,ETHUSDT,2026-01-06T13:46:41.305233,2300.37,50,2,MEDIUM,2026-03-04T17:24:44.819598
WASH_TRADE,T0163,ETHUSDT,2026-01-06T14:33:38.051233,2299.99,30,2,MEDIUM,2026-03-04T17:24:44.821386
WASH_TRADE,T0163,ETHUSDT,2026-01-06T15:13:31.405233,2305.05,40,2,MEDIUM,2026-03-04T17:24:44.823097
WASH_TRADE,T0163,ETHUSDT,2026-01-06T15:35:48.855233,2299.79,50,2,MEDIUM,2026-03-04T17:24:44.824249
WASH_TRADE,T0163,SOLUSDT,2026-01-06T15:48:43.869233,94.85,58,2,HIGH,2026-03-04T17:24:44.831234
WASH_TRADE,T0164,BTCUSDT,2026-01-06T13:44:06.838233,41999.18,48,2,MEDIUM,2026-03-04T17:24:44.833421
WASH_TRADE,T0164,BTCUSDT,2026-01-06T14:56:28.960233,42000.88,32,2,MEDIUM,2026-03-04T17:24:44.835803
WASH_TRADE,T0164,BTCUSDT,2026-01-06T15:31:51.195233,41998.97,56,2,HIGH,2026-03-04T17:24:44.837193
WASH_TRADE,T0164,ETHUSDT,2026-01-06T13:46:16.438233,2300.94,44,2,MEDIUM,2026-03-04T17:24:44.839457
WASH_TRADE,T0164,ETHUSDT,2026-01-06T14:40:32.710233,2302.41,20,2,MEDIUM,2026-03-04T17:24:44.841815
WASH_TRADE,T0164,ETHUSDT,2026-01-06T15:23:29.383233,2302.78,42,2,MEDIUM,2026-03-04T17:24:44.843421
WASH_TRADE,T0164,SOLUSDT,2026-01-06T13:13:47.882233,93.4,60,2,HIGH,2026-03-04T17:24:44.845562
WASH_TRADE,T0164,SOLUSDT,2026-01-06T13:27:06.306233,94.96,34,2,MEDIUM,2026-03-04T17:24:44.845877
WASH_TRADE,T0164,SOLUSDT,2026-01-06T14:39:31.405233,93.61,36,2,MEDIUM,2026-03-04T17:24:44.848432
WASH_TRADE,T0165,BTCUSDT,2026-01-06T14:58:31.456233,42001.78,24,2,MEDIUM,2026-03-04T17:24:44.855439
WASH_TRADE,T0165,BTCUSDT,2026-01-06T15:17:58.347233,41996.99,60,2,HIGH,2026-03-04T17:24:44.856290
WASH_TRADE,T0165,ETHUSDT,2026-01-06T14:44:04.616233,2301.53,30,2,MEDIUM,2026-03-04T17:24:44.860956
WASH_TRADE,T0165,ETHUSDT,2026-01-06T16:16:27.595233,2298.59,34,2,MEDIUM,2026-03-04T17:24:44.863816
WASH_TRADE,T0165,SOLUSDT,2026-01-06T13:37:51.503233,90.67,46,2,MEDIUM,2026-03-04T17:24:44.864659
WASH_TRADE,T0165,SOLUSDT,2026-01-06T14:09:18.796233,94.55,44,2,MEDIUM,2026-03-04T17:24:44.865681
WASH_TRADE,T0166,BTCUSDT,2026-01-06T13:25:12.391233,42000.54,30,2,MEDIUM,2026-03-04T17:24:44.870103
WASH_TRADE,T0166,BTCUSDT,2026-01-06T14:10:45.125233,41998.34,50,2,MEDIUM,2026-03-04T17:24:44.872402
WASH_TRADE,T0166,BTCUSDT,2026-01-06T15:34:56.649233,41999.57,24,2,MEDIUM,2026-03-04T17:24:44.875840
WASH_TRADE,T0166,ETHUSDT,2026-01-06T13:13:58.021233,2301.12,22,2,MEDIUM,2026-03-04T17:24:44.877805
WASH_TRADE,T0166,ETHUSDT,2026-01-06T15:58:22.601233,2301.38,36,2,MEDIUM,2026-03-04T17:24:44.885575
WASH_TRADE,T0167,BTCUSDT,2026-01-06T14:12:16.607233,41997.21,24,2,MEDIUM,2026-03-04T17:24:44.894547
WASH_TRADE,T0167,BTCUSDT,2026-01-06T15:53:37.043233,42001.86,48,2,MEDIUM,2026-03-04T17:24:44.898187
WASH_TRADE,T0167,ETHUSDT,2026-01-06T13:46:20.156233,2299.12,36,2,MEDIUM,2026-03-04T17:24:44.900370
WASH_TRADE,T0167,ETHUSDT,2026-01-06T14:12:06.504233,2294.76,40,2,MEDIUM,2026-03-04T17:24:44.901327
WASH_TRADE,T0167,ETHUSDT,2026-01-06T15:45:56.697233,2300.04,26,2,MEDIUM,2026-03-04T17:24:44.904610
WASH_TRADE,T0167,SOLUSDT,2026-01-06T13:24:01.204233,94.67,28,2,MEDIUM,2026-03-04T17:24:44.906951
WASH_TRADE,T0167,SOLUSDT,2026-01-06T14:06:15.138233,92.92,58,2,HIGH,2026-03-04T17:24:44.909356
WASH_TRADE,T0167,SOLUSDT,2026-01-06T14:56:45.272233,93.54,50,2,MEDIUM,2026-03-04T17:24:44.911382
WASH_TRADE,T0167,SOLUSDT,2026-01-06T15:20:14.939233,97.83,50,2,MEDIUM,2026-03-04T17:24:44.912152
WASH_TRADE,T0167,SOLUSDT,2026-01-06T15:34:15.759233,93.31,52,2,HIGH,2026-03-04T17:24:44.912787
WASH_TRADE,T0168,BTCUSDT,2026-01-06T15:59:45.298233,41997.98,30,2,MEDIUM,2026-03-04T17:24:44.920046
WASH_TRADE,T0168,ETHUSDT,2026-01-06T13:34:07.492233,2300.03,44,2,MEDIUM,2026-03-04T17:24:44.921220
WASH_TRADE,T0168,ETHUSDT,2026-01-06T14:54:34.622233,2300.47,26,2,MEDIUM,2026-03-04T17:24:44.924542
WASH_TRADE,T0168,SOLUSDT,2026-01-06T15:06:14.155233,95.78,28,2,MEDIUM,2026-03-04T17:24:44.931799
WASH_TRADE,T0168,SOLUSDT,2026-01-06T15:21:47.070233,94.92,58,2,HIGH,2026-03-04T17:24:44.932631
WASH_TRADE,T0169,BTCUSDT,2026-01-06T13:31:50.876233,42000.49,22,2,MEDIUM,2026-03-04T17:24:44.935003
WASH_TRADE,T0169,BTCUSDT,2026-01-06T15:18:33.896233,41999.74,44,2,MEDIUM,2026-03-04T17:24:44.938910
WASH_TRADE,T0169,BTCUSDT,2026-01-06T15:35:23.387233,42002.96,40,2,MEDIUM,2026-03-04T17:24:44.939646
WASH_TRADE,T0169,BTCUSDT,2026-01-06T15:36:24.787233,42002.02,28,2,MEDIUM,2026-03-04T17:24:44.939694
WASH_TRADE,T0169,ETHUSDT,2026-01-06T13:54:01.150233,2298.24,40,2,MEDIUM,2026-03-04T17:24:44.942672
WASH_TRADE,T0169,ETHUSDT,2026-01-06T15:16:51.200233,2305.54,22,2,MEDIUM,2026-03-04T17:24:44.946085
WASH_TRADE,T0169,ETHUSDT,2026-01-06T15:30:34.253233,2297.72,48,2,MEDIUM,2026-03-04T17:24:44.946447
WASH_TRADE,T0169,SOLUSDT,2026-01-06T14:43:55.754233,96.65,26,2,MEDIUM,2026-03-04T17:24:44.951714
WASH_TRADE,T0169,SOLUSDT,2026-01-06T15:53:53.176233,91.09,56,2,HIGH,2026-03-04T17:24:44.954014
WASH_TRADE,T0170,BTCUSDT,2026-01-06T15:18:35.991233,42000.77,28,2,MEDIUM,2026-03-04T17:24:44.958743
WASH_TRADE,T0170,SOLUSDT,2026-01-06T15:38:49.122233,89.74,42,2,MEDIUM,2026-03-04T17:24:44.972415
WASH_TRADE,T0170,SOLUSDT,2026-01-06T15:54:12.459233,98.72,26,2,MEDIUM,2026-03-04T17:24:44.972988
WASH_TRADE,T0171,BTCUSDT,2026-01-06T13:25:00.636233,41999.54,30,2,MEDIUM,2026-03-04T17:24:44.974173
WASH_TRADE,T0171,BTCUSDT,2026-01-06T14:11:38.002233,41999.17,46,2,MEDIUM,2026-03-04T17:24:44.975998
WASH_TRADE,T0171,BTCUSDT,2026-01-06T14:11:48.096233,42003.91,22,2,MEDIUM,2026-03-04T17:24:44.976047
WASH_TRADE,T0171,BTCUSDT,2026-01-06T15:13:58.109233,41995.94,48,2,MEDIUM,2026-03-04T17:24:44.978636
WASH_TRADE,T0171,BTCUSDT,2026-01-06T16:07:16.457233,41997.26,40,2,MEDIUM,2026-03-04T17:24:44.980644
WASH_TRADE,T0171,ETHUSDT,2026-01-06T13:34:34.651233,2300.24,26,2,MEDIUM,2026-03-04T17:24:44.981532
WASH_TRADE,T0171,ETHUSDT,2026-01-06T14:33:16.287233,2299.45,26,2,MEDIUM,2026-03-04T17:24:44.983694
WASH_TRADE,T0171,ETHUSDT,2026-01-06T15:41:52.131233,2299.38,40,2,MEDIUM,2026-03-04T17:24:44.986004
WASH_TRADE,T0171,SOLUSDT,2026-01-06T13:23:58.025233,93.52,50,2,MEDIUM,2026-03-04T17:24:44.987681
WASH_TRADE,T0171,SOLUSDT,2026-01-06T15:30:18.376233,95.36,34,2,MEDIUM,2026-03-04T17:24:44.992660
WASH_TRADE,T0171,SOLUSDT,2026-01-06T16:00:33.696233,93.42,20,2,MEDIUM,2026-03-04T17:24:44.994049
WASH_TRADE,T0172,BTCUSDT,2026-01-06T14:23:06.047233,41999.72,58,2,HIGH,2026-03-04T17:24:44.997568
WASH_TRADE,T0172,BTCUSDT,2026-01-06T15:59:33.472233,42001.3,40,2,MEDIUM,2026-03-04T17:24:45.001123
WASH_TRADE,T0172,ETHUSDT,2026-01-06T15:32:08.760233,2300.65,54,2,HIGH,2026-03-04T17:24:45.007244
WASH_TRADE,T0172,ETHUSDT,2026-01-06T15:34:53.425233,2299.08,34,2,MEDIUM,2026-03-04T17:24:45.007390
WASH_TRADE,T0172,ETHUSDT,2026-01-06T15:45:49.444233,2300.36,52,2,HIGH,2026-03-04T17:24:45.007755
WASH_TRADE,T0172,SOLUSDT,2026-01-06T13:41:00.250233,93.64,48,2,MEDIUM,2026-03-04T17:24:45.009520
WASH_TRADE,T0172,SOLUSDT,2026-01-06T14:15:39.380233,97.75,44,2,MEDIUM,2026-03-04T17:24:45.010717
WASH_TRADE,T0172,SOLUSDT,2026-01-06T14:45:50.699233,94.64,50,2,MEDIUM,2026-03-04T17:24:45.011643
WASH_TRADE,T0172,SOLUSDT,2026-01-06T15:08:32.662233,97.95,46,2,MEDIUM,2026-03-04T17:24:45.012439
WASH_TRADE,T0172,SOLUSDT,2026-01-06T15:53:54.493233,97.68,42,2,MEDIUM,2026-03-04T17:24:45.014144
WASH_TRADE,T0173,BTCUSDT,2026-01-06T14:05:17.812233,41999.52,26,2,MEDIUM,2026-03-04T17:24:45.016862
WASH_TRADE,T0173,BTCUSDT,2026-01-06T14:21:57.776233,42000.25,46,2,MEDIUM,2026-03-04T17:24:45.017826
WASH_TRADE,T0173,ETHUSDT,2026-01-06T15:19:06.348233,2301.06,30,2,MEDIUM,2026-03-04T17:24:45.026988
WASH_TRADE,T0173,ETHUSDT,2026-01-06T16:05:08.713233,2298.39,32,2,MEDIUM,2026-03-04T17:24:45.028954
WASH_TRADE,T0173,SOLUSDT,2026-01-06T14:02:05.981233,98.51,48,2,MEDIUM,2026-03-04T17:24:45.030760
WASH_TRADE,T0173,SOLUSDT,2026-01-06T14:33:25.764233,93.14,48,2,MEDIUM,2026-03-04T17:24:45.031536
WASH_TRADE,T0173,SOLUSDT,2026-01-06T14:33:58.459233,96.99,46,2,MEDIUM,2026-03-04T17:24:45.031593
WASH_TRADE,T0173,SOLUSDT,2026-01-06T16:01:46.026233,93.3,50,2,MEDIUM,2026-03-04T17:24:45.034325
WASH_TRADE,T0174,BTCUSDT,2026-01-06T14:17:07.154233,42002.61,40,2,MEDIUM,2026-03-04T17:24:45.036832
WASH_TRADE,T0174,BTCUSDT,2026-01-06T15:22:40.790233,42000.16,42,2,MEDIUM,2026-03-04T17:24:45.039077
WASH_TRADE,T0174,ETHUSDT,2026-01-06T14:03:30.231233,2298.59,44,2,MEDIUM,2026-03-04T17:24:45.042550
WASH_TRADE,T0174,ETHUSDT,2026-01-06T14:50:54.821233,2300.34,60,2,HIGH,2026-03-04T17:24:45.044575
WASH_TRADE,T0174,SOLUSDT,2026-01-06T14:12:26.279233,94.74,32,2,MEDIUM,2026-03-04T17:24:45.049125
WASH_TRADE,T0174,SOLUSDT,2026-01-06T14:36:49.836233,89.01,36,2,MEDIUM,2026-03-04T17:24:45.049865
WASH_TRADE,T0174,SOLUSDT,2026-01-06T14:58:34.736233,94.21,38,2,MEDIUM,2026-03-04T17:24:45.050880
WASH_TRADE,T0174,SOLUSDT,2026-01-06T15:32:21.476233,94.98,28,2,MEDIUM,2026-03-04T17:24:45.051996
WASH_TRADE,T0174,SOLUSDT,2026-01-06T15:55:04.690233,95.25,58,2,HIGH,2026-03-04T17:24:45.052418
WASH_TRADE,T0174,SOLUSDT,2026-01-06T16:16:25.216233,92.85,32,2,MEDIUM,2026-03-04T17:24:45.053172
WASH_TRADE,T0175,BTCUSDT,2026-01-06T14:46:26.202233,41998.19,58,2,HIGH,2026-03-04T17:24:45.056545
WASH_TRADE,T0175,BTCUSDT,2026-01-06T14:48:30.891233,41999.81,32,2,MEDIUM,2026-03-04T17:24:45.056623
WASH_TRADE,T0175,BTCUSDT,2026-01-06T15:37:09.233233,42000.88,58,2,HIGH,2026-03-04T17:24:45.058999
WASH_TRADE,T0175,BTCUSDT,2026-01-06T15:39:57.680233,41998.46,32,2,MEDIUM,2026-03-04T17:24:45.059120
WASH_TRADE,T0175,BTCUSDT,2026-01-06T15:49:28.833233,42001.22,58,2,HIGH,2026-03-04T17:24:45.059642
WASH_TRADE,T0175,ETHUSDT,2026-01-06T13:13:14.213233,2297.88,38,2,MEDIUM,2026-03-04T17:24:45.060833
WASH_TRADE,T0175,ETHUSDT,2026-01-06T13:51:59.856233,2301.64,42,2,MEDIUM,2026-03-04T17:24:45.062435
WASH_TRADE,T0175,ETHUSDT,2026-01-06T15:50:13.985233,2298.41,38,2,MEDIUM,2026-03-04T17:24:45.066471
WASH_TRADE,T0175,SOLUSDT,2026-01-06T15:18:22.445233,94.58,36,2,MEDIUM,2026-03-04T17:24:45.071921
WASH_TRADE,T0176,BTCUSDT,2026-01-06T13:19:43.827233,42002.78,60,2,HIGH,2026-03-04T17:24:45.074402
WASH_TRADE,T0176,BTCUSDT,2026-01-06T16:06:29.892233,42000.81,52,2,HIGH,2026-03-04T17:24:45.081062
WASH_TRADE,T0176,SOLUSDT,2026-01-06T13:52:58.754233,94.35,46,2,MEDIUM,2026-03-04T17:24:45.088973
WASH_TRADE,T0176,SOLUSDT,2026-01-06T14:03:41.328233,98.07,32,2,MEDIUM,2026-03-04T17:24:45.089270
WASH_TRADE,T0176,SOLUSDT,2026-01-06T15:04:08.568233,94.74,24,2,MEDIUM,2026-03-04T17:24:45.091776
WASH_TRADE,T0177,BTCUSDT,2026-01-06T13:17:38.841233,42003.65,52,2,HIGH,2026-03-04T17:24:45.094215
WASH_TRADE,T0177,BTCUSDT,2026-01-06T13:27:38.337233,41999.77,24,2,MEDIUM,2026-03-04T17:24:45.094580
WASH_TRADE,T0177,BTCUSDT,2026-01-06T14:37:14.382233,42001.07,42,2,MEDIUM,2026-03-04T17:24:45.097205
WASH_TRADE,T0177,ETHUSDT,2026-01-06T14:03:03.974233,2297.25,38,2,MEDIUM,2026-03-04T17:24:45.101516
WASH_TRADE,T0177,ETHUSDT,2026-01-06T15:02:26.000233,2297.19,30,2,MEDIUM,2026-03-04T17:24:45.103932
WASH_TRADE,T0177,ETHUSDT,2026-01-06T15:55:46.093233,2299.71,38,2,MEDIUM,2026-03-04T17:24:45.105817
WASH_TRADE,T0177,ETHUSDT,2026-01-06T16:00:09.940233,2298.14,34,2,MEDIUM,2026-03-04T17:24:45.105965
WASH_TRADE,T0177,SOLUSDT,2026-01-06T13:16:45.012233,94.67,24,2,MEDIUM,2026-03-04T17:24:45.106522
WASH_TRADE,T0177,SOLUSDT,2026-01-06T14:45:07.248233,93.47,36,2,MEDIUM,2026-03-04T17:24:45.109411
WASH_TRADE,T0178,BTCUSDT,2026-01-06T13:28:40.366233,41998.21,48,2,MEDIUM,2026-03-04T17:24:45.113431
WASH_TRADE,T0178,BTCUSDT,2026-01-06T14:10:01.606233,42002.62,42,2,MEDIUM,2026-03-04T17:24:45.114389
WASH_TRADE,T0178,ETHUSDT,2026-01-06T14:16:04.770233,2300.87,24,2,MEDIUM,2026-03-04T17:24:45.121714
WASH_TRADE,T0178,ETHUSDT,2026-01-06T14:40:11.087233,2296.75,28,2,MEDIUM,2026-03-04T17:24:45.122422
WASH_TRADE,T0178,ETHUSDT,2026-01-06T16:09:57.928233,2300.08,52,2,HIGH,2026-03-04T17:24:45.125196
WASH_TRADE,T0178,SOLUSDT,2026-01-06T14:34:50.689233,96.5,42,2,MEDIUM,2026-03-04T17:24:45.128942
WASH_TRADE,T0178,SOLUSDT,2026-01-06T14:43:05.471233,91.25,54,2,HIGH,2026-03-04T17:24:45.129112
WASH_TRADE,T0179,BTCUSDT,2026-01-06T15:50:45.386233,41998.4,46,2,MEDIUM,2026-03-04T17:24:45.137334
WASH_TRADE,T0179,ETHUSDT,2026-01-06T13:41:30.938233,2301.0,32,2,MEDIUM,2026-03-04T17:24:45.138914
WASH_TRADE,T0179,ETHUSDT,2026-01-06T14:03:28.054233,2302.35,52,2,HIGH,2026-03-04T17:24:45.139652
WASH_TRADE,T0179,ETHUSDT,2026-01-06T15:49:01.932233,2302.23,42,2,MEDIUM,2026-03-04T17:24:45.143872
WASH_TRADE,T0179,ETHUSDT,2026-01-06T15:55:28.175233,2297.68,54,2,HIGH,2026-03-04T17:24:45.144018
WASH_TRADE,T0179,SOLUSDT,2026-01-06T15:44:40.060233,95.0,48,2,MEDIUM,2026-03-04T17:24:45.150171
WASH_TRADE,T0180,BTCUSDT,2026-01-06T13:53:55.381233,42000.71,24,2,MEDIUM,2026-03-04T17:24:45.152545
WASH_TRADE,T0180,BTCUSDT,2026-01-06T13:55:14.471233,42000.0,38,2,MEDIUM,2026-03-04T17:24:45.152619
WASH_TRADE,T0180,BTCUSDT,2026-01-06T15:22:34.280233,42002.94,26,2,MEDIUM,2026-03-04T17:24:45.155882
WASH_TRADE,T0180,BTCUSDT,2026-01-06T15:55:35.577233,41999.71,22,2,MEDIUM,2026-03-04T17:24:45.157021
WASH_TRADE,T0180,ETHUSDT,2026-01-06T13:45:20.319233,2300.42,40,2,MEDIUM,2026-03-04T17:24:45.158991
WASH_TRADE,T0180,ETHUSDT,2026-01-06T15:42:08.354233,2302.89,40,2,MEDIUM,2026-03-04T17:24:45.163929
WASH_TRADE,T0180,ETHUSDT,2026-01-06T15:48:05.268233,2300.74,36,2,MEDIUM,2026-03-04T17:24:45.164246
WASH_TRADE,T0180,SOLUSDT,2026-01-06T16:03:11.668233,92.68,48,2,MEDIUM,2026-03-04T17:24:45.171154
WASH_TRADE,T0180,SOLUSDT,2026-01-06T16:06:47.234233,96.93,56,2,HIGH,2026-03-04T17:24:45.171528
WASH_TRADE,T0180,SOLUSDT,2026-01-06T16:09:23.532233,94.43,48,2,MEDIUM,2026-03-04T17:24:45.171673
WASH_TRADE,T0181,BTCUSDT,2026-01-06T14:01:37.011233,42001.6,56,2,HIGH,2026-03-04T17:24:45.173806
WASH_TRADE,T0181,BTCUSDT,2026-01-06T14:05:43.590233,42004.7,56,2,HIGH,2026-03-04T17:24:45.173907
WASH_TRADE,T0181,BTCUSDT,2026-01-06T14:11:05.462233,42001.34,40,2,MEDIUM,2026-03-04T17:24:45.174398
WASH_TRADE,T0181,BTCUSDT,2026-01-06T15:18:09.080233,41999.19,26,2,MEDIUM,2026-03-04T17:24:45.177065
WASH_TRADE,T0181,ETHUSDT,2026-01-06T14:23:42.363233,2299.56,30,2,MEDIUM,2026-03-04T17:24:45.181919
WASH_TRADE,T0181,ETHUSDT,2026-01-06T15:34:02.484233,2299.82,30,2,MEDIUM,2026-03-04T17:24:45.184379
WASH_TRADE,T0181,ETHUSDT,2026-01-06T15:53:19.669233,2301.99,48,2,MEDIUM,2026-03-04T17:24:45.185062
WASH_TRADE,T0181,SOLUSDT,2026-01-06T13:21:06.679233,93.11,20,2,MEDIUM,2026-03-04T17:24:45.186148
WASH_TRADE,T0181,SOLUSDT,2026-01-06T13:48:53.502233,98.11,52,2,HIGH,2026-03-04T17:24:45.186886
WASH_TRADE,T0181,SOLUSDT,2026-01-06T14:21:21.669233,94.39,50,2,MEDIUM,2026-03-04T17:24:45.188000
WASH_TRADE,T0181,SOLUSDT,2026-01-06T15:53:24.920233,97.51,42,2,MEDIUM,2026-03-04T17:24:45.191220
WASH_TRADE,T0182,BTCUSDT,2026-01-06T14:34:52.530233,41997.58,50,2,MEDIUM,2026-03-04T17:24:45.195173
WASH_TRADE,T0182,BTCUSDT,2026-01-06T14:46:38.551233,42000.81,30,2,MEDIUM,2026-03-04T17:24:45.195538
WASH_TRADE,T0182,BTCUSDT,2026-01-06T15:47:32.325233,42000.33,58,2,HIGH,2026-03-04T17:24:45.197701
WASH_TRADE,T0182,ETHUSDT,2026-01-06T15:23:58.263233,2300.98,44,2,MEDIUM,2026-03-04T17:24:45.205399
WASH_TRADE,T0183,BTCUSDT,2026-01-06T15:00:27.426233,42000.43,20,2,MEDIUM,2026-03-04T17:24:45.217773
WASH_TRADE,T0183,BTCUSDT,2026-01-06T15:30:27.111233,42005.15,32,2,MEDIUM,2026-03-04T17:24:45.218711
WASH_TRADE,T0183,BTCUSDT,2026-01-06T15:44:35.958233,41997.25,28,2,MEDIUM,2026-03-04T17:24:45.219415
WASH_TRADE,T0183,ETHUSDT,2026-01-06T15:37:05.282233,2301.72,58,2,HIGH,2026-03-04T17:24:45.225099
WASH_TRADE,T0183,ETHUSDT,2026-01-06T16:02:04.274233,2298.49,32,2,MEDIUM,2026-03-04T17:24:45.226006
WASH_TRADE,T0183,SOLUSDT,2026-01-06T13:23:37.320233,92.81,42,2,MEDIUM,2026-03-04T17:24:45.227134
WASH_TRADE,T0183,SOLUSDT,2026-01-06T14:39:49.658233,96.33,28,2,MEDIUM,2026-03-04T17:24:45.229835
WASH_TRADE,T0184,BTCUSDT,2026-01-06T13:20:34.918233,41997.72,24,2,MEDIUM,2026-03-04T17:24:45.233490
WASH_TRADE,T0184,BTCUSDT,2026-01-06T14:19:05.310233,41998.81,32,2,MEDIUM,2026-03-04T17:24:45.236614
WASH_TRADE,T0184,ETHUSDT,2026-01-06T13:16:15.375233,2298.26,50,2,MEDIUM,2026-03-04T17:24:45.239674
WASH_TRADE,T0184,ETHUSDT,2026-01-06T13:39:42.740233,2299.59,60,2,HIGH,2026-03-04T17:24:45.240595
WASH_TRADE,T0184,ETHUSDT,2026-01-06T14:56:51.959233,2298.4,60,2,HIGH,2026-03-04T17:24:45.242776
WASH_TRADE,T0184,ETHUSDT,2026-01-06T15:33:00.599233,2300.49,32,2,MEDIUM,2026-03-04T17:24:45.244038
WASH_TRADE,T0184,ETHUSDT,2026-01-06T16:04:03.308233,2306.13,28,2,MEDIUM,2026-03-04T17:24:45.244838
WASH_TRADE,T0184,SOLUSDT,2026-01-06T16:07:31.889233,93.82,34,2,MEDIUM,2026-03-04T17:24:45.251007
WASH_TRADE,T0184,SOLUSDT,2026-01-06T16:12:48.966233,94.56,54,2,HIGH,2026-03-04T17:24:45.251373
WASH_TRADE,T0185,BTCUSDT,2026-01-06T14:58:39.768233,41996.55,20,2,MEDIUM,2026-03-04T17:24:45.255456
WASH_TRADE,T0185,BTCUSDT,2026-01-06T15:34:08.783233,41999.62,60,2,HIGH,2026-03-04T17:24:45.256876
WASH_TRADE,T0185,BTCUSDT,2026-01-06T16:04:53.623233,42001.07,20,2,MEDIUM,2026-03-04T17:24:45.258220
WASH_TRADE,T0185,ETHUSDT,2026-01-06T14:06:37.326233,2296.0,36,2,MEDIUM,2026-03-04T17:24:45.260486
WASH_TRADE,T0185,ETHUSDT,2026-01-06T14:30:10.181233,2299.11,20,2,MEDIUM,2026-03-04T17:24:45.261634
WASH_TRADE,T0185,ETHUSDT,2026-01-06T14:55:16.886233,2301.43,22,2,MEDIUM,2026-03-04T17:24:45.262269
WASH_TRADE,T0185,SOLUSDT,2026-01-06T14:22:05.926233,96.31,22,2,MEDIUM,2026-03-04T17:24:45.268234
WASH_TRADE,T0185,SOLUSDT,2026-01-06T14:55:06.157233,92.99,46,2,MEDIUM,2026-03-04T17:24:45.270087
WASH_TRADE,T0185,SOLUSDT,2026-01-06T15:16:33.618233,95.3,54,2,HIGH,2026-03-04T17:24:45.270836
WASH_TRADE,T0185,SOLUSDT,2026-01-06T15:28:39.239233,92.37,28,2,MEDIUM,2026-03-04T17:24:45.271259
WASH_TRADE,T0186,BTCUSDT,2026-01-06T13:19:12.773233,41999.7,52,2,HIGH,2026-03-04T17:24:45.273269
WASH_TRADE,T0186,BTCUSDT,2026-01-06T13:45:56.513233,42000.37,44,2,MEDIUM,2026-03-04T17:24:45.274060
WASH_TRADE,T0186,BTCUSDT,2026-01-06T14:51:01.886233,41995.59,60,2,HIGH,2026-03-04T17:24:45.294537
WASH_TRADE,T0186,BTCUSDT,2026-01-06T16:03:39.415233,41999.88,50,2,MEDIUM,2026-03-04T17:24:45.297307
WASH_TRADE,T0186,ETHUSDT,2026-01-06T14:01:51.013233,2300.98,34,2,MEDIUM,2026-03-04T17:24:45.299473
WASH_TRADE,T0186,ETHUSDT,2026-01-06T16:03:02.011233,2299.38,22,2,MEDIUM,2026-03-04T17:24:45.304398
WASH_TRADE,T0186,SOLUSDT,2026-01-06T14:14:48.192233,95.59,46,2,MEDIUM,2026-03-04T17:24:45.307247
WASH_TRADE,T0186,SOLUSDT,2026-01-06T14:17:29.388233,94.68,44,2,MEDIUM,2026-03-04T17:24:45.307348
WASH_TRADE,T0186,SOLUSDT,2026-01-06T15:34:10.007233,89.97,46,2,MEDIUM,2026-03-04T17:24:45.309767
WASH_TRADE,T0186,SOLUSDT,2026-01-06T15:45:06.439233,97.29,34,2,MEDIUM,2026-03-04T17:24:45.310088
WASH_TRADE,T0186,SOLUSDT,2026-01-06T16:13:56.837233,94.92,34,2,MEDIUM,2026-03-04T17:24:45.311211
WASH_TRADE,T0187,BTCUSDT,2026-01-06T14:36:19.642233,41998.89,52,2,HIGH,2026-03-04T17:24:45.314374
WASH_TRADE,T0187,ETHUSDT,2026-01-06T14:26:28.163233,2301.26,20,2,MEDIUM,2026-03-04T17:24:45.321321
WASH_TRADE,T0187,ETHUSDT,2026-01-06T16:00:32.984233,2300.08,32,2,MEDIUM,2026-03-04T17:24:45.324554
WASH_TRADE,T0187,ETHUSDT,2026-01-06T16:02:13.249233,2297.44,58,2,HIGH,2026-03-04T17:24:45.324631
WASH_TRADE,T0187,SOLUSDT,2026-01-06T14:00:04.403233,95.75,22,2,MEDIUM,2026-03-04T17:24:45.326592
WASH_TRADE,T0188,BTCUSDT,2026-01-06T13:22:50.727233,42000.5,58,2,HIGH,2026-03-04T17:24:45.331295
WASH_TRADE,T0188,BTCUSDT,2026-01-06T13:29:56.423233,41999.24,50,2,MEDIUM,2026-03-04T17:24:45.331825
WASH_TRADE,T0188,BTCUSDT,2026-01-06T14:09:15.143233,41998.37,40,2,MEDIUM,2026-03-04T17:24:45.333303
WASH_TRADE,T0188,BTCUSDT,2026-01-06T14:25:49.476233,41998.72,56,2,HIGH,2026-03-04T17:24:45.334004
WASH_TRADE,T0188,BTCUSDT,2026-01-06T15:05:35.382233,42005.68,40,2,MEDIUM,2026-03-04T17:24:45.335476
WASH_TRADE,T0188,BTCUSDT,2026-01-06T15:22:25.935233,42001.73,46,2,MEDIUM,2026-03-04T17:24:45.336172
WASH_TRADE,T0188,ETHUSDT,2026-01-06T13:51:34.369233,2299.03,48,2,MEDIUM,2026-03-04T17:24:45.339297
WASH_TRADE,T0188,ETHUSDT,2026-01-06T14:21:07.774233,2300.85,42,2,MEDIUM,2026-03-04T17:24:45.339960
WASH_TRADE,T0188,ETHUSDT,2026-01-06T14:34:39.138233,2298.16,46,2,MEDIUM,2026-03-04T17:24:45.340358
WASH_TRADE,T0188,ETHUSDT,2026-01-06T15:50:01.006233,2301.17,58,2,HIGH,2026-03-04T17:24:45.342288
WASH_TRADE,T0188,SOLUSDT,2026-01-06T14:11:00.745233,95.87,48,2,MEDIUM,2026-03-04T17:24:45.345503
WASH_TRADE,T0188,SOLUSDT,2026-01-06T14:21:05.831233,94.24,24,2,MEDIUM,2026-03-04T17:24:45.345879
WASH_TRADE,T0188,SOLUSDT,2026-01-06T14:33:07.582233,93.9,50,2,MEDIUM,2026-03-04T17:24:45.346355
WASH_TRADE,T0188,SOLUSDT,2026-01-06T16:04:40.755233,93.7,24,2,MEDIUM,2026-03-04T17:24:45.349854
WASH_TRADE,T0189,BTCUSDT,2026-01-06T13:50:51.786233,42000.35,22,2,MEDIUM,2026-03-04T17:24:45.351286
WASH_TRADE,T0189,BTCUSDT,2026-01-06T14:19:13.558233,42002.63,36,2,MEDIUM,2026-03-04T17:24:45.352592
WASH_TRADE,T0189,BTCUSDT,2026-01-06T14:26:24.434233,41998.0,40,2,MEDIUM,2026-03-04T17:24:45.352789
WASH_TRADE,T0189,BTCUSDT,2026-01-06T15:02:51.097233,42003.19,26,2,MEDIUM,2026-03-04T17:24:45.354702
WASH_TRADE,T0189,ETHUSDT,2026-01-06T14:07:05.058233,2300.85,60,2,HIGH,2026-03-04T17:24:45.359567
WASH_TRADE,T0189,ETHUSDT,2026-01-06T14:23:38.913233,2299.24,34,2,MEDIUM,2026-03-04T17:24:45.360499
WASH_TRADE,T0189,ETHUSDT,2026-01-06T14:32:50.793233,2300.62,46,2,MEDIUM,2026-03-04T17:24:45.361243
WASH_TRADE,T0189,ETHUSDT,2026-01-06T15:08:23.348233,2305.06,20,2,MEDIUM,2026-03-04T17:24:45.362870
WASH_TRADE,T0189,ETHUSDT,2026-01-06T15:38:55.719233,2301.17,20,2,MEDIUM,2026-03-04T17:24:45.364047
WASH_TRADE,T0189,SOLUSDT,2026-01-06T13:41:04.985233,97.16,52,2,HIGH,2026-03-04T17:24:45.366302
WASH_TRADE,T0189,SOLUSDT,2026-01-06T14:52:40.572233,96.47,32,2,MEDIUM,2026-03-04T17:24:45.368461
WASH_TRADE,T0189,SOLUSDT,2026-01-06T15:40:45.810233,94.03,26,2,MEDIUM,2026-03-04T17:24:45.369883
WASH_TRADE,T0189,SOLUSDT,2026-01-06T15:53:55.733233,98.25,52,2,HIGH,2026-03-04T17:24:45.370436
WASH_TRADE,T0190,BTCUSDT,2026-01-06T15:18:55.021233,41998.57,38,2,MEDIUM,2026-03-04T17:24:45.376390
WASH_TRADE,T0190,ETHUSDT,2026-01-06T14:14:33.344233,2300.24,40,2,MEDIUM,2026-03-04T17:24:45.380444
WASH_TRADE,T0190,ETHUSDT,2026-01-06T15:22:05.848233,2300.19,50,2,MEDIUM,2026-03-04T17:24:45.382582
WASH_TRADE,T0190,SOLUSDT,2026-01-06T13:48:44.657233,95.49,46,2,MEDIUM,2026-03-04T17:24:45.385548
WASH_TRADE,T0190,SOLUSDT,2026-01-06T14:24:03.129233,92.68,50,2,MEDIUM,2026-03-04T17:24:45.386766
WASH_TRADE,T0190,SOLUSDT,2026-01-06T15:39:46.904233,93.49,48,2,MEDIUM,2026-03-04T17:24:45.389855
WASH_TRADE,T0190,SOLUSDT,2026-01-06T15:41:44.040233,95.82,30,2,MEDIUM,2026-03-04T17:24:45.389913
WASH_TRADE,T0191,BTCUSDT,2026-01-06T14:26:18.011233,41998.49,22,2,MEDIUM,2026-03-04T17:24:45.394639
WASH_TRADE,T0191,BTCUSDT,2026-01-06T14:51:26.116233,42000.45,28,2,MEDIUM,2026-03-04T17:24:45.395953
WASH_TRADE,T0191,BTCUSDT,2026-01-06T14:57:20.810233,42000.52,30,2,MEDIUM,2026-03-04T17:24:45.396056
WASH_TRADE,T0191,ETHUSDT,2026-01-06T15:42:06.632233,2301.62,52,2,HIGH,2026-03-04T17:24:45.404760
WASH_TRADE,T0191,SOLUSDT,2026-01-06T14:05:16.895233,98.67,24,2,MEDIUM,2026-03-04T17:24:45.407784
WASH_TRADE,T0191,SOLUSDT,2026-01-06T14:36:44.815233,94.83,40,2,MEDIUM,2026-03-04T17:24:45.409617
WASH_TRADE,T0191,SOLUSDT,2026-01-06T16:06:01.219233,92.66,60,2,HIGH,2026-03-04T17:24:45.413193
WASH_TRADE,T0192,BTCUSDT,2026-01-06T13:18:07.987233,41997.33,38,2,MEDIUM,2026-03-04T17:24:45.413980
WASH_TRADE,T0192,BTCUSDT,2026-01-06T13:32:40.809233,42000.44,30,2,MEDIUM,2026-03-04T17:24:45.414491
WASH_TRADE,T0192,BTCUSDT,2026-01-06T14:06:51.873233,42004.75,20,2,MEDIUM,2026-03-04T17:24:45.415734
WASH_TRADE,T0192,BTCUSDT,2026-01-06T15:35:12.841233,41998.46,30,2,MEDIUM,2026-03-04T17:24:45.419519
WASH_TRADE,T0192,BTCUSDT,2026-01-06T15:46:39.102233,41999.88,20,2,MEDIUM,2026-03-04T17:24:45.419952
WASH_TRADE,T0192,BTCUSDT,2026-01-06T16:06:07.688233,41997.47,46,2,MEDIUM,2026-03-04T17:24:45.420606
WASH_TRADE,T0192,ETHUSDT,2026-01-06T13:46:32.198233,2298.96,54,2,HIGH,2026-03-04T17:24:45.422269
WASH_TRADE,T0192,ETHUSDT,2026-01-06T14:54:58.744233,2298.02,20,2,MEDIUM,2026-03-04T17:24:45.424800
WASH_TRADE,T0192,SOLUSDT,2026-01-06T15:10:54.971233,93.22,38,2,MEDIUM,2026-03-04T17:24:45.433764
WASH_TRADE,T0192,SOLUSDT,2026-01-06T15:49:09.944233,94.29,50,2,MEDIUM,2026-03-04T17:24:45.435179
WASH_TRADE,T0193,BTCUSDT,2026-01-06T15:29:37.852233,41997.17,54,2,HIGH,2026-03-04T17:24:45.443204
WASH_TRADE,T0193,ETHUSDT,2026-01-06T14:36:55.651233,2300.55,24,2,MEDIUM,2026-03-04T17:24:45.447958
WASH_TRADE,T0193,SOLUSDT,2026-01-06T13:20:53.776233,96.39,34,2,MEDIUM,2026-03-04T17:24:45.450918
WASH_TRADE,T0193,SOLUSDT,2026-01-06T13:38:24.454233,91.42,60,2,HIGH,2026-03-04T17:24:45.451854
WASH_TRADE,T0193,SOLUSDT,2026-01-06T13:58:35.145233,95.07,44,2,MEDIUM,2026-03-04T17:24:45.452647
WASH_TRADE,T0193,SOLUSDT,2026-01-06T14:48:51.185233,94.77,60,2,HIGH,2026-03-04T17:24:45.456491
WASH_TRADE,T0193,SOLUSDT,2026-01-06T15:47:34.867233,94.43,20,2,MEDIUM,2026-03-04T17:24:45.459366
WASH_TRADE,T0194,BTCUSDT,2026-01-06T13:29:00.473233,41997.56,20,2,MEDIUM,2026-03-04T17:24:45.461700
WASH_TRADE,T0194,BTCUSDT,2026-01-06T13:33:49.342233,41999.89,58,2,HIGH,2026-03-04T17:24:45.462914
WASH_TRADE,T0194,BTCUSDT,2026-01-06T14:55:40.059233,41999.94,50,2,MEDIUM,2026-03-04T17:24:45.470310
WASH_TRADE,T0194,BTCUSDT,2026-01-06T15:22:17.452233,41999.03,30,2,MEDIUM,2026-03-04T17:24:45.472702
WASH_TRADE,T0194,ETHUSDT,2026-01-06T14:48:33.390233,2295.32,36,2,MEDIUM,2026-03-04T17:24:45.483420
WASH_TRADE,T0194,ETHUSDT,2026-01-06T14:56:40.839233,2301.35,24,2,MEDIUM,2026-03-04T17:24:45.483795
WASH_TRADE,T0194,ETHUSDT,2026-01-06T15:27:04.743233,2296.67,26,2,MEDIUM,2026-03-04T17:24:45.485090
WASH_TRADE,T0194,ETHUSDT,2026-01-06T15:59:53.799233,2300.18,52,2,HIGH,2026-03-04T17:24:45.486988
WASH_TRADE,T0194,ETHUSDT,2026-01-06T16:14:19.611233,2297.52,42,2,MEDIUM,2026-03-04T17:24:45.487522
WASH_TRADE,T0194,SOLUSDT,2026-01-06T13:33:24.869233,95.14,50,2,MEDIUM,2026-03-04T17:24:45.488580
WASH_TRADE,T0194,SOLUSDT,2026-01-06T15:48:33.777233,92.31,30,2,MEDIUM,2026-03-04T17:24:45.493688
WASH_TRADE,T0195,BTCUSDT,2026-01-06T13:17:07.301233,41996.61,56,2,HIGH,2026-03-04T17:24:45.494999
WASH_TRADE,T0195,BTCUSDT,2026-01-06T14:38:51.247233,42001.05,24,2,MEDIUM,2026-03-04T17:24:45.499038
WASH_TRADE,T0195,BTCUSDT,2026-01-06T16:03:08.695233,42000.54,38,2,MEDIUM,2026-03-04T17:24:45.501752
WASH_TRADE,T0195,ETHUSDT,2026-01-06T13:22:03.715233,2298.72,58,2,HIGH,2026-03-04T17:24:45.502526
WASH_TRADE,T0195,ETHUSDT,2026-01-06T14:04:01.318233,2303.46,28,2,MEDIUM,2026-03-04T17:24:45.504937
WASH_TRADE,T0195,SOLUSDT,2026-01-06T14:26:24.676233,94.65,40,2,MEDIUM,2026-03-04T17:24:45.513315
WASH_TRADE,T0195,SOLUSDT,2026-01-06T15:06:12.586233,96.34,54,2,HIGH,2026-03-04T17:24:45.514740
WASH_TRADE,T0195,SOLUSDT,2026-01-06T15:30:35.081233,100.44,22,2,MEDIUM,2026-03-04T17:24:45.515685
WASH_TRADE,T0196,BTCUSDT,2026-01-06T13:31:43.221233,42001.49,38,2,MEDIUM,2026-03-04T17:24:45.517633
WASH_TRADE,T0196,BTCUSDT,2026-01-06T14:10:13.027233,42000.21,38,2,MEDIUM,2026-03-04T17:24:45.519422
WASH_TRADE,T0196,ETHUSDT,2026-01-06T14:13:11.042233,2296.58,30,2,MEDIUM,2026-03-04T17:24:45.526482
WASH_TRADE,T0196,ETHUSDT,2026-01-06T14:38:49.684233,2301.98,54,2,HIGH,2026-03-04T17:24:45.527624
WASH_TRADE,T0196,ETHUSDT,2026-01-06T14:59:13.204233,2299.06,52,2,HIGH,2026-03-04T17:24:45.528361
WASH_TRADE,T0196,ETHUSDT,2026-01-06T15:50:50.562233,2299.15,38,2,MEDIUM,2026-03-04T17:24:45.530092
WASH_TRADE,T0196,ETHUSDT,2026-01-06T16:00:32.624233,2297.86,60,2,HIGH,2026-03-04T17:24:45.530445
WASH_TRADE,T0196,SOLUSDT,2026-01-06T14:24:43.899233,93.38,32,2,MEDIUM,2026-03-04T17:24:45.534183
WASH_TRADE,T0196,SOLUSDT,2026-01-06T14:45:35.211233,95.09,54,2,HIGH,2026-03-04T17:24:45.534935
WASH_TRADE,T0197,BTCUSDT,2026-01-06T15:14:21.818233,41998.59,46,2,MEDIUM,2026-03-04T17:24:45.544851
WASH_TRADE,T0197,ETHUSDT,2026-01-06T13:26:28.270233,2299.88,42,2,MEDIUM,2026-03-04T17:24:45.548266
WASH_TRADE,T0197,ETHUSDT,2026-01-06T14:33:58.627233,2298.93,38,2,MEDIUM,2026-03-04T17:24:45.550701
WASH_TRADE,T0197,SOLUSDT,2026-01-06T14:24:18.142233,96.71,36,2,MEDIUM,2026-03-04T17:24:45.558009
WASH_TRADE,T0197,SOLUSDT,2026-01-06T15:06:18.245233,96.09,48,2,MEDIUM,2026-03-04T17:24:45.559339
WASH_TRADE,T0197,SOLUSDT,2026-01-06T15:20:51.637233,95.28,22,2,MEDIUM,2026-03-04T17:24:45.560070
WASH_TRADE,T0198,BTCUSDT,2026-01-06T14:08:55.985233,42001.89,24,2,MEDIUM,2026-03-04T17:24:45.563796
WASH_TRADE,T0198,BTCUSDT,2026-01-06T15:37:23.048233,41998.34,52,2,HIGH,2026-03-04T17:24:45.567189
WASH_TRADE,T0198,BTCUSDT,2026-01-06T15:49:31.776233,41999.46,44,2,MEDIUM,2026-03-04T17:24:45.567679
WASH_TRADE,T0198,ETHUSDT,2026-01-06T14:03:37.079233,2300.12,36,2,MEDIUM,2026-03-04T17:24:45.570690
WASH_TRADE,T0198,ETHUSDT,2026-01-06T15:47:23.075233,2296.92,56,2,HIGH,2026-03-04T17:24:45.575303
WASH_TRADE,T0198,ETHUSDT,2026-01-06T16:03:51.971233,2300.52,48,2,MEDIUM,2026-03-04T17:24:45.576080
WASH_TRADE,T0199,BTCUSDT,2026-01-06T13:20:00.060233,42000.74,36,2,MEDIUM,2026-03-04T17:24:45.582315
WASH_TRADE,T0199,BTCUSDT,2026-01-06T15:55:13.478233,42000.85,54,2,HIGH,2026-03-04T17:24:45.588467
WASH_TRADE,T0199,BTCUSDT,2026-01-06T16:03:26.323233,41997.96,52,2,HIGH,2026-03-04T17:24:45.588686
WASH_TRADE,T0199,ETHUSDT,2026-01-06T13:14:04.334233,2297.89,36,2,MEDIUM,2026-03-04T17:24:45.588963
WASH_TRADE,T0199,ETHUSDT,2026-01-06T16:07:40.242233,2299.64,44,2,MEDIUM,2026-03-04T17:24:45.594621
WASH_TRADE,T0199,SOLUSDT,2026-01-06T13:27:33.854233,96.73,26,2,MEDIUM,2026-03-04T17:24:45.595714
WASH_TRADE,T0199,SOLUSDT,2026-01-06T13:57:34.541233,97.5,44,2,MEDIUM,2026-03-04T17:24:45.596568
WASH_TRADE,T0199,SOLUSDT,2026-01-06T14:51:25.923233,96.75,50,2,MEDIUM,2026-03-04T17:24:45.598033
WASH_TRADE,T0199,SOLUSDT,2026-01-06T15:26:55.412233,93.83,58,2,HIGH,2026-03-04T17:24:45.598836
WASH_TRADE,T0199,SOLUSDT,2026-01-06T15:42:13.620233,97.96,38,2,MEDIUM,2026-03-04T17:24:45.599264
WASH_TRADE,T0199,SOLUSDT,2026-01-06T15:57:14.457233,97.0,24,2,MEDIUM,2026-03-04T17:24:45.599773
WASH_TRADE,T0199,SOLUSDT,2026-01-06T16:03:56.185233,95.24,60,2,HIGH,2026-03-04T17:24:45.600271
WASH_TRADE,T0200,BTCUSDT,2026-01-06T13:32:44.078233,42002.56,22,2,MEDIUM,2026-03-04T17:24:45.601412
WASH_TRADE,T0200,BTCUSDT,2026-01-06T14:24:58.080233,41999.14,60,2,HIGH,2026-03-04T17:24:45.603720
WASH_TRADE,T0200,BTCUSDT,2026-01-06T14:33:14.861233,41999.32,56,2,HIGH,2026-03-04T17:24:45.603932
WASH_TRADE,T0200,ETHUSDT,2026-01-06T13:32:48.721233,2297.82,32,2,MEDIUM,2026-03-04T17:24:45.607827
WASH_TRADE,T0200,ETHUSDT,2026-01-06T13:39:02.431233,2301.3,48,2,MEDIUM,2026-03-04T17:24:45.608150
WASH_TRADE,T0200,ETHUSDT,2026-01-06T14:23:34.363233,2301.36,48,2,MEDIUM,2026-03-04T17:24:45.609423
WASH_TRADE,T0200,ETHUSDT,2026-01-06T14:26:50.946233,2298.97,30,2,MEDIUM,2026-03-04T17:24:45.609533
WASH_TRADE,T0200,ETHUSDT,2026-01-06T14:27:32.089233,2299.71,60,2,HIGH,2026-03-04T17:24:45.609583
WASH_TRADE,T0200,SOLUSDT,2026-01-06T16:15:16.360233,95.41,50,2,MEDIUM,2026-03-04T17:24:45.620519
WASH_TRADE,T0201,BTCUSDT,2026-01-06T13:36:11.378233,42002.05,56,2,HIGH,2026-03-04T17:24:45.621589
WASH_TRADE,T0201,ETHUSDT,2026-01-06T13:40:47.664233,2296.32,44,2,MEDIUM,2026-03-04T17:24:45.627706
WASH_TRADE,T0202,ETHUSDT,2026-01-06T14:04:40.193233,2300.8,50,2,MEDIUM,2026-03-04T17:24:45.647573
WASH_TRADE,T0202,ETHUSDT,2026-01-06T14:28:50.522233,2304.68,58,2,HIGH,2026-03-04T17:24:45.648613
WASH_TRADE,T0202,ETHUSDT,2026-01-06T14:48:50.477233,2301.59,24,2,MEDIUM,2026-03-04T17:24:45.649601
WASH_TRADE,T0202,SOLUSDT,2026-01-06T14:09:00.077233,95.26,48,2,MEDIUM,2026-03-04T17:24:45.655209
WASH_TRADE,T0202,SOLUSDT,2026-01-06T15:12:18.342233,95.95,46,2,MEDIUM,2026-03-04T17:24:45.657359
WASH_TRADE,T0203,BTCUSDT,2026-01-06T15:48:09.795233,42000.03,56,2,HIGH,2026-03-04T17:24:45.664640
WASH_TRADE,T0203,ETHUSDT,2026-01-06T13:46:12.669233,2305.0,50,2,MEDIUM,2026-03-04T17:24:45.667445
WASH_TRADE,T0203,ETHUSDT,2026-01-06T13:47:12.965233,2302.53,60,2,HIGH,2026-03-04T17:24:45.667566
WASH_TRADE,T0203,ETHUSDT,2026-01-06T13:53:41.331233,2302.46,48,2,MEDIUM,2026-03-04T17:24:45.667748
WASH_TRADE,T0203,ETHUSDT,2026-01-06T14:13:31.258233,2299.79,40,2,MEDIUM,2026-03-04T17:24:45.668346
WASH_TRADE,T0203,ETHUSDT,2026-01-06T15:36:33.217233,2301.46,38,2,MEDIUM,2026-03-04T17:24:45.671056
WASH_TRADE,T0203,SOLUSDT,2026-01-06T13:27:56.622233,91.63,40,2,MEDIUM,2026-03-04T17:24:45.672568
WASH_TRADE,T0203,SOLUSDT,2026-01-06T14:25:14.156233,95.21,44,2,MEDIUM,2026-03-04T17:24:45.674995
WASH_TRADE,T0203,SOLUSDT,2026-01-06T15:35:34.282233,94.41,22,2,MEDIUM,2026-03-04T17:24:45.677208
WASH_TRADE,T0203,SOLUSDT,2026-01-06T15:43:36.579233,96.36,32,2,MEDIUM,2026-03-04T17:24:45.677732
WASH_TRADE,T0204,BTCUSDT,2026-01-06T14:39:43.295233,42000.14,48,2,MEDIUM,2026-03-04T17:24:45.681575
WASH_TRADE,T0204,BTCUSDT,2026-01-06T15:06:34.116233,41998.46,36,2,MEDIUM,2026-03-04T17:24:45.682674
WASH_TRADE,T0204,BTCUSDT,2026-01-06T15:26:20.447233,42001.55,56,2,HIGH,2026-03-04T17:24:45.683438
WASH_TRADE,T0204,BTCUSDT,2026-01-06T16:06:33.860233,41999.57,44,2,MEDIUM,2026-03-04T17:24:45.684491
WASH_TRADE,T0204,ETHUSDT,2026-01-06T13:28:37.129233,2296.66,40,2,MEDIUM,2026-03-04T17:24:45.685453
WASH_TRADE,T0205,BTCUSDT,2026-01-06T14:46:46.979233,41998.53,56,2,HIGH,2026-03-04T17:24:45.702057
WASH_TRADE,T0205,ETHUSDT,2026-01-06T13:17:35.022233,2300.78,30,2,MEDIUM,2026-03-04T17:24:45.705749
WASH_TRADE,T0205,ETHUSDT,2026-01-06T13:26:19.210233,2302.02,28,2,MEDIUM,2026-03-04T17:24:45.706078
WASH_TRADE,T0205,ETHUSDT,2026-01-06T13:46:29.879233,2299.53,30,2,MEDIUM,2026-03-04T17:24:45.706917
WASH_TRADE,T0205,ETHUSDT,2026-01-06T15:34:19.485233,2299.59,22,2,MEDIUM,2026-03-04T17:24:45.710731
WASH_TRADE,T0205,SOLUSDT,2026-01-06T14:09:40.853233,98.36,56,2,HIGH,2026-03-04T17:24:45.713654
WASH_TRADE,T0205,SOLUSDT,2026-01-06T14:31:31.251233,96.76,30,2,MEDIUM,2026-03-04T17:24:45.714412
WASH_TRADE,T0205,SOLUSDT,2026-01-06T15:01:49.009233,95.39,22,2,MEDIUM,2026-03-04T17:24:45.715274
WASH_TRADE,T0206,BTCUSDT,2026-01-06T14:19:19.089233,42001.01,20,2,MEDIUM,2026-03-04T17:24:45.720639
WASH_TRADE,T0206,ETHUSDT,2026-01-06T14:05:24.763233,2298.02,60,2,HIGH,2026-03-04T17:24:45.727083
WASH_TRADE,T0207,BTCUSDT,2026-01-06T13:56:25.286233,41997.94,54,2,HIGH,2026-03-04T17:24:45.739899
WASH_TRADE,T0207,BTCUSDT,2026-01-06T14:58:47.184233,42003.0,32,2,MEDIUM,2026-03-04T17:24:45.741841
WASH_TRADE,T0207,BTCUSDT,2026-01-06T15:10:23.184233,42004.67,22,2,MEDIUM,2026-03-04T17:24:45.742246
WASH_TRADE,T0207,BTCUSDT,2026-01-06T16:08:10.270233,41998.89,40,2,MEDIUM,2026-03-04T17:24:45.744232
WASH_TRADE,T0207,ETHUSDT,2026-01-06T14:20:22.027233,2305.52,36,2,MEDIUM,2026-03-04T17:24:45.747143
WASH_TRADE,T0207,SOLUSDT,2026-01-06T13:57:57.342233,94.68,50,2,MEDIUM,2026-03-04T17:24:45.753696
WASH_TRADE,T0207,SOLUSDT,2026-01-06T14:04:32.215233,95.87,20,2,MEDIUM,2026-03-04T17:24:45.753951
WASH_TRADE,T0208,BTCUSDT,2026-01-06T14:25:42.024233,41998.43,50,2,MEDIUM,2026-03-04T17:24:45.761872
WASH_TRADE,T0208,BTCUSDT,2026-01-06T14:48:32.681233,42000.68,32,2,MEDIUM,2026-03-04T17:24:45.762647
WASH_TRADE,T0208,BTCUSDT,2026-01-06T15:02:47.359233,42000.05,50,2,MEDIUM,2026-03-04T17:24:45.763218
WASH_TRADE,T0208,BTCUSDT,2026-01-06T15:52:17.571233,41999.74,24,2,MEDIUM,2026-03-04T17:24:45.765394
WASH_TRADE,T0208,ETHUSDT,2026-01-06T14:29:54.785233,2304.49,52,2,HIGH,2026-03-04T17:24:45.769063
WASH_TRADE,T0208,SOLUSDT,2026-01-06T14:57:24.015233,93.15,38,2,MEDIUM,2026-03-04T17:24:45.776307
WASH_TRADE,T0209,BTCUSDT,2026-01-06T13:32:33.707233,42000.1,58,2,HIGH,2026-03-04T17:24:45.780015
WASH_TRADE,T0209,BTCUSDT,2026-01-06T14:03:05.159233,41994.92,40,2,MEDIUM,2026-03-04T17:24:45.781065
WASH_TRADE,T0209,BTCUSDT,2026-01-06T14:13:20.706233,41999.6,36,2,MEDIUM,2026-03-04T17:24:45.781693
WASH_TRADE,T0209,ETHUSDT,2026-01-06T14:41:44.642233,2298.32,50,2,MEDIUM,2026-03-04T17:24:45.790593
WASH_TRADE,T0209,ETHUSDT,2026-01-06T15:34:02.531233,2302.42,56,2,HIGH,2026-03-04T17:24:45.792154
WASH_TRADE,T0209,ETHUSDT,2026-01-06T15:49:09.863233,2298.36,34,2,MEDIUM,2026-03-04T17:24:45.792701
WASH_TRADE,T0209,SOLUSDT,2026-01-06T13:54:57.446233,91.56,28,2,MEDIUM,2026-03-04T17:24:45.795051
WASH_TRADE,T0209,SOLUSDT,2026-01-06T14:32:08.482233,97.6,44,2,MEDIUM,2026-03-04T17:24:45.796631
WASH_TRADE,T0210,BTCUSDT,2026-01-06T13:53:26.713233,41997.92,26,2,MEDIUM,2026-03-04T17:24:45.803524
WASH_TRADE,T0210,ETHUSDT,2026-01-06T13:49:29.677233,2297.17,20,2,MEDIUM,2026-03-04T17:24:45.809250
WASH_TRADE,T0210,ETHUSDT,2026-01-06T15:30:48.310233,2298.22,38,2,MEDIUM,2026-03-04T17:24:45.812272
WASH_TRADE,T0210,ETHUSDT,2026-01-06T15:51:19.227233,2299.09,50,2,MEDIUM,2026-03-04T17:24:45.813378
WASH_TRADE,T0210,SOLUSDT,2026-01-06T13:40:01.999233,96.74,46,2,MEDIUM,2026-03-04T17:24:45.814939
WASH_TRADE,T0210,SOLUSDT,2026-01-06T14:54:38.692233,88.63,28,2,MEDIUM,2026-03-04T17:24:45.817596
WASH_TRADE,T0210,SOLUSDT,2026-01-06T15:34:39.534233,92.73,48,2,MEDIUM,2026-03-04T17:24:45.819818
WASH_TRADE,T0211,BTCUSDT,2026-01-06T14:58:49.842233,41996.67,42,2,MEDIUM,2026-03-04T17:24:45.824529
WASH_TRADE,T0211,ETHUSDT,2026-01-06T13:14:06.113233,2304.66,28,2,MEDIUM,2026-03-04T17:24:45.827475
WASH_TRADE,T0211,ETHUSDT,2026-01-06T14:42:55.990233,2296.12,44,2,MEDIUM,2026-03-04T17:24:45.830729
WASH_TRADE,T0211,SOLUSDT,2026-01-06T14:48:37.570233,95.44,36,2,MEDIUM,2026-03-04T17:24:45.838643
WASH_TRADE,T0211,SOLUSDT,2026-01-06T15:01:46.516233,96.2,52,2,HIGH,2026-03-04T17:24:45.839019
WASH_TRADE,T0211,SOLUSDT,2026-01-06T15:57:13.090233,100.81,48,2,MEDIUM,2026-03-04T17:24:45.840716
WASH_TRADE,T0212,BTCUSDT,2026-01-06T13:33:55.705233,42004.85,40,2,MEDIUM,2026-03-04T17:24:45.842093
WASH_TRADE,T0212,BTCUSDT,2026-01-06T14:26:12.983233,42001.44,20,2,MEDIUM,2026-03-04T17:24:45.843751
WASH_TRADE,T0212,ETHUSDT,2026-01-06T13:47:48.226233,2299.84,50,2,MEDIUM,2026-03-04T17:24:45.848531
WASH_TRADE,T0212,ETHUSDT,2026-01-06T15:57:03.136233,2299.7,48,2,MEDIUM,2026-03-04T17:24:45.852814
WASH_TRADE,T0212,SOLUSDT,2026-01-06T13:27:55.383233,91.24,46,2,MEDIUM,2026-03-04T17:24:45.853815
WASH_TRADE,T0212,SOLUSDT,2026-01-06T13:55:50.219233,95.24,24,2,MEDIUM,2026-03-04T17:24:45.854821
WASH_TRADE,T0212,SOLUSDT,2026-01-06T14:00:21.951233,94.13,48,2,MEDIUM,2026-03-04T17:24:45.854905
WASH_TRADE,T0212,SOLUSDT,2026-01-06T14:57:14.031233,97.64,60,2,HIGH,2026-03-04T17:24:45.856881
WASH_TRADE,T0213,BTCUSDT,2026-01-06T14:09:27.508233,41997.88,58,2,HIGH,2026-03-04T17:24:45.861601
WASH_TRADE,T0213,BTCUSDT,2026-01-06T14:47:24.842233,41999.37,28,2,MEDIUM,2026-03-04T17:24:45.863327
WASH_TRADE,T0213,BTCUSDT,2026-01-06T15:29:41.624233,41996.63,30,2,MEDIUM,2026-03-04T17:24:45.864430
WASH_TRADE,T0213,BTCUSDT,2026-01-06T15:52:28.684233,42002.93,56,2,HIGH,2026-03-04T17:24:45.865427
WASH_TRADE,T0213,ETHUSDT,2026-01-06T14:02:58.708233,2299.15,22,2,MEDIUM,2026-03-04T17:24:45.867591
WASH_TRADE,T0213,SOLUSDT,2026-01-06T13:35:40.384233,89.92,36,2,MEDIUM,2026-03-04T17:24:45.880531
WASH_TRADE,T0213,SOLUSDT,2026-01-06T14:20:25.866233,93.65,46,2,MEDIUM,2026-03-04T17:24:45.883411
WASH_TRADE,T0213,SOLUSDT,2026-01-06T15:43:39.957233,94.18,58,2,HIGH,2026-03-04T17:24:45.924989
WASH_TRADE,T0214,BTCUSDT,2026-01-06T13:58:09.683233,42000.4,58,2,HIGH,2026-03-04T17:24:45.928778
WASH_TRADE,T0214,BTCUSDT,2026-01-06T14:24:48.899233,42000.27,56,2,HIGH,2026-03-04T17:24:45.930141
WASH_TRADE,T0214,BTCUSDT,2026-01-06T14:48:58.449233,41999.34,58,2,HIGH,2026-03-04T17:24:45.931270
WASH_TRADE,T0214,BTCUSDT,2026-01-06T14:59:34.686233,41999.06,52,2,HIGH,2026-03-04T17:24:45.931606
WASH_TRADE,T0214,ETHUSDT,2026-01-06T15:05:59.056233,2301.31,32,2,MEDIUM,2026-03-04T17:24:45.938822
WASH_TRADE,T0215,BTCUSDT,2026-01-06T14:10:35.461233,42001.32,36,2,MEDIUM,2026-03-04T17:24:45.951839
WASH_TRADE,T0215,BTCUSDT,2026-01-06T14:31:56.669233,41997.38,28,2,MEDIUM,2026-03-04T17:24:45.952791
WASH_TRADE,T0215,ETHUSDT,2026-01-06T13:17:42.101233,2299.93,38,2,MEDIUM,2026-03-04T17:24:45.957516
WASH_TRADE,T0215,ETHUSDT,2026-01-06T14:23:43.398233,2301.13,48,2,MEDIUM,2026-03-04T17:24:45.960856
WASH_TRADE,T0215,ETHUSDT,2026-01-06T14:54:59.914233,2301.88,50,2,MEDIUM,2026-03-04T17:24:45.962087
WASH_TRADE,T0215,ETHUSDT,2026-01-06T15:13:18.193233,2305.62,32,2,MEDIUM,2026-03-04T17:24:45.962625
WASH_TRADE,T0215,SOLUSDT,2026-01-06T14:21:36.980233,93.66,34,2,MEDIUM,2026-03-04T17:24:45.968122
WASH_TRADE,T0215,SOLUSDT,2026-01-06T14:52:56.830233,99.32,32,2,MEDIUM,2026-03-04T17:24:45.969955
WASH_TRADE,T0215,SOLUSDT,2026-01-06T16:14:09.669233,96.53,38,2,MEDIUM,2026-03-04T17:24:45.973947
WASH_TRADE,T0216,BTCUSDT,2026-01-06T15:12:59.736233,41998.52,20,2,MEDIUM,2026-03-04T17:24:45.978498
WASH_TRADE,T0216,BTCUSDT,2026-01-06T16:04:52.358233,41996.72,22,2,MEDIUM,2026-03-04T17:24:45.980559
WASH_TRADE,T0216,ETHUSDT,2026-01-06T13:57:41.969233,2302.02,48,2,MEDIUM,2026-03-04T17:24:45.982314
WASH_TRADE,T0216,ETHUSDT,2026-01-06T14:25:49.747233,2302.5,26,2,MEDIUM,2026-03-04T17:24:45.983548
WASH_TRADE,T0216,ETHUSDT,2026-01-06T15:09:22.240233,2299.04,38,2,MEDIUM,2026-03-04T17:24:45.985770
WASH_TRADE,T0216,SOLUSDT,2026-01-06T14:20:37.634233,96.9,30,2,MEDIUM,2026-03-04T17:24:45.991382
WASH_TRADE,T0216,SOLUSDT,2026-01-06T16:10:34.691233,95.07,38,2,MEDIUM,2026-03-04T17:24:45.995150
WASH_TRADE,T0217,BTCUSDT,2026-01-06T13:12:58.208233,42001.4,40,2,MEDIUM,2026-03-04T17:24:45.995392
WASH_TRADE,T0217,BTCUSDT,2026-01-06T14:16:40.986233,41997.66,54,2,HIGH,2026-03-04T17:24:45.997427
WASH_TRADE,T0217,BTCUSDT,2026-01-06T15:33:31.161233,42000.6,40,2,MEDIUM,2026-03-04T17:24:46.000590
WASH_TRADE,T0217,ETHUSDT,2026-01-06T14:40:32.225233,2303.88,28,2,MEDIUM,2026-03-04T17:24:46.005332
WASH_TRADE,T0217,ETHUSDT,2026-01-06T15:25:52.360233,2299.94,26,2,MEDIUM,2026-03-04T17:24:46.006721
WASH_TRADE,T0217,ETHUSDT,2026-01-06T15:34:40.581233,2301.56,48,2,MEDIUM,2026-03-04T17:24:46.007025
WASH_TRADE,T0217,SOLUSDT,2026-01-06T14:05:33.645233,95.54,28,2,MEDIUM,2026-03-04T17:24:46.009932
WASH_TRADE,T0217,SOLUSDT,2026-01-06T14:52:20.058233,98.74,52,2,HIGH,2026-03-04T17:24:46.011206
WASH_TRADE,T0218,ETHUSDT,2026-01-06T13:33:24.396233,2301.16,60,2,HIGH,2026-03-04T17:24:46.021387
WASH_TRADE,T0218,ETHUSDT,2026-01-06T14:33:52.988233,2297.37,22,2,MEDIUM,2026-03-04T17:24:46.023512
WASH_TRADE,T0218,SOLUSDT,2026-01-06T13:21:14.659233,95.23,56,2,HIGH,2026-03-04T17:24:46.027760
WASH_TRADE,T0218,SOLUSDT,2026-01-06T13:36:30.388233,96.22,24,2,MEDIUM,2026-03-04T17:24:46.028208
WASH_TRADE,T0218,SOLUSDT,2026-01-06T14:23:57.382233,92.84,56,2,HIGH,2026-03-04T17:24:46.029860
WASH_TRADE,T0218,SOLUSDT,2026-01-06T15:07:13.035233,96.69,38,2,MEDIUM,2026-03-04T17:24:46.031350
WASH_TRADE,T0218,SOLUSDT,2026-01-06T16:09:00.978233,93.72,34,2,MEDIUM,2026-03-04T17:24:46.033449
WASH_TRADE,T0219,BTCUSDT,2026-01-06T14:50:08.520233,42001.17,40,2,MEDIUM,2026-03-04T17:24:46.037068
WASH_TRADE,T0219,BTCUSDT,2026-01-06T15:14:00.899233,42000.48,38,2,MEDIUM,2026-03-04T17:24:46.038154
WASH_TRADE,T0219,BTCUSDT,2026-01-06T15:18:29.119233,41994.89,44,2,MEDIUM,2026-03-04T17:24:46.038261
WASH_TRADE,T0219,ETHUSDT,2026-01-06T15:10:55.414233,2299.02,42,2,MEDIUM,2026-03-04T17:24:46.043975
WASH_TRADE,T0219,SOLUSDT,2026-01-06T13:16:19.853233,96.82,44,2,MEDIUM,2026-03-04T17:24:46.047283
WASH_TRADE,T0219,SOLUSDT,2026-01-06T13:26:11.191233,96.53,50,2,MEDIUM,2026-03-04T17:24:46.047570
WASH_TRADE,T0219,SOLUSDT,2026-01-06T14:26:52.242233,94.45,50,2,MEDIUM,2026-03-04T17:24:46.049455
WASH_TRADE,T0219,SOLUSDT,2026-01-06T15:01:19.203233,91.78,20,2,MEDIUM,2026-03-04T17:24:46.050730
WASH_TRADE,T0219,SOLUSDT,2026-01-06T15:43:52.763233,96.57,48,2,MEDIUM,2026-03-04T17:24:46.052051
WASH_TRADE,T0219,SOLUSDT,2026-01-06T15:47:02.114233,93.25,44,2,MEDIUM,2026-03-04T17:24:46.052274
WASH_TRADE,T0219,SOLUSDT,2026-01-06T15:52:44.361233,94.18,46,2,MEDIUM,2026-03-04T17:24:46.052584
WASH_TRADE,T0220,BTCUSDT,2026-01-06T14:52:07.542233,42004.16,46,2,MEDIUM,2026-03-04T17:24:46.056786
WASH_TRADE,T0220,BTCUSDT,2026-01-06T15:56:40.528233,42002.53,42,2,MEDIUM,2026-03-04T17:24:46.058440
WASH_TRADE,T0220,ETHUSDT,2026-01-06T13:46:41.066233,2300.34,20,2,MEDIUM,2026-03-04T17:24:46.060008
WASH_TRADE,T0220,ETHUSDT,2026-01-06T15:24:56.793233,2300.88,60,2,HIGH,2026-03-04T17:24:46.063746
WASH_TRADE,T0220,SOLUSDT,2026-01-06T15:24:02.582233,94.7,38,2,MEDIUM,2026-03-04T17:24:46.070110
WASH_TRADE,T0220,SOLUSDT,2026-01-06T15:35:01.668233,96.57,60,2,HIGH,2026-03-04T17:24:46.071062
WASH_TRADE,T0220,SOLUSDT,2026-01-06T15:48:11.093233,95.09,22,2,MEDIUM,2026-03-04T17:24:46.071412
WASH_TRADE,T0220,SOLUSDT,2026-01-06T15:49:13.077233,92.93,22,2,MEDIUM,2026-03-04T17:24:46.071486
WASH_TRADE,T0220,SOLUSDT,2026-01-06T16:09:29.828233,95.45,24,2,MEDIUM,2026-03-04T17:24:46.072816
WASH_TRADE,T0221,BTCUSDT,2026-01-06T15:36:57.186233,41996.8,40,2,MEDIUM,2026-03-04T17:24:46.077720
WASH_TRADE,T0221,ETHUSDT,2026-01-06T13:43:58.970233,2301.14,58,2,HIGH,2026-03-04T17:24:46.079747
WASH_TRADE,T0221,ETHUSDT,2026-01-06T15:37:04.307233,2300.87,32,2,MEDIUM,2026-03-04T17:24:46.084119
WASH_TRADE,T0221,ETHUSDT,2026-01-06T15:42:18.898233,2299.71,40,2,MEDIUM,2026-03-04T17:24:46.084317
WASH_TRADE,T0221,ETHUSDT,2026-01-06T15:46:07.197233,2297.59,46,2,MEDIUM,2026-03-04T17:24:46.084479
WASH_TRADE,T0221,SOLUSDT,2026-01-06T14:20:36.450233,93.07,20,2,MEDIUM,2026-03-04T17:24:46.087735
WASH_TRADE,T0221,SOLUSDT,2026-01-06T14:55:43.517233,92.54,36,2,MEDIUM,2026-03-04T17:24:46.088917
WASH_TRADE,T0221,SOLUSDT,2026-01-06T15:09:04.249233,91.87,56,2,HIGH,2026-03-04T17:24:46.089433
WASH_TRADE,T0222,BTCUSDT,2026-01-06T13:14:18.045233,42000.15,28,2,MEDIUM,2026-03-04T17:24:46.092016
WASH_TRADE,T0222,BTCUSDT,2026-01-06T15:27:21.004233,41998.63,44,2,MEDIUM,2026-03-04T17:24:46.097810
WASH_TRADE,T0222,BTCUSDT,2026-01-06T15:38:35.994233,41996.59,60,2,HIGH,2026-03-04T17:24:46.098111
WASH_TRADE,T0222,ETHUSDT,2026-01-06T13:45:12.355233,2297.65,48,2,MEDIUM,2026-03-04T17:24:46.100399
WASH_TRADE,T0222,ETHUSDT,2026-01-06T14:11:14.908233,2300.15,32,2,MEDIUM,2026-03-04T17:24:46.102274
WASH_TRADE,T0222,ETHUSDT,2026-01-06T14:30:31.607233,2300.7,24,2,MEDIUM,2026-03-04T17:24:46.103460
WASH_TRADE,T0222,ETHUSDT,2026-01-06T14:48:33.065233,2295.73,48,2,MEDIUM,2026-03-04T17:24:46.104129
WASH_TRADE,T0223,BTCUSDT,2026-01-06T13:46:37.955233,42000.79,48,2,MEDIUM,2026-03-04T17:24:46.118205
WASH_TRADE,T0223,BTCUSDT,2026-01-06T13:51:44.626233,42002.85,34,2,MEDIUM,2026-03-04T17:24:46.118447
WASH_TRADE,T0223,BTCUSDT,2026-01-06T14:13:08.257233,41998.98,54,2,HIGH,2026-03-04T17:24:46.119562
WASH_TRADE,T0223,ETHUSDT,2026-01-06T13:15:28.450233,2299.9,52,2,HIGH,2026-03-04T17:24:46.124417
WASH_TRADE,T0223,ETHUSDT,2026-01-06T16:10:53.662233,2300.78,54,2,HIGH,2026-03-04T17:24:46.132924
WASH_TRADE,T0223,SOLUSDT,2026-01-06T15:00:38.665233,93.49,50,2,MEDIUM,2026-03-04T17:24:46.137467
WASH_TRADE,T0223,SOLUSDT,2026-01-06T16:09:16.712233,95.82,30,2,MEDIUM,2026-03-04T17:24:46.140352
WASH_TRADE,T0224,BTCUSDT,2026-01-06T13:18:51.663233,42004.19,44,2,MEDIUM,2026-03-04T17:24:46.140887
WASH_TRADE,T0224,BTCUSDT,2026-01-06T15:24:36.702233,42000.28,48,2,MEDIUM,2026-03-04T17:24:46.145937
WASH_TRADE,T0224,BTCUSDT,2026-01-06T16:06:25.557233,41999.16,34,2,MEDIUM,2026-03-04T17:24:46.147584
WASH_TRADE,T0224,BTCUSDT,2026-01-06T16:08:25.097233,42002.27,42,2,MEDIUM,2026-03-04T17:24:46.147711
WASH_TRADE,T0224,ETHUSDT,2026-01-06T13:42:55.706233,2301.43,50,2,MEDIUM,2026-03-04T17:24:46.148610
WASH_TRADE,T0224,ETHUSDT,2026-01-06T13:48:16.121233,2301.48,24,2,MEDIUM,2026-03-04T17:24:46.148979
WASH_TRADE,T0224,ETHUSDT,2026-01-06T13:58:45.702233,2301.24,48,2,MEDIUM,2026-03-04T17:24:46.149450
WASH_TRADE,T0224,SOLUSDT,2026-01-06T13:17:55.032233,97.23,32,2,MEDIUM,2026-03-04T17:24:46.154728
WASH_TRADE,T0224,SOLUSDT,2026-01-06T14:15:33.511233,95.55,26,2,MEDIUM,2026-03-04T17:24:46.156772
WASH_TRADE,T0225,BTCUSDT,2026-01-06T13:34:33.601233,41999.99,38,2,MEDIUM,2026-03-04T17:24:46.161599
WASH_TRADE,T0225,BTCUSDT,2026-01-06T13:55:23.786233,41998.68,20,2,MEDIUM,2026-03-04T17:24:46.162567
WASH_TRADE,T0225,BTCUSDT,2026-01-06T15:05:48.738233,42000.51,34,2,MEDIUM,2026-03-04T17:24:46.164783
WASH_TRADE,T0225,SOLUSDT,2026-01-06T14:33:48.601233,93.31,58,2,HIGH,2026-03-04T17:24:46.175719
WASH_TRADE,T0225,SOLUSDT,2026-01-06T15:07:26.422233,96.58,58,2,HIGH,2026-03-04T17:24:46.176701
WASH_TRADE,T0225,SOLUSDT,2026-01-06T15:59:16.283233,95.11,42,2,MEDIUM,2026-03-04T17:24:46.178687
WASH_TRADE,T0226,BTCUSDT,2026-01-06T13:57:20.373233,42001.44,24,2,MEDIUM,2026-03-04T17:24:46.181540
WASH_TRADE,T0226,BTCUSDT,2026-01-06T14:22:02.269233,41999.09,38,2,MEDIUM,2026-03-04T17:24:46.182659
WASH_TRADE,T0226,BTCUSDT,2026-01-06T15:01:07.706233,41995.55,50,2,MEDIUM,2026-03-04T17:24:46.184128
WASH_TRADE,T0226,ETHUSDT,2026-01-06T13:26:32.032233,2298.82,28,2,MEDIUM,2026-03-04T17:24:46.186812
WASH_TRADE,T0226,ETHUSDT,2026-01-06T14:05:50.488233,2300.64,56,2,HIGH,2026-03-04T17:24:46.188527
WASH_TRADE,T0226,ETHUSDT,2026-01-06T14:42:44.618233,2299.94,22,2,MEDIUM,2026-03-04T17:24:46.189715
WASH_TRADE,T0226,SOLUSDT,2026-01-06T14:41:04.904233,96.35,42,2,MEDIUM,2026-03-04T17:24:46.195377
WASH_TRADE,T0227,BTCUSDT,2026-01-06T13:33:54.972233,41996.51,58,2,HIGH,2026-03-04T17:24:46.200133
WASH_TRADE,T0227,BTCUSDT,2026-01-06T15:00:50.879233,42000.9,48,2,MEDIUM,2026-03-04T17:24:46.203535
WASH_TRADE,T0227,ETHUSDT,2026-01-06T13:55:40.698233,2304.49,48,2,MEDIUM,2026-03-04T17:24:46.208062
WASH_TRADE,T0227,ETHUSDT,2026-01-06T14:11:20.051233,2297.88,22,2,MEDIUM,2026-03-04T17:24:46.208961
WASH_TRADE,T0227,ETHUSDT,2026-01-06T16:01:17.581233,2302.51,38,2,MEDIUM,2026-03-04T17:24:46.213856
WASH_TRADE,T0227,SOLUSDT,2026-01-06T13:13:25.767233,92.04,50,2,MEDIUM,2026-03-04T17:24:46.214290
WASH_TRADE,T0227,SOLUSDT,2026-01-06T13:19:29.719233,93.45,46,2,MEDIUM,2026-03-04T17:24:46.214808
WASH_TRADE,T0227,SOLUSDT,2026-01-06T14:34:20.870233,93.75,50,2,MEDIUM,2026-03-04T17:24:46.217894
WASH_TRADE,T0227,SOLUSDT,2026-01-06T14:41:57.754233,95.73,58,2,HIGH,2026-03-04T17:24:46.218093
WASH_TRADE,T0228,BTCUSDT,2026-01-06T13:40:51.385233,42000.24,44,2,MEDIUM,2026-03-04T17:24:46.222876
WASH_TRADE,T0228,BTCUSDT,2026-01-06T14:08:40.507233,41997.69,36,2,MEDIUM,2026-03-04T17:24:46.223663
WASH_TRADE,T0228,ETHUSDT,2026-01-06T14:54:20.567233,2297.65,22,2,MEDIUM,2026-03-04T17:24:46.231493
WASH_TRADE,T0228,ETHUSDT,2026-01-06T15:57:27.168233,2302.18,48,2,MEDIUM,2026-03-04T17:24:46.233786
WASH_TRADE,T0228,ETHUSDT,2026-01-06T16:00:27.491233,2299.66,56,2,HIGH,2026-03-04T17:24:46.233933
WASH_TRADE,T0228,SOLUSDT,2026-01-06T13:26:57.336233,94.58,38,2,MEDIUM,2026-03-04T17:24:46.235202
WASH_TRADE,T0228,SOLUSDT,2026-01-06T13:43:27.826233,95.68,28,2,MEDIUM,2026-03-04T17:24:46.235878
WASH_TRADE,T0228,SOLUSDT,2026-01-06T14:28:10.096233,91.87,30,2,MEDIUM,2026-03-04T17:24:46.237978
WASH_TRADE,T0229,BTCUSDT,2026-01-06T13:26:19.815233,42002.8,52,2,HIGH,2026-03-04T17:24:46.241947
WASH_TRADE,T0229,BTCUSDT,2026-01-06T14:06:44.343233,42001.1,56,2,HIGH,2026-03-04T17:24:46.243628
WASH_TRADE,T0229,BTCUSDT,2026-01-06T14:10:20.169233,41998.14,58,2,HIGH,2026-03-04T17:24:46.244058
WASH_TRADE,T0229,BTCUSDT,2026-01-06T14:40:40.825233,42004.71,48,2,MEDIUM,2026-03-04T17:24:46.245111
WASH_TRADE,T0229,BTCUSDT,2026-01-06T15:54:48.013233,41999.78,22,2,MEDIUM,2026-03-04T17:24:46.248030
WASH_TRADE,T0229,ETHUSDT,2026-01-06T13:44:15.464233,2297.5,28,2,MEDIUM,2026-03-04T17:24:46.249670
WASH_TRADE,T0229,ETHUSDT,2026-01-06T14:57:51.201233,2300.47,28,2,MEDIUM,2026-03-04T17:24:46.251937
WASH_TRADE,T0229,SOLUSDT,2026-01-06T13:16:21.790233,95.15,50,2,MEDIUM,2026-03-04T17:24:46.255319
WASH_TRADE,T0229,SOLUSDT,2026-01-06T13:25:26.393233,92.76,32,2,MEDIUM,2026-03-04T17:24:46.255695
WASH_TRADE,T0229,SOLUSDT,2026-01-06T13:43:29.721233,94.36,44,2,MEDIUM,2026-03-04T17:24:46.256043
WASH_TRADE,T0229,SOLUSDT,2026-01-06T15:47:51.792233,93.31,48,2,MEDIUM,2026-03-04T17:24:46.260736
WASH_TRADE,T0229,SOLUSDT,2026-01-06T16:05:32.914233,91.41,34,2,MEDIUM,2026-03-04T17:24:46.261334
WASH_TRADE,T0229,SOLUSDT,2026-01-06T16:09:00.299233,92.26,44,2,MEDIUM,2026-03-04T17:24:46.261652
WASH_TRADE,T0230,BTCUSDT,2026-01-06T13:47:37.980233,41997.4,48,2,MEDIUM,2026-03-04T17:24:46.263103
WASH_TRADE,T0230,BTCUSDT,2026-01-06T15:18:39.482233,41997.23,50,2,MEDIUM,2026-03-04T17:24:46.265890
WASH_TRADE,T0230,BTCUSDT,2026-01-06T15:22:15.574233,42003.22,44,2,MEDIUM,2026-03-04T17:24:46.266246
WASH_TRADE,T0230,ETHUSDT,2026-01-06T13:32:00.216233,2297.35,22,2,MEDIUM,2026-03-04T17:24:46.269392
WASH_TRADE,T0230,ETHUSDT,2026-01-06T14:05:23.360233,2298.35,46,2,MEDIUM,2026-03-04T17:24:46.270696
WASH_TRADE,T0230,ETHUSDT,2026-01-06T15:09:47.806233,2299.52,52,2,HIGH,2026-03-04T17:24:46.272991
WASH_TRADE,T0230,SOLUSDT,2026-01-06T13:29:50.181233,94.66,46,2,MEDIUM,2026-03-04T17:24:46.275202
WASH_TRADE,T0230,SOLUSDT,2026-01-06T13:43:50.432233,92.25,52,2,HIGH,2026-03-04T17:24:46.275555
WASH_TRADE,T0230,SOLUSDT,2026-01-06T14:08:26.462233,92.41,42,2,MEDIUM,2026-03-04T17:24:46.276355
WASH_TRADE,T0230,SOLUSDT,2026-01-06T14:12:44.510233,93.97,42,2,MEDIUM,2026-03-04T17:24:46.276534
WASH_TRADE,T0230,SOLUSDT,2026-01-06T14:52:37.552233,93.66,42,2,MEDIUM,2026-03-04T17:24:46.277690
WASH_TRADE,T0231,BTCUSDT,2026-01-06T14:10:51.451233,41998.27,50,2,MEDIUM,2026-03-04T17:24:46.282314
WASH_TRADE,T0231,BTCUSDT,2026-01-06T15:42:25.778233,41999.13,32,2,MEDIUM,2026-03-04T17:24:46.286286
WASH_TRADE,T0231,ETHUSDT,2026-01-06T14:20:49.948233,2299.41,32,2,MEDIUM,2026-03-04T17:24:46.289945
WASH_TRADE,T0231,SOLUSDT,2026-01-06T13:50:23.798233,90.77,50,2,MEDIUM,2026-03-04T17:24:46.295190
WASH_TRADE,T0231,SOLUSDT,2026-01-06T14:33:02.862233,96.81,38,2,MEDIUM,2026-03-04T17:24:46.297522
WASH_TRADE,T0231,SOLUSDT,2026-01-06T16:03:45.146233,92.57,52,2,HIGH,2026-03-04T17:24:46.300132
WASH_TRADE,T0232,BTCUSDT,2026-01-06T14:07:03.416233,41996.69,30,2,MEDIUM,2026-03-04T17:24:46.303294
WASH_TRADE,T0232,BTCUSDT,2026-01-06T14:47:49.791233,41999.09,58,2,HIGH,2026-03-04T17:24:46.304820
WASH_TRADE,T0232,BTCUSDT,2026-01-06T14:53:47.200233,41999.42,30,2,MEDIUM,2026-03-04T17:24:46.305082
WASH_TRADE,T0232,BTCUSDT,2026-01-06T14:58:13.367233,42001.21,56,2,HIGH,2026-03-04T17:24:46.305425
WASH_TRADE,T0232,ETHUSDT,2026-01-06T14:06:41.446233,2294.64,46,2,MEDIUM,2026-03-04T17:24:46.310432
WASH_TRADE,T0232,ETHUSDT,2026-01-06T15:14:45.769233,2303.02,34,2,MEDIUM,2026-03-04T17:24:46.313683
WASH_TRADE,T0232,SOLUSDT,2026-01-06T13:49:10.598233,95.13,46,2,MEDIUM,2026-03-04T17:24:46.317022
WASH_TRADE,T0233,BTCUSDT,2026-01-06T13:44:46.993233,42001.33,44,2,MEDIUM,2026-03-04T17:24:46.323698
WASH_TRADE,T0233,BTCUSDT,2026-01-06T14:16:19.611233,42000.29,48,2,MEDIUM,2026-03-04T17:24:46.324818
WASH_TRADE,T0233,BTCUSDT,2026-01-06T15:26:07.276233,42001.03,20,2,MEDIUM,2026-03-04T17:24:46.327911
WASH_TRADE,T0233,ETHUSDT,2026-01-06T13:16:25.194233,2300.84,20,2,MEDIUM,2026-03-04T17:24:46.330282
WASH_TRADE,T0233,ETHUSDT,2026-01-06T14:25:00.916233,2300.72,30,2,MEDIUM,2026-03-04T17:24:46.333165
WASH_TRADE,T0233,ETHUSDT,2026-01-06T15:17:43.259233,2298.62,50,2,MEDIUM,2026-03-04T17:24:46.335565
WASH_TRADE,T0233,SOLUSDT,2026-01-06T14:11:34.725233,95.0,48,2,MEDIUM,2026-03-04T17:24:46.339960
WASH_TRADE,T0233,SOLUSDT,2026-01-06T15:33:30.032233,97.36,26,2,MEDIUM,2026-03-04T17:24:46.342643
WASH_TRADE,T0233,SOLUSDT,2026-01-06T15:53:11.043233,94.48,38,2,MEDIUM,2026-03-04T17:24:46.343455
WASH_TRADE,T0234,BTCUSDT,2026-01-06T13:34:13.723233,42001.44,54,2,HIGH,2026-03-04T17:24:46.345417
WASH_TRADE,T0234,BTCUSDT,2026-01-06T14:07:07.488233,41999.49,54,2,HIGH,2026-03-04T17:24:46.346729
WASH_TRADE,T0234,BTCUSDT,2026-01-06T14:53:31.785233,42000.98,50,2,MEDIUM,2026-03-04T17:24:46.348807
WASH_TRADE,T0234,BTCUSDT,2026-01-06T15:32:07.236233,42001.92,38,2,MEDIUM,2026-03-04T17:24:46.350305
WASH_TRADE,T0234,ETHUSDT,2026-01-06T14:08:01.482233,2301.44,50,2,MEDIUM,2026-03-04T17:24:46.353381
WASH_TRADE,T0235,BTCUSDT,2026-01-06T15:03:42.395233,42000.87,30,2,MEDIUM,2026-03-04T17:24:46.369146
WASH_TRADE,T0235,ETHUSDT,2026-01-06T13:33:40.144233,2299.83,60,2,HIGH,2026-03-04T17:24:46.372537
WASH_TRADE,T0235,ETHUSDT,2026-01-06T14:47:56.502233,2299.8,32,2,MEDIUM,2026-03-04T17:24:46.374986
WASH_TRADE,T0235,ETHUSDT,2026-01-06T15:24:01.719233,2298.58,28,2,MEDIUM,2026-03-04T17:24:46.376408
WASH_TRADE,T0236,BTCUSDT,2026-01-06T13:45:35.116233,42001.93,58,2,HIGH,2026-03-04T17:24:46.386351
WASH_TRADE,T0236,BTCUSDT,2026-01-06T16:06:19.851233,41998.89,22,2,MEDIUM,2026-03-04T17:24:46.392173
WASH_TRADE,T0236,ETHUSDT,2026-01-06T14:11:37.692233,2301.19,36,2,MEDIUM,2026-03-04T17:24:46.394360
WASH_TRADE,T0236,ETHUSDT,2026-01-06T14:45:59.618233,2300.78,48,2,MEDIUM,2026-03-04T17:24:46.395582
WASH_TRADE,T0236,SOLUSDT,2026-01-06T13:24:39.611233,97.45,54,2,HIGH,2026-03-04T17:24:46.399377
WASH_TRADE,T0236,SOLUSDT,2026-01-06T13:32:29.543233,99.4,36,2,MEDIUM,2026-03-04T17:24:46.399742
WASH_TRADE,T0236,SOLUSDT,2026-01-06T14:35:43.743233,100.71,22,2,MEDIUM,2026-03-04T17:24:46.402040
WASH_TRADE,T0236,SOLUSDT,2026-01-06T14:42:58.577233,94.23,32,2,MEDIUM,2026-03-04T17:24:46.402404
WASH_TRADE,T0236,SOLUSDT,2026-01-06T14:51:38.195233,93.84,54,2,HIGH,2026-03-04T17:24:46.402838
WASH_TRADE,T0236,SOLUSDT,2026-01-06T15:00:39.524233,94.2,32,2,MEDIUM,2026-03-04T17:24:46.403571
WASH_TRADE,T0236,SOLUSDT,2026-01-06T15:57:46.125233,96.15,38,2,MEDIUM,2026-03-04T17:24:46.405343
WASH_TRADE,T0236,SOLUSDT,2026-01-06T16:08:47.509233,97.77,36,2,MEDIUM,2026-03-04T17:24:46.405750
WASH_TRADE,T0237,BTCUSDT,2026-01-06T13:43:41.685233,42001.06,40,2,MEDIUM,2026-03-04T17:24:46.406968
WASH_TRADE,T0237,BTCUSDT,2026-01-06T15:11:12.211233,42000.02,58,2,HIGH,2026-03-04T17:24:46.409916
WASH_TRADE,T0237,BTCUSDT,2026-01-06T15:57:43.428233,42001.05,24,2,MEDIUM,2026-03-04T17:24:46.411736
WASH_TRADE,T0237,SOLUSDT,2026-01-06T13:50:59.942233,94.37,54,2,HIGH,2026-03-04T17:24:46.419947
WASH_TRADE,T0238,BTCUSDT,2026-01-06T13:17:44.353233,42002.46,22,2,MEDIUM,2026-03-04T17:24:46.424613
WASH_TRADE,T0238,BTCUSDT,2026-01-06T13:25:20.714233,42000.98,58,2,HIGH,2026-03-04T17:24:46.424866
WASH_TRADE,T0238,ETHUSDT,2026-01-06T13:18:32.115233,2302.68,44,2,MEDIUM,2026-03-04T17:24:46.431639
WASH_TRADE,T0238,ETHUSDT,2026-01-06T14:23:31.934233,2299.18,30,2,MEDIUM,2026-03-04T17:24:46.433852
WASH_TRADE,T0238,ETHUSDT,2026-01-06T15:54:13.382233,2298.85,20,2,MEDIUM,2026-03-04T17:24:46.437081
WASH_TRADE,T0238,SOLUSDT,2026-01-06T13:45:37.104233,96.1,42,2,MEDIUM,2026-03-04T17:24:46.438910
WASH_TRADE,T0238,SOLUSDT,2026-01-06T14:04:18.566233,91.83,32,2,MEDIUM,2026-03-04T17:24:46.439734
WASH_TRADE,T0238,SOLUSDT,2026-01-06T15:31:35.915233,94.2,50,2,MEDIUM,2026-03-04T17:24:46.444181
WASH_TRADE,T0238,SOLUSDT,2026-01-06T15:43:42.180233,96.34,50,2,MEDIUM,2026-03-04T17:24:46.444783
WASH_TRADE,T0239,BTCUSDT,2026-01-06T13:47:15.214233,41998.38,56,2,HIGH,2026-03-04T17:24:46.447464
WASH_TRADE,T0239,BTCUSDT,2026-01-06T14:45:24.957233,42001.86,36,2,MEDIUM,2026-03-04T17:24:46.449748
WASH_TRADE,T0239,BTCUSDT,2026-01-06T15:03:03.225233,42002.99,22,2,MEDIUM,2026-03-04T17:24:46.450282
WASH_TRADE,T0239,BTCUSDT,2026-01-06T15:18:23.738233,42002.29,34,2,MEDIUM,2026-03-04T17:24:46.450730
WASH_TRADE,T0239,BTCUSDT,2026-01-06T16:09:36.668233,41999.86,36,2,MEDIUM,2026-03-04T17:24:46.453154
WASH_TRADE,T0239,ETHUSDT,2026-01-06T13:56:14.209233,2300.47,58,2,HIGH,2026-03-04T17:24:46.455137
WASH_TRADE,T0239,ETHUSDT,2026-01-06T14:05:32.374233,2302.27,20,2,MEDIUM,2026-03-04T17:24:46.455657
WASH_TRADE,T0239,ETHUSDT,2026-01-06T15:59:05.190233,2301.93,44,2,MEDIUM,2026-03-04T17:24:46.459902
WASH_TRADE,T0239,ETHUSDT,2026-01-06T16:02:49.033233,2302.63,42,2,MEDIUM,2026-03-04T17:24:46.460067
WASH_TRADE,T0239,SOLUSDT,2026-01-06T14:22:27.689233,94.87,50,2,MEDIUM,2026-03-04T17:24:46.462990
WASH_TRADE,T0239,SOLUSDT,2026-01-06T14:48:52.972233,96.85,24,2,MEDIUM,2026-03-04T17:24:46.463791
WASH_TRADE,T0239,SOLUSDT,2026-01-06T15:07:30.347233,94.23,32,2,MEDIUM,2026-03-04T17:24:46.464465
WASH_TRADE,T0239,SOLUSDT,2026-01-06T15:37:51.112233,92.73,50,2,MEDIUM,2026-03-04T17:24:46.465701
WASH_TRADE,T0240,ETHUSDT,2026-01-06T13:44:53.792233,2296.92,40,2,MEDIUM,2026-03-04T17:24:46.474714
WASH_TRADE,T0240,ETHUSDT,2026-01-06T14:03:02.761233,2300.07,48,2,MEDIUM,2026-03-04T17:24:46.475390
WASH_TRADE,T0240,ETHUSDT,2026-01-06T14:56:27.736233,2298.29,58,2,HIGH,2026-03-04T17:24:46.477179
WASH_TRADE,T0240,ETHUSDT,2026-01-06T15:51:40.929233,2299.54,20,2,MEDIUM,2026-03-04T17:24:46.478638
WASH_TRADE,T0240,SOLUSDT,2026-01-06T13:38:03.105233,94.96,34,2,MEDIUM,2026-03-04T17:24:46.480142
WASH_TRADE,T0240,SOLUSDT,2026-01-06T14:27:15.531233,94.51,44,2,MEDIUM,2026-03-04T17:24:46.482008
WASH_TRADE,T0240,SOLUSDT,2026-01-06T14:49:57.534233,95.4,36,2,MEDIUM,2026-03-04T17:24:46.482989
WASH_TRADE,T0241,BTCUSDT,2026-01-06T13:36:01.734233,42001.8,42,2,MEDIUM,2026-03-04T17:24:46.486428
WASH_TRADE,T0241,BTCUSDT,2026-01-06T15:49:22.171233,42002.93,20,2,MEDIUM,2026-03-04T17:24:46.491966
WASH_TRADE,T0241,ETHUSDT,2026-01-06T13:57:32.154233,2300.37,46,2,MEDIUM,2026-03-04T17:24:46.494680
WASH_TRADE,T0241,ETHUSDT,2026-01-06T14:16:52.660233,2297.25,36,2,MEDIUM,2026-03-04T17:24:46.495315
WASH_TRADE,T0241,ETHUSDT,2026-01-06T15:15:38.943233,2299.35,24,2,MEDIUM,2026-03-04T17:24:46.497742
WASH_TRADE,T0241,ETHUSDT,2026-01-06T15:23:49.265233,2299.69,50,2,MEDIUM,2026-03-04T17:24:46.498143
WASH_TRADE,T0241,ETHUSDT,2026-01-06T15:33:45.516233,2301.89,60,2,HIGH,2026-03-04T17:24:46.498553
WASH_TRADE,T0241,SOLUSDT,2026-01-06T13:55:30.659233,97.44,26,2,MEDIUM,2026-03-04T17:24:46.501308
WASH_TRADE,T0242,BTCUSDT,2026-01-06T13:46:40.713233,41998.22,40,2,MEDIUM,2026-03-04T17:24:46.508787
WASH_TRADE,T0242,BTCUSDT,2026-01-06T14:07:00.588233,42001.81,36,2,MEDIUM,2026-03-04T17:24:46.509749
WASH_TRADE,T0242,BTCUSDT,2026-01-06T14:51:07.869233,42001.01,38,2,MEDIUM,2026-03-04T17:24:46.511280
WASH_TRADE,T0242,BTCUSDT,2026-01-06T15:13:45.969233,42003.98,58,2,HIGH,2026-03-04T17:24:46.512271
WASH_TRADE,T0242,BTCUSDT,2026-01-06T15:16:18.093233,42000.32,30,2,MEDIUM,2026-03-04T17:24:46.512455
WASH_TRADE,T0242,BTCUSDT,2026-01-06T15:16:24.344233,42002.99,34,2,MEDIUM,2026-03-04T17:24:46.512504
WASH_TRADE,T0242,BTCUSDT,2026-01-06T16:12:30.791233,42001.64,60,2,HIGH,2026-03-04T17:24:46.514658
WASH_TRADE,T0242,BTCUSDT,2026-01-06T16:16:05.535233,41998.65,24,2,MEDIUM,2026-03-04T17:24:46.514922
WASH_TRADE,T0242,ETHUSDT,2026-01-06T13:51:08.491233,2298.41,36,2,MEDIUM,2026-03-04T17:24:46.516517
WASH_TRADE,T0242,ETHUSDT,2026-01-06T14:23:17.384233,2299.81,30,2,MEDIUM,2026-03-04T17:24:46.517430
WASH_TRADE,T0242,SOLUSDT,2026-01-06T15:54:47.929233,94.5,58,2,HIGH,2026-03-04T17:24:46.527322
WASH_TRADE,T0242,SOLUSDT,2026-01-06T15:58:30.969233,95.63,58,2,HIGH,2026-03-04T17:24:46.527485
WASH_TRADE,T0243,BTCUSDT,2026-01-06T14:55:05.991233,42000.94,36,2,MEDIUM,2026-03-04T17:24:46.532246
WASH_TRADE,T0243,BTCUSDT,2026-01-06T14:57:32.942233,42000.14,40,2,MEDIUM,2026-03-04T17:24:46.532349
WASH_TRADE,T0243,BTCUSDT,2026-01-06T15:23:55.180233,41999.66,42,2,MEDIUM,2026-03-04T17:24:46.533168
WASH_TRADE,T0243,ETHUSDT,2026-01-06T14:11:44.492233,2300.82,54,2,HIGH,2026-03-04T17:24:46.536895
WASH_TRADE,T0243,ETHUSDT,2026-01-06T15:23:45.932233,2297.82,28,2,MEDIUM,2026-03-04T17:24:46.539791
WASH_TRADE,T0243,SOLUSDT,2026-01-06T13:39:49.223233,97.87,52,2,HIGH,2026-03-04T17:24:46.543085
WASH_TRADE,T0243,SOLUSDT,2026-01-06T14:53:21.716233,94.41,24,2,MEDIUM,2026-03-04T17:24:46.545663
WASH_TRADE,T0244,BTCUSDT,2026-01-06T13:44:15.718233,41997.22,46,2,MEDIUM,2026-03-04T17:24:46.549335
WASH_TRADE,T0244,BTCUSDT,2026-01-06T14:01:20.673233,42000.98,34,2,MEDIUM,2026-03-04T17:24:46.549955
WASH_TRADE,T0244,BTCUSDT,2026-01-06T14:42:45.982233,41994.79,60,2,HIGH,2026-03-04T17:24:46.551246
WASH_TRADE,T0244,BTCUSDT,2026-01-06T14:45:19.960233,42000.95,20,2,MEDIUM,2026-03-04T17:24:46.551460
WASH_TRADE,T0244,BTCUSDT,2026-01-06T15:17:52.176233,42004.28,32,2,MEDIUM,2026-03-04T17:24:46.552432
WASH_TRADE,T0244,ETHUSDT,2026-01-06T13:15:36.908233,2302.33,52,2,HIGH,2026-03-04T17:24:46.554707
WASH_TRADE,T0244,ETHUSDT,2026-01-06T14:31:06.118233,2298.71,20,2,MEDIUM,2026-03-04T17:24:46.557560
WASH_TRADE,T0244,ETHUSDT,2026-01-06T14:47:22.420233,2294.61,26,2,MEDIUM,2026-03-04T17:24:46.558322
WASH_TRADE,T0244,ETHUSDT,2026-01-06T15:29:00.050233,2303.86,58,2,HIGH,2026-03-04T17:24:46.560020
WASH_TRADE,T0244,SOLUSDT,2026-01-06T14:57:46.674233,94.86,52,2,HIGH,2026-03-04T17:24:46.566146
WASH_TRADE,T0245,BTCUSDT,2026-01-06T15:07:14.983233,42000.44,30,2,MEDIUM,2026-03-04T17:24:46.573934
WASH_TRADE,T0245,BTCUSDT,2026-01-06T15:15:02.317233,42001.14,36,2,MEDIUM,2026-03-04T17:24:46.574304
WASH_TRADE,T0245,ETHUSDT,2026-01-06T13:18:55.250233,2300.56,36,2,MEDIUM,2026-03-04T17:24:46.576655
WASH_TRADE,T0245,ETHUSDT,2026-01-06T14:07:19.073233,2299.74,34,2,MEDIUM,2026-03-04T17:24:46.578660
WASH_TRADE,T0245,ETHUSDT,2026-01-06T14:23:42.714233,2299.83,58,2,HIGH,2026-03-04T17:24:46.579327
WASH_TRADE,T0245,ETHUSDT,2026-01-06T15:38:08.294233,2299.77,20,2,MEDIUM,2026-03-04T17:24:46.582437
WASH_TRADE,T0245,SOLUSDT,2026-01-06T14:57:06.423233,95.76,20,2,MEDIUM,2026-03-04T17:24:46.587161
WASH_TRADE,T0245,SOLUSDT,2026-01-06T16:12:58.956233,94.39,44,2,MEDIUM,2026-03-04T17:24:46.589877
WASH_TRADE,T0246,ETHUSDT,2026-01-06T13:22:26.920233,2298.32,36,2,MEDIUM,2026-03-04T17:24:46.597655
WASH_TRADE,T0246,ETHUSDT,2026-01-06T13:48:33.782233,2298.14,22,2,MEDIUM,2026-03-04T17:24:46.598380
WASH_TRADE,T0246,ETHUSDT,2026-01-06T14:35:53.155233,2299.55,46,2,MEDIUM,2026-03-04T17:24:46.600079
WASH_TRADE,T0246,ETHUSDT,2026-01-06T14:39:29.897233,2303.24,46,2,MEDIUM,2026-03-04T17:24:46.600384
WASH_TRADE,T0246,ETHUSDT,2026-01-06T15:08:26.442233,2298.38,30,2,MEDIUM,2026-03-04T17:24:46.601534
WASH_TRADE,T0246,ETHUSDT,2026-01-06T15:19:47.186233,2299.61,60,2,HIGH,2026-03-04T17:24:46.601773
WASH_TRADE,T0246,SOLUSDT,2026-01-06T13:56:30.812233,99.05,28,2,MEDIUM,2026-03-04T17:24:46.604989
WASH_TRADE,T0247,BTCUSDT,2026-01-06T15:30:23.501233,41999.45,48,2,MEDIUM,2026-03-04T17:24:46.616502
WASH_TRADE,T0247,BTCUSDT,2026-01-06T15:38:37.702233,41999.73,46,2,MEDIUM,2026-03-04T17:24:46.616815
WASH_TRADE,T0247,ETHUSDT,2026-01-06T13:41:03.192233,2299.48,22,2,MEDIUM,2026-03-04T17:24:46.619597
WASH_TRADE,T0247,ETHUSDT,2026-01-06T15:35:35.545233,2297.77,28,2,MEDIUM,2026-03-04T17:24:46.623841
WASH_TRADE,T0247,ETHUSDT,2026-01-06T16:15:55.292233,2300.47,42,2,MEDIUM,2026-03-04T17:24:46.624988
WASH_TRADE,T0247,SOLUSDT,2026-01-06T14:02:53.859233,97.14,20,2,MEDIUM,2026-03-04T17:24:46.643656
WASH_TRADE,T0247,SOLUSDT,2026-01-06T14:49:10.819233,98.74,52,2,HIGH,2026-03-04T17:24:46.645682
WASH_TRADE,T0247,SOLUSDT,2026-01-06T14:52:54.579233,98.01,32,2,MEDIUM,2026-03-04T17:24:46.645937
WASH_TRADE,T0248,BTCUSDT,2026-01-06T14:53:08.979233,42002.21,56,2,HIGH,2026-03-04T17:24:46.653261
WASH_TRADE,T0248,ETHUSDT,2026-01-06T15:29:26.988233,2300.41,48,2,MEDIUM,2026-03-04T17:24:46.660557
WASH_TRADE,T0248,ETHUSDT,2026-01-06T16:01:04.377233,2301.98,30,2,MEDIUM,2026-03-04T17:24:46.661520
WASH_TRADE,T0248,SOLUSDT,2026-01-06T13:42:03.544233,91.53,50,2,MEDIUM,2026-03-04T17:24:46.663162
WASH_TRADE,T0248,SOLUSDT,2026-01-06T15:16:45.961233,93.45,46,2,MEDIUM,2026-03-04T17:24:46.666380
WASH_TRADE,T0249,BTCUSDT,2026-01-06T14:12:33.684233,41997.08,44,2,MEDIUM,2026-03-04T17:24:46.670840
WASH_TRADE,T0249,BTCUSDT,2026-01-06T15:20:23.075233,41999.41,22,2,MEDIUM,2026-03-04T17:24:46.673592
WASH_TRADE,T0249,ETHUSDT,2026-01-06T14:43:57.434233,2300.04,44,2,MEDIUM,2026-03-04T17:24:46.678627
WASH_TRADE,T0249,ETHUSDT,2026-01-06T15:54:19.793233,2301.96,60,2,HIGH,2026-03-04T17:24:46.680965
WASH_TRADE,T0249,ETHUSDT,2026-01-06T16:15:31.927233,2300.56,32,2,MEDIUM,2026-03-04T17:24:46.682128
WASH_TRADE,T0250,BTCUSDT,2026-01-06T13:28:40.840233,42001.98,50,2,MEDIUM,2026-03-04T17:24:46.688713
WASH_TRADE,T0250,BTCUSDT,2026-01-06T14:29:57.018233,42000.95,28,2,MEDIUM,2026-03-04T17:24:46.690943
WASH_TRADE,T0250,BTCUSDT,2026-01-06T14:50:02.082233,41999.14,40,2,MEDIUM,2026-03-04T17:24:46.691611
WASH_TRADE,T0250,ETHUSDT,2026-01-06T14:15:40.521233,2298.15,56,2,HIGH,2026-03-04T17:24:46.696304
WASH_TRADE,T0250,ETHUSDT,2026-01-06T15:29:12.650233,2301.64,54,2,HIGH,2026-03-04T17:24:46.699362
WASH_TRADE,T0250,SOLUSDT,2026-01-06T13:35:55.015233,93.68,32,2,MEDIUM,2026-03-04T17:24:46.701734
WASH_TRADE,T0250,SOLUSDT,2026-01-06T14:20:57.503233,98.04,40,2,MEDIUM,2026-03-04T17:24:46.703156
WASH_TRADE,T0250,SOLUSDT,2026-01-06T15:55:30.034233,97.37,56,2,HIGH,2026-03-04T17:24:46.705947
WASH_TRADE,T0251,BTCUSDT,2026-01-06T13:44:13.155233,41998.72,46,2,MEDIUM,2026-03-04T17:24:46.707967
WASH_TRADE,T0251,BTCUSDT,2026-01-06T14:10:47.402233,41998.87,54,2,HIGH,2026-03-04T17:24:46.708851
WASH_TRADE,T0251,BTCUSDT,2026-01-06T15:31:30.526233,41999.58,42,2,MEDIUM,2026-03-04T17:24:46.711363
WASH_TRADE,T0251,BTCUSDT,2026-01-06T15:56:48.734233,41999.76,22,2,MEDIUM,2026-03-04T17:24:46.712513
WASH_TRADE,T0251,ETHUSDT,2026-01-06T14:01:13.368233,2300.57,56,2,HIGH,2026-03-04T17:24:46.715015
WASH_TRADE,T0251,SOLUSDT,2026-01-06T13:14:52.069233,94.98,56,2,HIGH,2026-03-04T17:24:46.719165
WASH_TRADE,T0251,SOLUSDT,2026-01-06T13:58:58.243233,96.04,36,2,MEDIUM,2026-03-04T17:24:46.721055
WASH_TRADE,T0251,SOLUSDT,2026-01-06T14:05:10.121233,95.3,24,2,MEDIUM,2026-03-04T17:24:46.721273
WASH_TRADE,T0251,SOLUSDT,2026-01-06T14:36:40.004233,98.43,52,2,HIGH,2026-03-04T17:24:46.722216
WASH_TRADE,T0251,SOLUSDT,2026-01-06T14:41:38.542233,93.88,22,2,MEDIUM,2026-03-04T17:24:46.722581
WASH_TRADE,T0251,SOLUSDT,2026-01-06T15:12:02.528233,98.58,46,2,MEDIUM,2026-03-04T17:24:46.723524
WASH_TRADE,T0252,BTCUSDT,2026-01-06T13:26:37.109233,41996.22,30,2,MEDIUM,2026-03-04T17:24:46.725930
WASH_TRADE,T0252,BTCUSDT,2026-01-06T13:32:57.107233,41999.86,38,2,MEDIUM,2026-03-04T17:24:46.726139
WASH_TRADE,T0252,BTCUSDT,2026-01-06T13:38:25.814233,41997.99,50,2,MEDIUM,2026-03-04T17:24:46.726389
WASH_TRADE,T0252,BTCUSDT,2026-01-06T13:48:46.959233,42000.46,44,2,MEDIUM,2026-03-04T17:24:46.726680
WASH_TRADE,T0252,BTCUSDT,2026-01-06T14:00:31.739233,41998.17,20,2,MEDIUM,2026-03-04T17:24:46.727364
WASH_TRADE,T0252,ETHUSDT,2026-01-06T13:18:15.965233,2300.45,38,2,MEDIUM,2026-03-04T17:24:46.731933
WASH_TRADE,T0252,ETHUSDT,2026-01-06T15:18:17.749233,2297.25,60,2,HIGH,2026-03-04T17:24:46.735916
WASH_TRADE,T0252,ETHUSDT,2026-01-06T15:23:52.224233,2295.63,42,2,MEDIUM,2026-03-04T17:24:46.736084
WASH_TRADE,T0252,ETHUSDT,2026-01-06T15:32:18.380233,2298.03,60,2,HIGH,2026-03-04T17:24:46.736536
WASH_TRADE,T0252,SOLUSDT,2026-01-06T13:33:12.271233,96.39,32,2,MEDIUM,2026-03-04T17:24:46.738795
WASH_TRADE,T0252,SOLUSDT,2026-01-06T13:44:49.396233,95.79,30,2,MEDIUM,2026-03-04T17:24:46.739112
WASH_TRADE,T0252,SOLUSDT,2026-01-06T13:50:25.263233,94.36,58,2,HIGH,2026-03-04T17:24:46.739413
WASH_TRADE,T0252,SOLUSDT,2026-01-06T14:10:50.795233,96.91,26,2,MEDIUM,2026-03-04T17:24:46.739958
WASH_TRADE,T0252,SOLUSDT,2026-01-06T15:39:22.441233,93.14,44,2,MEDIUM,2026-03-04T17:24:46.742891
WASH_TRADE,T0252,SOLUSDT,2026-01-06T15:41:04.375233,93.8,44,2,MEDIUM,2026-03-04T17:24:46.743011
WASH_TRADE,T0252,SOLUSDT,2026-01-06T16:14:55.119233,96.81,34,2,MEDIUM,2026-03-04T17:24:46.744107
WASH_TRADE,T0253,BTCUSDT,2026-01-06T13:14:32.878233,41997.9,38,2,MEDIUM,2026-03-04T17:24:46.744323
WASH_TRADE,T0253,BTCUSDT,2026-01-06T13:16:45.502233,41999.24,34,2,MEDIUM,2026-03-04T17:24:46.744394
WASH_TRADE,T0253,BTCUSDT,2026-01-06T14:09:29.554233,42001.26,28,2,MEDIUM,2026-03-04T17:24:46.746083
WASH_TRADE,T0253,BTCUSDT,2026-01-06T14:10:38.156233,41996.62,44,2,MEDIUM,2026-03-04T17:24:46.746130
WASH_TRADE,T0253,BTCUSDT,2026-01-06T15:09:21.862233,41998.57,20,2,MEDIUM,2026-03-04T17:24:46.748117
WASH_TRADE,T0253,ETHUSDT,2026-01-06T13:32:31.626233,2297.52,32,2,MEDIUM,2026-03-04T17:24:46.750855
WASH_TRADE,T0253,ETHUSDT,2026-01-06T15:36:31.828233,2301.85,48,2,MEDIUM,2026-03-04T17:24:46.755548
WASH_TRADE,T0253,ETHUSDT,2026-01-06T16:02:56.298233,2301.63,20,2,MEDIUM,2026-03-04T17:24:46.756375
WASH_TRADE,T0253,ETHUSDT,2026-01-06T16:09:26.944233,2295.1,30,2,MEDIUM,2026-03-04T17:24:46.756859
WASH_TRADE,T0253,SOLUSDT,2026-01-06T13:38:08.287233,96.65,30,2,MEDIUM,2026-03-04T17:24:46.757987
WASH_TRADE,T0253,SOLUSDT,2026-01-06T15:31:49.741233,95.7,52,2,HIGH,2026-03-04T17:24:46.761737
WASH_TRADE,T0254,BTCUSDT,2026-01-06T13:19:45.311233,41998.31,38,2,MEDIUM,2026-03-04T17:24:46.763708
WASH_TRADE,T0254,BTCUSDT,2026-01-06T13:31:51.386233,41999.14,30,2,MEDIUM,2026-03-04T17:24:46.764196
WASH_TRADE,T0254,BTCUSDT,2026-01-06T14:03:02.583233,42002.2,46,2,MEDIUM,2026-03-04T17:24:46.765386
WASH_TRADE,T0254,BTCUSDT,2026-01-06T15:08:37.218233,42001.53,22,2,MEDIUM,2026-03-04T17:24:46.768013
WASH_TRADE,T0254,ETHUSDT,2026-01-06T13:15:02.716233,2299.01,48,2,MEDIUM,2026-03-04T17:24:46.770564
WASH_TRADE,T0254,ETHUSDT,2026-01-06T13:39:11.013233,2300.0,34,2,MEDIUM,2026-03-04T17:24:46.771065
WASH_TRADE,T0254,ETHUSDT,2026-01-06T14:39:47.308233,2298.77,48,2,MEDIUM,2026-03-04T17:24:46.773126
WASH_TRADE,T0254,ETHUSDT,2026-01-06T14:46:30.383233,2300.07,34,2,MEDIUM,2026-03-04T17:24:46.773391
WASH_TRADE,T0254,ETHUSDT,2026-01-06T15:08:46.004233,2300.68,52,2,HIGH,2026-03-04T17:24:46.774114
WASH_TRADE,T0254,ETHUSDT,2026-01-06T15:36:00.247233,2301.25,42,2,MEDIUM,2026-03-04T17:24:46.775140
WASH_TRADE,T0254,SOLUSDT,2026-01-06T13:55:18.465233,98.83,42,2,MEDIUM,2026-03-04T17:24:46.777995
WASH_TRADE,T0254,SOLUSDT,2026-01-06T14:32:49.272233,94.28,32,2,MEDIUM,2026-03-04T17:24:46.778856
WASH_TRADE,T0254,SOLUSDT,2026-01-06T14:40:52.306233,95.41,20,2,MEDIUM,2026-03-04T17:24:46.779140
WASH_TRADE,T0254,SOLUSDT,2026-01-06T14:46:56.542233,93.91,30,2,MEDIUM,2026-03-04T17:24:46.779286
WASH_TRADE,T0255,BTCUSDT,2026-01-06T13:13:13.943233,41997.47,32,2,MEDIUM,2026-03-04T17:24:46.782049
WASH_TRADE,T0255,BTCUSDT,2026-01-06T13:51:23.158233,41999.75,56,2,HIGH,2026-03-04T17:24:46.783633
WASH_TRADE,T0255,BTCUSDT,2026-01-06T14:17:53.493233,41999.96,28,2,MEDIUM,2026-03-04T17:24:46.784890
WASH_TRADE,T0255,BTCUSDT,2026-01-06T15:09:09.771233,41998.87,54,2,HIGH,2026-03-04T17:24:46.786531
WASH_TRADE,T0255,BTCUSDT,2026-01-06T15:34:44.723233,42000.66,34,2,MEDIUM,2026-03-04T17:24:46.787658
WASH_TRADE,T0255,ETHUSDT,2026-01-06T15:44:58.263233,2301.22,60,2,HIGH,2026-03-04T17:24:46.794179
WASH_TRADE,T0255,SOLUSDT,2026-01-06T14:16:34.319233,91.49,42,2,MEDIUM,2026-03-04T17:24:46.797215
WASH_TRADE,T0255,SOLUSDT,2026-01-06T14:40:49.141233,93.86,34,2,MEDIUM,2026-03-04T17:24:46.798304
WASH_TRADE,T0255,SOLUSDT,2026-01-06T15:01:40.874233,95.37,38,2,MEDIUM,2026-03-04T17:24:46.799578
WASH_TRADE,T0255,SOLUSDT,2026-01-06T15:58:20.866233,92.53,52,2,HIGH,2026-03-04T17:24:46.801466
WASH_TRADE,T0256,BTCUSDT,2026-01-06T13:35:23.234233,42000.39,36,2,MEDIUM,2026-03-04T17:24:46.803018
WASH_TRADE,T0256,BTCUSDT,2026-01-06T14:05:27.400233,42001.02,56,2,HIGH,2026-03-04T17:24:46.804114
WASH_TRADE,T0256,BTCUSDT,2026-01-06T14:29:14.801233,42001.7,32,2,MEDIUM,2026-03-04T17:24:46.805008
WASH_TRADE,T0256,BTCUSDT,2026-01-06T14:32:15.635233,42003.13,52,2,HIGH,2026-03-04T17:24:46.805294
WASH_TRADE,T0256,BTCUSDT,2026-01-06T16:01:21.724233,41997.57,40,2,MEDIUM,2026-03-04T17:24:46.808417
WASH_TRADE,T0256,ETHUSDT,2026-01-06T14:27:25.760233,2298.18,40,2,MEDIUM,2026-03-04T17:24:46.811956
WASH_TRADE,T0256,ETHUSDT,2026-01-06T14:40:31.589233,2302.55,40,2,MEDIUM,2026-03-04T17:24:46.812452
WASH_TRADE,T0256,ETHUSDT,2026-01-06T14:58:33.732233,2298.05,50,2,MEDIUM,2026-03-04T17:24:46.813117
WASH_TRADE,T0256,SOLUSDT,2026-01-06T14:29:07.938233,95.44,50,2,MEDIUM,2026-03-04T17:24:46.818025
WASH_TRADE,T0256,SOLUSDT,2026-01-06T15:40:11.726233,94.29,36,2,MEDIUM,2026-03-04T17:24:46.820755
WASH_TRADE,T0257,BTCUSDT,2026-01-06T13:16:03.957233,42000.84,46,2,MEDIUM,2026-03-04T17:24:46.822913
WASH_TRADE,T0257,SOLUSDT,2026-01-06T13:24:56.687233,92.51,48,2,MEDIUM,2026-03-04T17:24:46.835657
WASH_TRADE,T0257,SOLUSDT,2026-01-06T13:25:32.723233,94.95,30,2,MEDIUM,2026-03-04T17:24:46.835736
WASH_TRADE,T0257,SOLUSDT,2026-01-06T15:21:54.681233,97.98,26,2,MEDIUM,2026-03-04T17:24:46.839719
WASH_TRADE,T0257,SOLUSDT,2026-01-06T15:34:36.376233,92.34,28,2,MEDIUM,2026-03-04T17:24:46.840551
WASH_TRADE,T0257,SOLUSDT,2026-01-06T15:44:20.160233,93.99,30,2,MEDIUM,2026-03-04T17:24:46.840861
WASH_TRADE,T0257,SOLUSDT,2026-01-06T15:56:43.239233,94.37,50,2,MEDIUM,2026-03-04T17:24:46.841195
WASH_TRADE,T0258,BTCUSDT,2026-01-06T14:45:51.158233,41998.29,60,2,HIGH,2026-03-04T17:24:46.844891
WASH_TRADE,T0258,BTCUSDT,2026-01-06T15:15:09.821233,41998.23,44,2,MEDIUM,2026-03-04T17:24:46.845736
WASH_TRADE,T0258,BTCUSDT,2026-01-06T15:22:15.418233,41999.67,42,2,MEDIUM,2026-03-04T17:24:46.845906
WASH_TRADE,T0258,BTCUSDT,2026-01-06T16:05:25.725233,42002.15,34,2,MEDIUM,2026-03-04T17:24:46.847069
WASH_TRADE,T0258,ETHUSDT,2026-01-06T13:30:36.777233,2299.74,40,2,MEDIUM,2026-03-04T17:24:46.848218
WASH_TRADE,T0258,ETHUSDT,2026-01-06T14:47:26.847233,2300.3,38,2,MEDIUM,2026-03-04T17:24:46.850661
WASH_TRADE,T0258,SOLUSDT,2026-01-06T13:31:18.829233,96.6,56,2,HIGH,2026-03-04T17:24:46.854314
WASH_TRADE,T0259,BTCUSDT,2026-01-06T14:13:51.271233,42001.11,54,2,HIGH,2026-03-04T17:24:46.861864
WASH_TRADE,T0259,BTCUSDT,2026-01-06T14:51:20.804233,42002.87,26,2,MEDIUM,2026-03-04T17:24:46.863473
WASH_TRADE,T0259,BTCUSDT,2026-01-06T15:20:29.625233,41998.05,54,2,HIGH,2026-03-04T17:24:46.864278
WASH_TRADE,T0259,BTCUSDT,2026-01-06T15:56:19.916233,41998.25,26,2,MEDIUM,2026-03-04T17:24:46.865381
WASH_TRADE,T0259,BTCUSDT,2026-01-06T16:05:45.207233,42002.46,36,2,MEDIUM,2026-03-04T17:24:46.865740
WASH_TRADE,T0259,ETHUSDT,2026-01-06T15:02:16.245233,2297.22,60,2,HIGH,2026-03-04T17:24:46.870259
WASH_TRADE,T0259,ETHUSDT,2026-01-06T15:51:02.602233,2299.57,44,2,MEDIUM,2026-03-04T17:24:46.871901
WASH_TRADE,T0259,ETHUSDT,2026-01-06T15:53:56.977233,2298.34,42,2,MEDIUM,2026-03-04T17:24:46.871996
WASH_TRADE,T0259,SOLUSDT,2026-01-06T13:38:40.160233,99.5,58,2,HIGH,2026-03-04T17:24:46.873411
WASH_TRADE,T0259,SOLUSDT,2026-01-06T14:27:49.114233,95.37,54,2,HIGH,2026-03-04T17:24:46.875053
WASH_TRADE,T0259,SOLUSDT,2026-01-06T15:06:57.791233,93.9,20,2,MEDIUM,2026-03-04T17:24:46.876477
WASH_TRADE,T0259,SOLUSDT,2026-01-06T16:15:33.651233,94.83,22,2,MEDIUM,2026-03-04T17:24:46.879134
WASH_TRADE,T0260,BTCUSDT,2026-01-06T14:56:38.115233,41997.9,40,2,MEDIUM,2026-03-04T17:24:46.882949
WASH_TRADE,T0260,BTCUSDT,2026-01-06T15:25:45.352233,42002.32,26,2,MEDIUM,2026-03-04T17:24:46.884278
WASH_TRADE,T0260,ETHUSDT,2026-01-06T15:22:17.735233,2299.47,20,2,MEDIUM,2026-03-04T17:24:46.890040
WASH_TRADE,T0260,SOLUSDT,2026-01-06T13:46:03.031233,94.17,20,2,MEDIUM,2026-03-04T17:24:46.893690
WASH_TRADE,T0260,SOLUSDT,2026-01-06T15:23:33.086233,92.3,24,2,MEDIUM,2026-03-04T17:24:46.897265
WASH_TRADE,T0260,SOLUSDT,2026-01-06T15:57:41.753233,92.22,30,2,MEDIUM,2026-03-04T17:24:46.898510
WASH_TRADE,T0261,BTCUSDT,2026-01-06T15:44:24.434233,42002.0,38,2,MEDIUM,2026-03-04T17:24:46.904272
WASH_TRADE,T0261,BTCUSDT,2026-01-06T15:53:56.204233,41997.96,42,2,MEDIUM,2026-03-04T17:24:46.904604
WASH_TRADE,T0261,SOLUSDT,2026-01-06T13:42:31.172233,92.86,44,2,MEDIUM,2026-03-04T17:24:46.911747
WASH_TRADE,T0261,SOLUSDT,2026-01-06T13:44:54.556233,93.95,32,2,MEDIUM,2026-03-04T17:24:46.911844
WASH_TRADE,T0261,SOLUSDT,2026-01-06T14:10:34.062233,94.24,36,2,MEDIUM,2026-03-04T17:24:46.912604
WASH_TRADE,T0261,SOLUSDT,2026-01-06T14:40:42.156233,97.88,22,2,MEDIUM,2026-03-04T17:24:46.913557
WASH_TRADE,T0261,SOLUSDT,2026-01-06T14:44:16.199233,93.87,22,2,MEDIUM,2026-03-04T17:24:46.913710
WASH_TRADE,T0261,SOLUSDT,2026-01-06T15:41:30.433233,94.24,32,2,MEDIUM,2026-03-04T17:24:46.915646
WASH_TRADE,T0262,ETHUSDT,2026-01-06T13:37:25.385233,2301.66,58,2,HIGH,2026-03-04T17:24:46.924498
WASH_TRADE,T0262,ETHUSDT,2026-01-06T15:05:32.736233,2301.48,48,2,MEDIUM,2026-03-04T17:24:46.927635
WASH_TRADE,T0262,ETHUSDT,2026-01-06T15:10:09.895233,2299.7,54,2,HIGH,2026-03-04T17:24:46.927710
WASH_TRADE,T0262,SOLUSDT,2026-01-06T13:55:26.563233,96.63,48,2,MEDIUM,2026-03-04T17:24:46.931471
WASH_TRADE,T0262,SOLUSDT,2026-01-06T14:47:26.421233,96.38,30,2,MEDIUM,2026-03-04T17:24:46.932864
WASH_TRADE,T0263,BTCUSDT,2026-01-06T14:22:34.371233,42000.98,40,2,MEDIUM,2026-03-04T17:24:46.938048
WASH_TRADE,T0263,BTCUSDT,2026-01-06T14:38:32.918233,41998.82,46,2,MEDIUM,2026-03-04T17:24:46.938751
WASH_TRADE,T0263,BTCUSDT,2026-01-06T15:35:24.515233,41997.34,56,2,HIGH,2026-03-04T17:24:46.940393
WASH_TRADE,T0263,ETHUSDT,2026-01-06T13:23:11.457233,2305.24,44,2,MEDIUM,2026-03-04T17:24:46.941653
WASH_TRADE,T0263,ETHUSDT,2026-01-06T15:18:46.465233,2305.69,20,2,MEDIUM,2026-03-04T17:24:46.945326
WASH_TRADE,T0263,ETHUSDT,2026-01-06T16:11:25.932233,2300.99,46,2,MEDIUM,2026-03-04T17:24:46.947312
WASH_TRADE,T0263,SOLUSDT,2026-01-06T15:40:45.336233,94.15,52,2,HIGH,2026-03-04T17:24:46.953252
WASH_TRADE,T0264,BTCUSDT,2026-01-06T13:45:57.227233,42000.91,40,2,MEDIUM,2026-03-04T17:24:46.955206
WASH_TRADE,T0264,ETHUSDT,2026-01-06T13:37:13.184233,2299.76,46,2,MEDIUM,2026-03-04T17:24:46.961630
WASH_TRADE,T0264,ETHUSDT,2026-01-06T13:43:13.822233,2299.97,32,2,MEDIUM,2026-03-04T17:24:46.961910
WASH_TRADE,T0264,SOLUSDT,2026-01-06T14:05:41.873233,96.65,40,2,MEDIUM,2026-03-04T17:24:46.969129
WASH_TRADE,T0264,SOLUSDT,2026-01-06T14:06:52.319233,95.31,42,2,MEDIUM,2026-03-04T17:24:46.969258
WASH_TRADE,T0265,BTCUSDT,2026-01-06T13:38:27.922233,41997.32,36,2,MEDIUM,2026-03-04T17:24:46.975078
WASH_TRADE,T0265,BTCUSDT,2026-01-06T14:41:01.492233,41998.8,30,2,MEDIUM,2026-03-04T17:24:46.977497
WASH_TRADE,T0265,ETHUSDT,2026-01-06T14:41:50.216233,2298.16,34,2,MEDIUM,2026-03-04T17:24:46.984787
WASH_TRADE,T0265,SOLUSDT,2026-01-06T14:24:57.133233,95.71,50,2,MEDIUM,2026-03-04T17:24:46.990985
WASH_TRADE,T0266,ETHUSDT,2026-01-06T15:08:08.595233,2297.12,28,2,MEDIUM,2026-03-04T17:24:47.005604
WASH_TRADE,T0266,SOLUSDT,2026-01-06T15:02:08.379233,93.8,46,2,MEDIUM,2026-03-04T17:24:47.011210
WASH_TRADE,T0266,SOLUSDT,2026-01-06T15:37:01.153233,94.42,52,2,HIGH,2026-03-04T17:24:47.012415
WASH_TRADE,T0267,BTCUSDT,2026-01-06T13:50:58.104233,41999.61,30,2,MEDIUM,2026-03-04T17:24:47.015763
WASH_TRADE,T0267,BTCUSDT,2026-01-06T14:27:56.181233,42001.01,22,2,MEDIUM,2026-03-04T17:24:47.017169
WASH_TRADE,T0267,ETHUSDT,2026-01-06T14:04:15.446233,2296.58,56,2,HIGH,2026-03-04T17:24:47.024199
WASH_TRADE,T0267,ETHUSDT,2026-01-06T15:45:17.559233,2300.5,36,2,MEDIUM,2026-03-04T17:24:47.027799
WASH_TRADE,T0267,SOLUSDT,2026-01-06T13:34:58.495233,98.64,32,2,MEDIUM,2026-03-04T17:24:47.030107
WASH_TRADE,T0267,SOLUSDT,2026-01-06T14:39:15.991233,92.45,38,2,MEDIUM,2026-03-04T17:24:47.033285
WASH_TRADE,T0267,SOLUSDT,2026-01-06T15:33:24.820233,93.68,50,2,MEDIUM,2026-03-04T17:24:47.034799
WASH_TRADE,T0268,BTCUSDT,2026-01-06T13:13:22.536233,42003.65,48,2,MEDIUM,2026-03-04T17:24:47.037906
WASH_TRADE,T0268,BTCUSDT,2026-01-06T14:18:24.246233,41996.4,30,2,MEDIUM,2026-03-04T17:24:47.040095
WASH_TRADE,T0268,BTCUSDT,2026-01-06T14:24:47.974233,41997.65,48,2,MEDIUM,2026-03-04T17:24:47.040536
WASH_TRADE,T0268,BTCUSDT,2026-01-06T14:56:45.507233,41999.91,26,2,MEDIUM,2026-03-04T17:24:47.041965
WASH_TRADE,T0268,BTCUSDT,2026-01-06T16:02:03.151233,42002.88,36,2,MEDIUM,2026-03-04T17:24:47.044399
WASH_TRADE,T0268,ETHUSDT,2026-01-06T14:38:57.447233,2302.79,60,2,HIGH,2026-03-04T17:24:47.047846
WASH_TRADE,T0268,ETHUSDT,2026-01-06T15:03:30.490233,2299.03,54,2,HIGH,2026-03-04T17:24:47.048744
WASH_TRADE,T0268,ETHUSDT,2026-01-06T15:18:37.317233,2304.2,44,2,MEDIUM,2026-03-04T17:24:47.049345
WASH_TRADE,T0268,ETHUSDT,2026-01-06T16:12:42.979233,2298.3,60,2,HIGH,2026-03-04T17:24:47.051835
WASH_TRADE,T0268,SOLUSDT,2026-01-06T16:14:38.145233,93.6,28,2,MEDIUM,2026-03-04T17:24:47.059241
WASH_TRADE,T0269,BTCUSDT,2026-01-06T15:10:04.536233,41999.31,28,2,MEDIUM,2026-03-04T17:24:47.064787
WASH_TRADE,T0269,BTCUSDT,2026-01-06T15:56:47.627233,41999.39,34,2,MEDIUM,2026-03-04T17:24:47.066310
WASH_TRADE,T0269,ETHUSDT,2026-01-06T15:19:36.004233,2299.88,50,2,MEDIUM,2026-03-04T17:24:47.072050
WASH_TRADE,T0269,SOLUSDT,2026-01-06T13:25:30.481233,95.38,22,2,MEDIUM,2026-03-04T17:24:47.074019
WASH_TRADE,T0269,SOLUSDT,2026-01-06T15:39:41.276233,97.36,20,2,MEDIUM,2026-03-04T17:24:47.078202
WASH_TRADE,T0270,BTCUSDT,2026-01-06T15:19:19.269233,41999.69,38,2,MEDIUM,2026-03-04T17:24:47.085270
WASH_TRADE,T0270,ETHUSDT,2026-01-06T13:23:02.139233,2302.86,50,2,MEDIUM,2026-03-04T17:24:47.089403
WASH_TRADE,T0270,ETHUSDT,2026-01-06T14:26:44.635233,2302.85,22,2,MEDIUM,2026-03-04T17:24:47.091477
WASH_TRADE,T0270,ETHUSDT,2026-01-06T14:29:17.852233,2298.43,36,2,MEDIUM,2026-03-04T17:24:47.091718
WASH_TRADE,T0270,ETHUSDT,2026-01-06T15:37:18.872233,2298.59,22,2,MEDIUM,2026-03-04T17:24:47.094209
WASH_TRADE,T0271,BTCUSDT,2026-01-06T15:16:34.490233,42001.34,32,2,MEDIUM,2026-03-04T17:24:47.107009
WASH_TRADE,T0271,ETHUSDT,2026-01-06T13:26:00.110233,2302.34,42,2,MEDIUM,2026-03-04T17:24:47.110537
WASH_TRADE,T0271,ETHUSDT,2026-01-06T14:22:04.873233,2298.08,36,2,MEDIUM,2026-03-04T17:24:47.112489
WASH_TRADE,T0271,ETHUSDT,2026-01-06T15:49:31.377233,2298.8,58,2,HIGH,2026-03-04T17:24:47.115927
WASH_TRADE,T0271,SOLUSDT,2026-01-06T14:54:29.869233,95.33,50,2,MEDIUM,2026-03-04T17:24:47.121582
WASH_TRADE,T0272,BTCUSDT,2026-01-06T15:01:58.489233,41999.11,56,2,HIGH,2026-03-04T17:24:47.129909
WASH_TRADE,T0272,BTCUSDT,2026-01-06T15:26:08.920233,42001.11,52,2,HIGH,2026-03-04T17:24:47.131362
WASH_TRADE,T0272,ETHUSDT,2026-01-06T13:42:42.117233,2301.54,32,2,MEDIUM,2026-03-04T17:24:47.134301
WASH_TRADE,T0272,ETHUSDT,2026-01-06T14:37:03.884233,2300.88,20,2,MEDIUM,2026-03-04T17:24:47.136414
WASH_TRADE,T0272,ETHUSDT,2026-01-06T15:10:23.595233,2299.51,60,2,HIGH,2026-03-04T17:24:47.137652
WASH_TRADE,T0272,ETHUSDT,2026-01-06T15:36:17.378233,2299.47,48,2,MEDIUM,2026-03-04T17:24:47.138365
WASH_TRADE,T0272,ETHUSDT,2026-01-06T15:44:30.480233,2299.45,38,2,MEDIUM,2026-03-04T17:24:47.138644
WASH_TRADE,T0272,SOLUSDT,2026-01-06T13:15:11.528233,96.32,42,2,MEDIUM,2026-03-04T17:24:47.140065
WASH_TRADE,T0272,SOLUSDT,2026-01-06T13:31:27.976233,98.82,46,2,MEDIUM,2026-03-04T17:24:47.140846
WASH_TRADE,T0272,SOLUSDT,2026-01-06T13:39:27.088233,95.68,54,2,HIGH,2026-03-04T17:24:47.141048
WASH_TRADE,T0272,SOLUSDT,2026-01-06T13:40:16.066233,95.77,42,2,MEDIUM,2026-03-04T17:24:47.141097
WASH_TRADE,T0272,SOLUSDT,2026-01-06T15:02:30.954233,99.08,36,2,MEDIUM,2026-03-04T17:24:47.144588
WASH_TRADE,T0272,SOLUSDT,2026-01-06T15:14:04.021233,97.93,28,2,MEDIUM,2026-03-04T17:24:47.145428
WASH_TRADE,T0273,BTCUSDT,2026-01-06T13:30:50.471233,42002.34,44,2,MEDIUM,2026-03-04T17:24:47.148753
WASH_TRADE,T0273,BTCUSDT,2026-01-06T14:09:06.955233,42005.79,52,2,HIGH,2026-03-04T17:24:47.150377
WASH_TRADE,T0273,BTCUSDT,2026-01-06T15:02:34.459233,42002.32,20,2,MEDIUM,2026-03-04T17:24:47.152204
WASH_TRADE,T0273,BTCUSDT,2026-01-06T15:18:20.753233,41998.43,32,2,MEDIUM,2026-03-04T17:24:47.153142
WASH_TRADE,T0273,ETHUSDT,2026-01-06T13:59:13.815233,2306.43,32,2,MEDIUM,2026-03-04T17:24:47.157593
WASH_TRADE,T0273,SOLUSDT,2026-01-06T13:38:32.803233,94.92,46,2,MEDIUM,2026-03-04T17:24:47.163516
WASH_TRADE,T0273,SOLUSDT,2026-01-06T14:12:53.078233,97.39,48,2,MEDIUM,2026-03-04T17:24:47.165090
WASH_TRADE,T0274,BTCUSDT,2026-01-06T13:28:43.386233,42000.5,38,2,MEDIUM,2026-03-04T17:24:47.170648
WASH_TRADE,T0274,BTCUSDT,2026-01-06T14:51:56.099233,41995.71,46,2,MEDIUM,2026-03-04T17:24:47.173547
WASH_TRADE,T0274,BTCUSDT,2026-01-06T15:20:50.922233,42001.04,22,2,MEDIUM,2026-03-04T17:24:47.174443
WASH_TRADE,T0274,ETHUSDT,2026-01-06T13:43:04.166233,2300.28,26,2,MEDIUM,2026-03-04T17:24:47.177302
WASH_TRADE,T0274,ETHUSDT,2026-01-06T14:28:00.564233,2300.16,38,2,MEDIUM,2026-03-04T17:24:47.178867
WASH_TRADE,T0274,ETHUSDT,2026-01-06T15:48:42.796233,2300.21,30,2,MEDIUM,2026-03-04T17:24:47.181928
WASH_TRADE,T0274,SOLUSDT,2026-01-06T13:16:12.201233,92.17,44,2,MEDIUM,2026-03-04T17:24:47.183308
WASH_TRADE,T0274,SOLUSDT,2026-01-06T13:27:29.966233,94.71,54,2,HIGH,2026-03-04T17:24:47.183652
WASH_TRADE,T0274,SOLUSDT,2026-01-06T14:15:11.676233,95.92,20,2,MEDIUM,2026-03-04T17:24:47.185471
WASH_TRADE,T0274,SOLUSDT,2026-01-06T14:57:33.601233,95.6,26,2,MEDIUM,2026-03-04T17:24:47.187325
WASH_TRADE,T0274,SOLUSDT,2026-01-06T15:24:58.045233,97.66,30,2,MEDIUM,2026-03-04T17:24:47.188386
WASH_TRADE,T0275,BTCUSDT,2026-01-06T15:16:15.400233,42000.31,28,2,MEDIUM,2026-03-04T17:24:47.194479
WASH_TRADE,T0275,BTCUSDT,2026-01-06T16:14:26.059233,41999.99,38,2,MEDIUM,2026-03-04T17:24:47.196486
WASH_TRADE,T0275,ETHUSDT,2026-01-06T13:47:53.988233,2298.97,40,2,MEDIUM,2026-03-04T17:24:47.197589
WASH_TRADE,T0275,ETHUSDT,2026-01-06T16:03:40.285233,2302.28,52,2,HIGH,2026-03-04T17:24:47.204062
WASH_TRADE,T0275,ETHUSDT,2026-01-06T16:12:07.192233,2300.38,40,2,MEDIUM,2026-03-04T17:24:47.204289
WASH_TRADE,T0275,ETHUSDT,2026-01-06T16:15:16.949233,2300.7,28,2,MEDIUM,2026-03-04T17:24:47.204414
WASH_TRADE,T0275,SOLUSDT,2026-01-06T15:21:40.937233,95.42,36,2,MEDIUM,2026-03-04T17:24:47.209099
WASH_TRADE,T0275,SOLUSDT,2026-01-06T15:35:06.864233,92.6,32,2,MEDIUM,2026-03-04T17:24:47.209462
WASH_TRADE,T0276,BTCUSDT,2026-01-06T13:50:17.003233,41999.99,46,2,MEDIUM,2026-03-04T17:24:47.212980
WASH_TRADE,T0276,BTCUSDT,2026-01-06T15:16:43.818233,42001.71,40,2,MEDIUM,2026-03-04T17:24:47.215684
WASH_TRADE,T0276,ETHUSDT,2026-01-06T14:58:47.609233,2299.93,32,2,MEDIUM,2026-03-04T17:24:47.221302
WASH_TRADE,T0276,SOLUSDT,2026-01-06T14:25:05.480233,94.55,26,2,MEDIUM,2026-03-04T17:24:47.225739
WASH_TRADE,T0276,SOLUSDT,2026-01-06T14:25:09.586233,94.72,36,2,MEDIUM,2026-03-04T17:24:47.225789
WASH_TRADE,T0276,SOLUSDT,2026-01-06T15:17:13.540233,96.37,46,2,MEDIUM,2026-03-04T17:24:47.227431
WASH_TRADE,T0276,SOLUSDT,2026-01-06T15:58:15.731233,93.11,34,2,MEDIUM,2026-03-04T17:24:47.228937
WASH_TRADE,T0277,BTCUSDT,2026-01-06T14:11:56.483233,41999.47,48,2,MEDIUM,2026-03-04T17:24:47.232243
WASH_TRADE,T0277,BTCUSDT,2026-01-06T15:18:44.645233,42004.52,54,2,HIGH,2026-03-04T17:24:47.234426
WASH_TRADE,T0277,BTCUSDT,2026-01-06T15:54:51.439233,41998.76,46,2,MEDIUM,2026-03-04T17:24:47.235952
WASH_TRADE,T0277,ETHUSDT,2026-01-06T14:18:40.099233,2298.44,42,2,MEDIUM,2026-03-04T17:24:47.238796
WASH_TRADE,T0277,ETHUSDT,2026-01-06T15:38:07.889233,2302.03,54,2,HIGH,2026-03-04T17:24:47.241575
WASH_TRADE,T0277,SOLUSDT,2026-01-06T14:14:02.171233,95.69,60,2,HIGH,2026-03-04T17:24:47.244724
WASH_TRADE,T0277,SOLUSDT,2026-01-06T14:36:11.383233,97.09,58,2,HIGH,2026-03-04T17:24:47.245192
WASH_TRADE,T0277,SOLUSDT,2026-01-06T14:47:29.750233,96.44,32,2,MEDIUM,2026-03-04T17:24:47.245662
WASH_TRADE,T0277,SOLUSDT,2026-01-06T15:32:37.849233,96.13,46,2,MEDIUM,2026-03-04T17:24:47.247485
WASH_TRADE,T0278,BTCUSDT,2026-01-06T14:22:32.655233,42001.93,54,2,HIGH,2026-03-04T17:24:47.251810
WASH_TRADE,T0278,BTCUSDT,2026-01-06T15:08:22.939233,41999.93,42,2,MEDIUM,2026-03-04T17:24:47.271938
WASH_TRADE,T0278,SOLUSDT,2026-01-06T14:34:37.051233,96.89,24,2,MEDIUM,2026-03-04T17:24:47.283288
WASH_TRADE,T0278,SOLUSDT,2026-01-06T15:08:58.068233,99.69,22,2,MEDIUM,2026-03-04T17:24:47.284515
WASH_TRADE,T0279,BTCUSDT,2026-01-06T13:35:59.969233,42001.5,42,2,MEDIUM,2026-03-04T17:24:47.287149
WASH_TRADE,T0279,BTCUSDT,2026-01-06T13:49:59.051233,42000.58,50,2,MEDIUM,2026-03-04T17:24:47.287508
WASH_TRADE,T0279,BTCUSDT,2026-01-06T14:46:07.769233,41999.58,46,2,MEDIUM,2026-03-04T17:24:47.289185
WASH_TRADE,T0279,BTCUSDT,2026-01-06T16:03:23.638233,42003.2,50,2,MEDIUM,2026-03-04T17:24:47.291743
WASH_TRADE,T0279,ETHUSDT,2026-01-06T15:48:31.007233,2301.5,54,2,HIGH,2026-03-04T17:24:47.297257
WASH_TRADE,T0279,ETHUSDT,2026-01-06T15:49:16.828233,2302.12,48,2,MEDIUM,2026-03-04T17:24:47.297331
WASH_TRADE,T0280,BTCUSDT,2026-01-06T13:57:00.021233,42000.81,40,2,MEDIUM,2026-03-04T17:24:47.306191
WASH_TRADE,T0280,BTCUSDT,2026-01-06T16:13:13.323233,42004.0,58,2,HIGH,2026-03-04T17:24:47.311246
WASH_TRADE,T0280,ETHUSDT,2026-01-06T13:18:05.385233,2300.68,32,2,MEDIUM,2026-03-04T17:24:47.311524
WASH_TRADE,T0280,ETHUSDT,2026-01-06T13:24:57.189233,2303.6,22,2,MEDIUM,2026-03-04T17:24:47.311785
WASH_TRADE,T0280,ETHUSDT,2026-01-06T15:25:32.773233,2299.02,54,2,HIGH,2026-03-04T17:24:47.315329
WASH_TRADE,T0280,SOLUSDT,2026-01-06T15:40:36.871233,99.16,44,2,MEDIUM,2026-03-04T17:24:47.323268
WASH_TRADE,T0280,SOLUSDT,2026-01-06T15:44:50.010233,94.23,48,2,MEDIUM,2026-03-04T17:24:47.323379
WASH_TRADE,T0281,ETHUSDT,2026-01-06T13:25:30.063233,2300.42,30,2,MEDIUM,2026-03-04T17:24:47.331446
WASH_TRADE,T0281,ETHUSDT,2026-01-06T13:34:40.223233,2297.94,30,2,MEDIUM,2026-03-04T17:24:47.331829
WASH_TRADE,T0281,ETHUSDT,2026-01-06T15:30:31.177233,2303.76,44,2,MEDIUM,2026-03-04T17:24:47.336605
WASH_TRADE,T0281,SOLUSDT,2026-01-06T15:01:13.510233,94.72,28,2,MEDIUM,2026-03-04T17:24:47.341808
WASH_TRADE,T0281,SOLUSDT,2026-01-06T15:28:02.065233,98.11,44,2,MEDIUM,2026-03-04T17:24:47.342898
WASH_TRADE,T0281,SOLUSDT,2026-01-06T16:02:35.761233,91.23,54,2,HIGH,2026-03-04T17:24:47.344075
WASH_TRADE,T0282,BTCUSDT,2026-01-06T13:14:17.710233,42001.52,30,2,MEDIUM,2026-03-04T17:24:47.344709
WASH_TRADE,T0282,BTCUSDT,2026-01-06T13:40:56.811233,41996.2,28,2,MEDIUM,2026-03-04T17:24:47.345547
WASH_TRADE,T0282,BTCUSDT,2026-01-06T13:44:12.021233,41999.49,32,2,MEDIUM,2026-03-04T17:24:47.345700
WASH_TRADE,T0282,BTCUSDT,2026-01-06T14:35:50.261233,41998.67,54,2,HIGH,2026-03-04T17:24:47.348164
WASH_TRADE,T0282,BTCUSDT,2026-01-06T16:10:21.614233,41996.84,52,2,HIGH,2026-03-04T17:24:47.351372
WASH_TRADE,T0283,BTCUSDT,2026-01-06T14:26:03.804233,42000.81,46,2,MEDIUM,2026-03-04T17:24:47.367209
WASH_TRADE,T0283,BTCUSDT,2026-01-06T15:31:00.228233,42005.48,40,2,MEDIUM,2026-03-04T17:24:47.369447
WASH_TRADE,T0283,BTCUSDT,2026-01-06T15:58:18.920233,41998.89,58,2,HIGH,2026-03-04T17:24:47.370053
WASH_TRADE,T0283,BTCUSDT,2026-01-06T16:05:54.016233,42002.63,60,2,HIGH,2026-03-04T17:24:47.370307
WASH_TRADE,T0283,ETHUSDT,2026-01-06T13:16:54.683233,2298.69,38,2,MEDIUM,2026-03-04T17:24:47.371013
WASH_TRADE,T0283,ETHUSDT,2026-01-06T13:25:35.571233,2300.24,24,2,MEDIUM,2026-03-04T17:24:47.371212
WASH_TRADE,T0283,ETHUSDT,2026-01-06T14:09:05.573233,2298.98,56,2,HIGH,2026-03-04T17:24:47.372898
WASH_TRADE,T0283,ETHUSDT,2026-01-06T14:43:48.938233,2298.75,60,2,HIGH,2026-03-04T17:24:47.373831
WASH_TRADE,T0283,ETHUSDT,2026-01-06T15:27:39.506233,2302.49,34,2,MEDIUM,2026-03-04T17:24:47.375280
WASH_TRADE,T0283,ETHUSDT,2026-01-06T16:09:37.648233,2298.14,38,2,MEDIUM,2026-03-04T17:24:47.376517
WASH_TRADE,T0283,SOLUSDT,2026-01-06T13:16:40.160233,94.51,56,2,HIGH,2026-03-04T17:24:47.377294
WASH_TRADE,T0283,SOLUSDT,2026-01-06T15:47:07.756233,94.31,54,2,HIGH,2026-03-04T17:24:47.382544
WASH_TRADE,T0284,BTCUSDT,2026-01-06T13:45:58.399233,41998.88,26,2,MEDIUM,2026-03-04T17:24:47.384989
WASH_TRADE,T0284,BTCUSDT,2026-01-06T14:42:27.644233,41998.33,48,2,MEDIUM,2026-03-04T17:24:47.387367
WASH_TRADE,T0284,BTCUSDT,2026-01-06T15:08:18.824233,41999.78,58,2,HIGH,2026-03-04T17:24:47.387887
WASH_TRADE,T0284,BTCUSDT,2026-01-06T15:40:46.521233,42001.43,34,2,MEDIUM,2026-03-04T17:24:47.388845
WASH_TRADE,T0284,BTCUSDT,2026-01-06T15:44:50.898233,41998.47,48,2,MEDIUM,2026-03-04T17:24:47.388973
WASH_TRADE,T0284,ETHUSDT,2026-01-06T13:35:39.462233,2297.57,20,2,MEDIUM,2026-03-04T17:24:47.390596
WASH_TRADE,T0284,ETHUSDT,2026-01-06T14:11:55.924233,2301.08,58,2,HIGH,2026-03-04T17:24:47.391698
WASH_TRADE,T0284,ETHUSDT,2026-01-06T14:54:50.226233,2300.65,48,2,MEDIUM,2026-03-04T17:24:47.393546
WASH_TRADE,T0284,ETHUSDT,2026-01-06T15:32:53.461233,2298.83,36,2,MEDIUM,2026-03-04T17:24:47.394397
WASH_TRADE,T0284,ETHUSDT,2026-01-06T15:47:20.017233,2299.84,52,2,HIGH,2026-03-04T17:24:47.394889
WASH_TRADE,T0284,SOLUSDT,2026-01-06T13:57:41.617233,97.93,22,2,MEDIUM,2026-03-04T17:24:47.397932
WASH_TRADE,T0284,SOLUSDT,2026-01-06T16:10:16.781233,94.22,50,2,MEDIUM,2026-03-04T17:24:47.401964
WASH_TRADE,T0285,BTCUSDT,2026-01-06T13:29:09.051233,41997.72,44,2,MEDIUM,2026-03-04T17:24:47.402853
WASH_TRADE,T0285,BTCUSDT,2026-01-06T14:14:32.864233,42000.53,58,2,HIGH,2026-03-04T17:24:47.404723
WASH_TRADE,T0285,BTCUSDT,2026-01-06T14:31:44.060233,42001.53,32,2,MEDIUM,2026-03-04T17:24:47.405271
WASH_TRADE,T0285,BTCUSDT,2026-01-06T15:33:19.147233,41999.43,38,2,MEDIUM,2026-03-04T17:24:47.408025
WASH_TRADE,T0285,ETHUSDT,2026-01-06T15:05:22.444233,2303.65,20,2,MEDIUM,2026-03-04T17:24:47.413723
WASH_TRADE,T0285,ETHUSDT,2026-01-06T15:26:39.912233,2300.95,60,2,HIGH,2026-03-04T17:24:47.414462
WASH_TRADE,T0285,SOLUSDT,2026-01-06T14:20:18.363233,94.62,40,2,MEDIUM,2026-03-04T17:24:47.417500
WASH_TRADE,T0285,SOLUSDT,2026-01-06T15:10:03.930233,92.46,40,2,MEDIUM,2026-03-04T17:24:47.419158
WASH_TRADE,T0286,BTCUSDT,2026-01-06T13:29:03.895233,41997.9,28,2,MEDIUM,2026-03-04T17:24:47.421857
WASH_TRADE,T0286,BTCUSDT,2026-01-06T13:41:38.631233,42002.75,32,2,MEDIUM,2026-03-04T17:24:47.422339
WASH_TRADE,T0286,BTCUSDT,2026-01-06T14:06:01.694233,42000.98,40,2,MEDIUM,2026-03-04T17:24:47.423097
WASH_TRADE,T0286,BTCUSDT,2026-01-06T14:23:28.082233,42004.25,44,2,MEDIUM,2026-03-04T17:24:47.423882
WASH_TRADE,T0286,BTCUSDT,2026-01-06T15:02:48.187233,42001.59,34,2,MEDIUM,2026-03-04T17:24:47.425943
WASH_TRADE,T0286,BTCUSDT,2026-01-06T15:07:06.773233,41999.72,36,2,MEDIUM,2026-03-04T17:24:47.426154
WASH_TRADE,T0286,BTCUSDT,2026-01-06T15:16:57.548233,42001.68,32,2,MEDIUM,2026-03-04T17:24:47.426527
WASH_TRADE,T0286,BTCUSDT,2026-01-06T16:08:22.735233,42003.92,46,2,MEDIUM,2026-03-04T17:24:47.427994
WASH_TRADE,T0286,BTCUSDT,2026-01-06T16:14:53.658233,42000.75,28,2,MEDIUM,2026-03-04T17:24:47.428254
WASH_TRADE,T0286,ETHUSDT,2026-01-06T13:47:28.790233,2301.86,20,2,MEDIUM,2026-03-04T17:24:47.429714
WASH_TRADE,T0286,ETHUSDT,2026-01-06T14:28:56.538233,2299.94,32,2,MEDIUM,2026-03-04T17:24:47.432115
WASH_TRADE,T0286,ETHUSDT,2026-01-06T15:37:44.834233,2301.27,36,2,MEDIUM,2026-03-04T17:24:47.434728
WASH_TRADE,T0286,SOLUSDT,2026-01-06T14:01:53.818233,95.39,50,2,MEDIUM,2026-03-04T17:24:47.437511
WASH_TRADE,T0286,SOLUSDT,2026-01-06T15:05:27.174233,95.94,26,2,MEDIUM,2026-03-04T17:24:47.439594
WASH_TRADE,T0287,BTCUSDT,2026-01-06T13:52:34.786233,42000.09,20,2,MEDIUM,2026-03-04T17:24:47.443498
WASH_TRADE,T0287,BTCUSDT,2026-01-06T14:02:39.490233,42001.61,50,2,MEDIUM,2026-03-04T17:24:47.444180
WASH_TRADE,T0287,BTCUSDT,2026-01-06T15:07:52.553233,42000.88,20,2,MEDIUM,2026-03-04T17:24:47.447187
WASH_TRADE,T0287,ETHUSDT,2026-01-06T14:20:40.524233,2300.52,34,2,MEDIUM,2026-03-04T17:24:47.451702
WASH_TRADE,T0287,ETHUSDT,2026-01-06T15:46:14.330233,2302.28,54,2,HIGH,2026-03-04T17:24:47.454506
WASH_TRADE,T0287,SOLUSDT,2026-01-06T16:06:44.378233,98.12,24,2,MEDIUM,2026-03-04T17:24:47.461887
WASH_TRADE,T0288,BTCUSDT,2026-01-06T14:06:54.984233,42000.03,46,2,MEDIUM,2026-03-04T17:24:47.463564
WASH_TRADE,T0288,BTCUSDT,2026-01-06T14:19:16.539233,42000.52,56,2,HIGH,2026-03-04T17:24:47.464180
WASH_TRADE,T0288,BTCUSDT,2026-01-06T15:01:28.289233,42002.35,56,2,HIGH,2026-03-04T17:24:47.465602
WASH_TRADE,T0288,BTCUSDT,2026-01-06T15:57:07.278233,42003.32,48,2,MEDIUM,2026-03-04T17:24:47.467892
WASH_TRADE,T0288,BTCUSDT,2026-01-06T16:14:17.402233,42002.14,24,2,MEDIUM,2026-03-04T17:24:47.468493
WASH_TRADE,T0288,ETHUSDT,2026-01-06T13:25:40.960233,2298.35,60,2,HIGH,2026-03-04T17:24:47.469125
WASH_TRADE,T0288,ETHUSDT,2026-01-06T15:25:44.844233,2302.22,40,2,MEDIUM,2026-03-04T17:24:47.473528
WASH_TRADE,T0288,ETHUSDT,2026-01-06T16:16:03.725233,2302.51,24,2,MEDIUM,2026-03-04T17:24:47.475043
WASH_TRADE,T0288,SOLUSDT,2026-01-06T14:05:46.794233,93.58,28,2,MEDIUM,2026-03-04T17:24:47.476545
WASH_TRADE,T0289,BTCUSDT,2026-01-06T15:13:03.081233,42000.66,28,2,MEDIUM,2026-03-04T17:24:47.485468
WASH_TRADE,T0289,ETHUSDT,2026-01-06T13:41:44.455233,2302.49,24,2,MEDIUM,2026-03-04T17:24:47.487790
WASH_TRADE,T0289,ETHUSDT,2026-01-06T13:42:40.074233,2299.99,22,2,MEDIUM,2026-03-04T17:24:47.487842
WASH_TRADE,T0289,ETHUSDT,2026-01-06T14:34:32.107233,2300.12,42,2,MEDIUM,2026-03-04T17:24:47.489709
WASH_TRADE,T0289,ETHUSDT,2026-01-06T14:44:32.924233,2300.54,56,2,HIGH,2026-03-04T17:24:47.490259
WASH_TRADE,T0289,SOLUSDT,2026-01-06T15:49:21.228233,92.3,40,2,MEDIUM,2026-03-04T17:24:47.498731
WASH_TRADE,T0290,BTCUSDT,2026-01-06T14:32:07.883233,42000.77,20,2,MEDIUM,2026-03-04T17:24:47.502991
WASH_TRADE,T0290,BTCUSDT,2026-01-06T15:28:02.990233,42001.88,54,2,HIGH,2026-03-04T17:24:47.505128
WASH_TRADE,T0290,ETHUSDT,2026-01-06T13:32:29.630233,2296.92,22,2,MEDIUM,2026-03-04T17:24:47.507781
WASH_TRADE,T0290,ETHUSDT,2026-01-06T14:34:22.074233,2296.2,28,2,MEDIUM,2026-03-04T17:24:47.509644
WASH_TRADE,T0290,ETHUSDT,2026-01-06T15:04:13.801233,2299.24,28,2,MEDIUM,2026-03-04T17:24:47.510543
WASH_TRADE,T0290,ETHUSDT,2026-01-06T15:28:26.574233,2299.99,34,2,MEDIUM,2026-03-04T17:24:47.511520
WASH_TRADE,T0290,ETHUSDT,2026-01-06T15:33:03.128233,2303.43,56,2,HIGH,2026-03-04T17:24:47.511737
WASH_TRADE,T0290,SOLUSDT,2026-01-06T13:49:44.908233,94.97,20,2,MEDIUM,2026-03-04T17:24:47.514540
WASH_TRADE,T0290,SOLUSDT,2026-01-06T13:50:41.972233,91.32,52,2,HIGH,2026-03-04T17:24:47.514611
WASH_TRADE,T0290,SOLUSDT,2026-01-06T15:08:22.810233,93.92,28,2,MEDIUM,2026-03-04T17:24:47.516780
WASH_TRADE,T0290,SOLUSDT,2026-01-06T15:12:58.720233,93.52,28,2,MEDIUM,2026-03-04T17:24:47.516951
WASH_TRADE,T0290,SOLUSDT,2026-01-06T16:15:23.011233,91.58,22,2,MEDIUM,2026-03-04T17:24:47.519614
WASH_TRADE,T0291,BTCUSDT,2026-01-06T13:55:46.273233,42001.26,22,2,MEDIUM,2026-03-04T17:24:47.521384
WASH_TRADE,T0291,BTCUSDT,2026-01-06T13:58:31.263233,42001.13,48,2,MEDIUM,2026-03-04T17:24:47.521589
WASH_TRADE,T0291,ETHUSDT,2026-01-06T13:51:30.279233,2299.46,40,2,MEDIUM,2026-03-04T17:24:47.528211
WASH_TRADE,T0291,ETHUSDT,2026-01-06T14:04:05.594233,2300.74,26,2,MEDIUM,2026-03-04T17:24:47.528544
WASH_TRADE,T0291,ETHUSDT,2026-01-06T14:42:30.464233,2300.36,20,2,MEDIUM,2026-03-04T17:24:47.530111
WASH_TRADE,T0291,ETHUSDT,2026-01-06T14:53:16.342233,2303.21,58,2,HIGH,2026-03-04T17:24:47.530510
WASH_TRADE,T0291,ETHUSDT,2026-01-06T15:26:43.716233,2304.76,50,2,MEDIUM,2026-03-04T17:24:47.531727
WASH_TRADE,T0291,ETHUSDT,2026-01-06T15:50:44.696233,2299.46,42,2,MEDIUM,2026-03-04T17:24:47.532980
WASH_TRADE,T0291,SOLUSDT,2026-01-06T13:20:34.681233,91.67,28,2,MEDIUM,2026-03-04T17:24:47.534131
WASH_TRADE,T0291,SOLUSDT,2026-01-06T13:26:13.073233,95.68,20,2,MEDIUM,2026-03-04T17:24:47.534345
WASH_TRADE,T0291,SOLUSDT,2026-01-06T13:56:15.338233,91.49,56,2,HIGH,2026-03-04T17:24:47.535554
WASH_TRADE,T0291,SOLUSDT,2026-01-06T15:06:03.508233,96.13,44,2,MEDIUM,2026-03-04T17:24:47.538416
WASH_TRADE,T0291,SOLUSDT,2026-01-06T15:52:35.090233,93.61,42,2,MEDIUM,2026-03-04T17:24:47.540119
WASH_TRADE,T0292,BTCUSDT,2026-01-06T14:42:00.230233,42001.53,44,2,MEDIUM,2026-03-04T17:24:47.544017
WASH_TRADE,T0292,ETHUSDT,2026-01-06T14:01:26.114233,2300.03,32,2,MEDIUM,2026-03-04T17:24:47.549329
WASH_TRADE,T0292,ETHUSDT,2026-01-06T15:35:46.202233,2301.56,26,2,MEDIUM,2026-03-04T17:24:47.552419
WASH_TRADE,T0292,SOLUSDT,2026-01-06T13:19:32.916233,93.88,42,2,MEDIUM,2026-03-04T17:24:47.554505
WASH_TRADE,T0292,SOLUSDT,2026-01-06T13:33:28.242233,96.51,56,2,HIGH,2026-03-04T17:24:47.554915
WASH_TRADE,T0292,SOLUSDT,2026-01-06T15:40:27.376233,95.94,52,2,HIGH,2026-03-04T17:24:47.559433
WASH_TRADE,T0292,SOLUSDT,2026-01-06T15:54:51.263233,94.14,56,2,HIGH,2026-03-04T17:24:47.560024
WASH_TRADE,T0292,SOLUSDT,2026-01-06T16:01:32.686233,96.98,22,2,MEDIUM,2026-03-04T17:24:47.560328
WASH_TRADE,T0293,BTCUSDT,2026-01-06T15:27:21.222233,42001.25,56,2,HIGH,2026-03-04T17:24:47.565775
WASH_TRADE,T0293,ETHUSDT,2026-01-06T13:25:15.881233,2302.95,46,2,MEDIUM,2026-03-04T17:24:47.568065
WASH_TRADE,T0293,ETHUSDT,2026-01-06T14:06:37.173233,2299.84,36,2,MEDIUM,2026-03-04T17:24:47.569431
WASH_TRADE,T0293,SOLUSDT,2026-01-06T15:43:58.916233,92.21,60,2,HIGH,2026-03-04T17:24:47.580255
WASH_TRADE,T0294,BTCUSDT,2026-01-06T14:03:20.125233,42003.93,32,2,MEDIUM,2026-03-04T17:24:47.582790
WASH_TRADE,T0294,BTCUSDT,2026-01-06T14:09:22.942233,42003.29,54,2,HIGH,2026-03-04T17:24:47.583197
WASH_TRADE,T0294,BTCUSDT,2026-01-06T14:24:05.074233,42000.42,24,2,MEDIUM,2026-03-04T17:24:47.583627
WASH_TRADE,T0294,BTCUSDT,2026-01-06T15:41:07.444233,42001.74,56,2,HIGH,2026-03-04T17:24:47.586495
WASH_TRADE,T0294,BTCUSDT,2026-01-06T15:43:01.823233,42000.36,34,2,MEDIUM,2026-03-04T17:24:47.586584
WASH_TRADE,T0294,BTCUSDT,2026-01-06T16:05:35.736233,42000.77,34,2,MEDIUM,2026-03-04T17:24:47.587407
WASH_TRADE,T0294,ETHUSDT,2026-01-06T13:23:28.693233,2303.23,48,2,MEDIUM,2026-03-04T17:24:47.588100
WASH_TRADE,T0294,ETHUSDT,2026-01-06T14:43:15.692233,2299.05,42,2,MEDIUM,2026-03-04T17:24:47.590826
WASH_TRADE,T0294,ETHUSDT,2026-01-06T16:14:54.296233,2299.86,46,2,MEDIUM,2026-03-04T17:24:47.593889
WASH_TRADE,T0294,SOLUSDT,2026-01-06T13:21:19.449233,98.17,60,2,HIGH,2026-03-04T17:24:47.594498
WASH_TRADE,T0294,SOLUSDT,2026-01-06T14:01:23.349233,93.93,28,2,MEDIUM,2026-03-04T17:24:47.596033
WASH_TRADE,T0294,SOLUSDT,2026-01-06T14:02:15.107233,97.04,26,2,MEDIUM,2026-03-04T17:24:47.596142
WASH_TRADE,T0294,SOLUSDT,2026-01-06T14:28:40.985233,93.15,30,2,MEDIUM,2026-03-04T17:24:47.596814
WASH_TRADE,T0295,BTCUSDT,2026-01-06T13:29:07.816233,41997.25,44,2,MEDIUM,2026-03-04T17:24:47.601207
WASH_TRADE,T0295,BTCUSDT,2026-01-06T13:40:28.282233,42001.13,26,2,MEDIUM,2026-03-04T17:24:47.601873
WASH_TRADE,T0295,BTCUSDT,2026-01-06T15:56:32.230233,42002.84,34,2,MEDIUM,2026-03-04T17:24:47.607498
WASH_TRADE,T0295,ETHUSDT,2026-01-06T13:26:13.571233,2299.89,38,2,MEDIUM,2026-03-04T17:24:47.608682
WASH_TRADE,T0295,SOLUSDT,2026-01-06T14:15:07.970233,96.34,60,2,HIGH,2026-03-04T17:24:47.617260
WASH_TRADE,T0296,BTCUSDT,2026-01-06T14:21:00.433233,42000.22,48,2,MEDIUM,2026-03-04T17:24:47.624639
WASH_TRADE,T0296,ETHUSDT,2026-01-06T13:23:21.799233,2297.57,32,2,MEDIUM,2026-03-04T17:24:47.629264
WASH_TRADE,T0296,ETHUSDT,2026-01-06T14:37:54.458233,2297.11,54,2,HIGH,2026-03-04T17:24:47.631928
WASH_TRADE,T0296,ETHUSDT,2026-01-06T14:42:17.108233,2299.54,20,2,MEDIUM,2026-03-04T17:24:47.632128
WASH_TRADE,T0296,ETHUSDT,2026-01-06T15:06:37.117233,2302.33,60,2,HIGH,2026-03-04T17:24:47.632834
WASH_TRADE,T0296,SOLUSDT,2026-01-06T15:42:24.482233,96.63,24,2,MEDIUM,2026-03-04T17:24:47.640998
WASH_TRADE,T0297,BTCUSDT,2026-01-06T14:26:49.238233,41998.49,32,2,MEDIUM,2026-03-04T17:24:47.645470
WASH_TRADE,T0297,ETHUSDT,2026-01-06T13:19:34.647233,2297.52,30,2,MEDIUM,2026-03-04T17:24:47.648978
WASH_TRADE,T0297,ETHUSDT,2026-01-06T13:20:06.691233,2303.61,60,2,HIGH,2026-03-04T17:24:47.649030
WASH_TRADE,T0297,ETHUSDT,2026-01-06T13:41:47.111233,2301.16,46,2,MEDIUM,2026-03-04T17:24:47.649847
WASH_TRADE,T0297,ETHUSDT,2026-01-06T15:00:46.134233,2302.76,56,2,HIGH,2026-03-04T17:24:47.653449
WASH_TRADE,T0298,BTCUSDT,2026-01-06T13:47:03.666233,41998.88,34,2,MEDIUM,2026-03-04T17:24:47.663288
WASH_TRADE,T0298,BTCUSDT,2026-01-06T14:16:47.640233,41999.19,42,2,MEDIUM,2026-03-04T17:24:47.664087
WASH_TRADE,T0298,BTCUSDT,2026-01-06T14:19:00.231233,41999.99,44,2,MEDIUM,2026-03-04T17:24:47.664278
WASH_TRADE,T0298,BTCUSDT,2026-01-06T14:48:44.006233,41997.9,60,2,HIGH,2026-03-04T17:24:47.665594
WASH_TRADE,T0298,ETHUSDT,2026-01-06T14:23:59.708233,2296.36,40,2,MEDIUM,2026-03-04T17:24:47.671311
WASH_TRADE,T0298,SOLUSDT,2026-01-06T13:39:33.919233,96.74,52,2,HIGH,2026-03-04T17:24:47.676870
WASH_TRADE,T0298,SOLUSDT,2026-01-06T15:53:12.926233,92.29,34,2,MEDIUM,2026-03-04T17:24:47.681103
WASH_TRADE,T0299,BTCUSDT,2026-01-06T14:15:53.167233,41997.28,26,2,MEDIUM,2026-03-04T17:24:47.684761
WASH_TRADE,T0299,ETHUSDT,2026-01-06T15:20:29.998233,2298.35,32,2,MEDIUM,2026-03-04T17:24:47.692742
WASH_TRADE,T0299,ETHUSDT,2026-01-06T15:29:46.120233,2299.21,30,2,MEDIUM,2026-03-04T17:24:47.692991
WASH_TRADE,T0299,ETHUSDT,2026-01-06T16:05:30.918233,2300.46,56,2,HIGH,2026-03-04T17:24:47.694348
WASH_TRADE,T0299,ETHUSDT,2026-01-06T16:09:54.547233,2298.51,22,2,MEDIUM,2026-03-04T17:24:47.694547
WASH_TRADE,T0299,ETHUSDT,2026-01-06T16:13:25.187233,2301.77,56,2,HIGH,2026-03-04T17:24:47.694770
WASH_TRADE,T0299,SOLUSDT,2026-01-06T14:26:37.230233,94.11,38,2,MEDIUM,2026-03-04T17:24:47.697575
WASH_TRADE,T0299,SOLUSDT,2026-01-06T15:56:13.221233,93.7,40,2,MEDIUM,2026-03-04T17:24:47.701674
WASH_TRADE,T0299,SOLUSDT,2026-01-06T15:58:11.768233,97.07,56,2,HIGH,2026-03-04T17:24:47.701818
WASH_TRADE,T0300,BTCUSDT,2026-01-06T13:21:57.664233,41998.97,48,2,MEDIUM,2026-03-04T17:24:47.702911
WASH_TRADE,T0300,BTCUSDT,2026-01-06T14:07:17.954233,42003.5,44,2,MEDIUM,2026-03-04T17:24:47.705031
WASH_TRADE,T0300,BTCUSDT,2026-01-06T14:21:48.256233,41998.81,50,2,MEDIUM,2026-03-04T17:24:47.705621
WASH_TRADE,T0300,BTCUSDT,2026-01-06T14:50:58.645233,41998.14,42,2,MEDIUM,2026-03-04T17:24:47.706533
WASH_TRADE,T0300,BTCUSDT,2026-01-06T15:18:24.145233,42001.52,58,2,HIGH,2026-03-04T17:24:47.707421
WASH_TRADE,T0300,BTCUSDT,2026-01-06T16:13:43.409233,41999.6,36,2,MEDIUM,2026-03-04T17:24:47.708967
WASH_TRADE,T0300,ETHUSDT,2026-01-06T14:26:45.981233,2301.53,26,2,MEDIUM,2026-03-04T17:24:47.712780
WASH_TRADE,T0300,SOLUSDT,2026-01-06T13:42:07.388233,89.99,40,2,MEDIUM,2026-03-04T17:24:47.717780
WASH_TRADE,T0300,SOLUSDT,2026-01-06T15:51:35.525233,91.53,58,2,HIGH,2026-03-04T17:24:47.722503
WASH_TRADE,T0301,BTCUSDT,2026-01-06T14:04:58.536233,41995.16,22,2,MEDIUM,2026-03-04T17:24:47.725148
WASH_TRADE,T0301,BTCUSDT,2026-01-06T15:44:17.467233,42003.91,42,2,MEDIUM,2026-03-04T17:24:47.729315
WASH_TRADE,T0301,ETHUSDT,2026-01-06T15:07:34.598233,2298.2,34,2,MEDIUM,2026-03-04T17:24:47.734825
WASH_TRADE,T0301,SOLUSDT,2026-01-06T16:09:34.667233,92.39,44,2,MEDIUM,2026-03-04T17:24:47.743829
WASH_TRADE,T0302,BTCUSDT,2026-01-06T14:00:35.854233,42002.47,32,2,MEDIUM,2026-03-04T17:24:47.746092
WASH_TRADE,T0302,BTCUSDT,2026-01-06T14:31:11.872233,42001.2,24,2,MEDIUM,2026-03-04T17:24:47.747111
WASH_TRADE,T0302,ETHUSDT,2026-01-06T15:23:14.961233,2295.4,32,2,MEDIUM,2026-03-04T17:24:47.755438
WASH_TRADE,T0302,SOLUSDT,2026-01-06T13:26:49.429233,94.6,30,2,MEDIUM,2026-03-04T17:24:47.758500
WASH_TRADE,T0302,SOLUSDT,2026-01-06T13:42:24.753233,97.04,28,2,MEDIUM,2026-03-04T17:24:47.759100
WASH_TRADE,T0302,SOLUSDT,2026-01-06T14:17:51.887233,97.3,42,2,MEDIUM,2026-03-04T17:24:47.760255
WASH_TRADE,T0302,SOLUSDT,2026-01-06T14:22:24.900233,93.05,40,2,MEDIUM,2026-03-04T17:24:47.760490
WASH_TRADE,T0302,SOLUSDT,2026-01-06T14:48:33.763233,96.22,32,2,MEDIUM,2026-03-04T17:24:47.761312
WASH_TRADE,T0302,SOLUSDT,2026-01-06T15:26:56.651233,99.0,32,2,MEDIUM,2026-03-04T17:24:47.762645
WASH_TRADE,T0302,SOLUSDT,2026-01-06T15:48:59.652233,95.68,28,2,MEDIUM,2026-03-04T17:24:47.763472
WASH_TRADE,T0302,SOLUSDT,2026-01-06T15:52:12.736233,91.98,60,2,HIGH,2026-03-04T17:24:47.763794
WASH_TRADE,T0303,BTCUSDT,2026-01-06T15:33:24.022233,41999.27,46,2,MEDIUM,2026-03-04T17:24:47.769493
WASH_TRADE,T0303,BTCUSDT,2026-01-06T15:59:55.878233,41999.85,30,2,MEDIUM,2026-03-04T17:24:47.770461
WASH_TRADE,T0303,ETHUSDT,2026-01-06T14:26:11.465233,2301.97,52,2,HIGH,2026-03-04T17:24:47.773183
WASH_TRADE,T0303,ETHUSDT,2026-01-06T14:45:09.499233,2299.8,44,2,MEDIUM,2026-03-04T17:24:47.773885
WASH_TRADE,T0303,ETHUSDT,2026-01-06T15:34:01.205233,2301.39,38,2,MEDIUM,2026-03-04T17:24:47.775729
WASH_TRADE,T0303,SOLUSDT,2026-01-06T13:33:51.708233,92.75,40,2,MEDIUM,2026-03-04T17:24:47.778307
WASH_TRADE,T0303,SOLUSDT,2026-01-06T13:39:37.396233,95.2,32,2,MEDIUM,2026-03-04T17:24:47.778466
WASH_TRADE,T0303,SOLUSDT,2026-01-06T14:14:21.539233,98.48,38,2,MEDIUM,2026-03-04T17:24:47.780000
WASH_TRADE,T0303,SOLUSDT,2026-01-06T14:18:36.265233,95.56,42,2,MEDIUM,2026-03-04T17:24:47.780444
WASH_TRADE,T0303,SOLUSDT,2026-01-06T14:40:40.041233,94.6,58,2,HIGH,2026-03-04T17:24:47.781138
WASH_TRADE,T0303,SOLUSDT,2026-01-06T15:06:19.122233,94.41,38,2,MEDIUM,2026-03-04T17:24:47.781893
WASH_TRADE,T0304,ETHUSDT,2026-01-06T13:17:45.887233,2297.7,48,2,MEDIUM,2026-03-04T17:24:47.790906
WASH_TRADE,T0304,ETHUSDT,2026-01-06T13:53:22.052233,2302.01,46,2,MEDIUM,2026-03-04T17:24:47.792967
WASH_TRADE,T0304,ETHUSDT,2026-01-06T15:07:46.708233,2300.15,36,2,MEDIUM,2026-03-04T17:24:47.795856
WASH_TRADE,T0304,ETHUSDT,2026-01-06T15:12:02.731233,2297.3,38,2,MEDIUM,2026-03-04T17:24:47.796010
WASH_TRADE,T0304,SOLUSDT,2026-01-06T13:22:42.438233,96.2,22,2,MEDIUM,2026-03-04T17:24:47.799391
WASH_TRADE,T0304,SOLUSDT,2026-01-06T15:25:57.372233,96.25,26,2,MEDIUM,2026-03-04T17:24:47.803212
WASH_TRADE,T0305,BTCUSDT,2026-01-06T14:15:14.228233,41995.82,56,2,HIGH,2026-03-04T17:24:47.807048
WASH_TRADE,T0305,BTCUSDT,2026-01-06T15:02:53.889233,42003.62,42,2,MEDIUM,2026-03-04T17:24:47.808825
WASH_TRADE,T0305,ETHUSDT,2026-01-06T14:07:58.983233,2300.78,42,2,MEDIUM,2026-03-04T17:24:47.813452
WASH_TRADE,T0305,SOLUSDT,2026-01-06T13:58:41.590233,95.87,60,2,HIGH,2026-03-04T17:24:47.819665
WASH_TRADE,T0305,SOLUSDT,2026-01-06T15:27:15.282233,94.73,32,2,MEDIUM,2026-03-04T17:24:47.822921
WASH_TRADE,T0305,SOLUSDT,2026-01-06T15:39:24.639233,92.63,30,2,MEDIUM,2026-03-04T17:24:47.823451
WASH_TRADE,T0306,BTCUSDT,2026-01-06T13:43:34.919233,41999.84,22,2,MEDIUM,2026-03-04T17:24:47.825738
WASH_TRADE,T0306,BTCUSDT,2026-01-06T13:56:06.449233,42000.05,60,2,HIGH,2026-03-04T17:24:47.826413
WASH_TRADE,T0306,BTCUSDT,2026-01-06T14:15:25.331233,41999.86,56,2,HIGH,2026-03-04T17:24:47.827018
WASH_TRADE,T0306,BTCUSDT,2026-01-06T14:15:50.007233,42001.4,26,2,MEDIUM,2026-03-04T17:24:47.827068
WASH_TRADE,T0306,BTCUSDT,2026-01-06T14:26:10.094233,42000.91,52,2,HIGH,2026-03-04T17:24:47.827464
WASH_TRADE,T0306,BTCUSDT,2026-01-06T15:14:28.604233,42001.62,56,2,HIGH,2026-03-04T17:24:47.829339
WASH_TRADE,T0306,BTCUSDT,2026-01-06T15:38:12.989233,41998.69,36,2,MEDIUM,2026-03-04T17:24:47.829965
WASH_TRADE,T0306,BTCUSDT,2026-01-06T15:57:32.127233,41997.69,32,2,MEDIUM,2026-03-04T17:24:47.830879
WASH_TRADE,T0306,ETHUSDT,2026-01-06T14:26:40.124233,2301.91,30,2,MEDIUM,2026-03-04T17:24:47.834809
WASH_TRADE,T0306,ETHUSDT,2026-01-06T14:32:04.737233,2300.18,22,2,MEDIUM,2026-03-04T17:24:47.835073
WASH_TRADE,T0306,ETHUSDT,2026-01-06T14:42:05.168233,2302.71,50,2,MEDIUM,2026-03-04T17:24:47.835524
WASH_TRADE,T0306,ETHUSDT,2026-01-06T16:07:26.878233,2298.71,46,2,MEDIUM,2026-03-04T17:24:47.838740
WASH_TRADE,T0306,SOLUSDT,2026-01-06T14:50:04.307233,93.25,36,2,MEDIUM,2026-03-04T17:24:47.860797
WASH_TRADE,T0306,SOLUSDT,2026-01-06T15:11:14.148233,93.82,52,2,HIGH,2026-03-04T17:24:47.861561
WASH_TRADE,T0307,BTCUSDT,2026-01-06T13:48:06.841233,42000.29,22,2,MEDIUM,2026-03-04T17:24:47.865500
WASH_TRADE,T0307,BTCUSDT,2026-01-06T13:48:47.001233,41998.9,46,2,MEDIUM,2026-03-04T17:24:47.865574
WASH_TRADE,T0307,BTCUSDT,2026-01-06T13:56:47.183233,42005.55,20,2,MEDIUM,2026-03-04T17:24:47.865820
WASH_TRADE,T0307,BTCUSDT,2026-01-06T14:04:43.713233,41998.54,50,2,MEDIUM,2026-03-04T17:24:47.866042
WASH_TRADE,T0307,BTCUSDT,2026-01-06T14:09:11.086233,41996.96,22,2,MEDIUM,2026-03-04T17:24:47.866495
WASH_TRADE,T0307,ETHUSDT,2026-01-06T13:12:49.127233,2297.28,38,2,MEDIUM,2026-03-04T17:24:47.870860
WASH_TRADE,T0307,ETHUSDT,2026-01-06T14:36:02.190233,2300.21,26,2,MEDIUM,2026-03-04T17:24:47.873511
WASH_TRADE,T0307,SOLUSDT,2026-01-06T13:31:16.550233,94.01,24,2,MEDIUM,2026-03-04T17:24:47.877391
WASH_TRADE,T0307,SOLUSDT,2026-01-06T13:36:43.311233,92.37,42,2,MEDIUM,2026-03-04T17:24:47.877600
WASH_TRADE,T0307,SOLUSDT,2026-01-06T14:44:19.032233,93.67,56,2,HIGH,2026-03-04T17:24:47.879644
WASH_TRADE,T0307,SOLUSDT,2026-01-06T15:16:56.572233,96.14,26,2,MEDIUM,2026-03-04T17:24:47.880927
WASH_TRADE,T0307,SOLUSDT,2026-01-06T15:32:15.977233,95.63,48,2,MEDIUM,2026-03-04T17:24:47.881464
WASH_TRADE,T0307,SOLUSDT,2026-01-06T15:36:09.618233,92.93,52,2,HIGH,2026-03-04T17:24:47.881633
WASH_TRADE,T0308,BTCUSDT,2026-01-06T14:05:05.912233,42001.18,50,2,MEDIUM,2026-03-04T17:24:47.885097
WASH_TRADE,T0308,BTCUSDT,2026-01-06T14:31:15.058233,42001.45,60,2,HIGH,2026-03-04T17:24:47.886104
WASH_TRADE,T0308,BTCUSDT,2026-01-06T14:58:49.263233,41999.83,22,2,MEDIUM,2026-03-04T17:24:47.887064
WASH_TRADE,T0308,BTCUSDT,2026-01-06T16:00:25.287233,42001.76,50,2,MEDIUM,2026-03-04T17:24:47.889657
WASH_TRADE,T0308,ETHUSDT,2026-01-06T13:29:05.535233,2299.57,22,2,MEDIUM,2026-03-04T17:24:47.890432
WASH_TRADE,T0308,ETHUSDT,2026-01-06T14:37:00.871233,2301.69,48,2,MEDIUM,2026-03-04T17:24:47.892463
WASH_TRADE,T0308,ETHUSDT,2026-01-06T15:25:50.155233,2302.05,60,2,HIGH,2026-03-04T17:24:47.893969
WASH_TRADE,T0308,ETHUSDT,2026-01-06T15:42:38.265233,2299.84,34,2,MEDIUM,2026-03-04T17:24:47.895084
WASH_TRADE,T0309,BTCUSDT,2026-01-06T13:47:56.830233,41997.99,38,2,MEDIUM,2026-03-04T17:24:47.904567
WASH_TRADE,T0309,ETHUSDT,2026-01-06T15:04:33.141233,2301.36,42,2,MEDIUM,2026-03-04T17:24:47.913353
WASH_TRADE,T0309,ETHUSDT,2026-01-06T15:43:56.294233,2299.86,32,2,MEDIUM,2026-03-04T17:24:47.914871
WASH_TRADE,T0309,SOLUSDT,2026-01-06T14:40:26.550233,95.52,44,2,MEDIUM,2026-03-04T17:24:47.919310
WASH_TRADE,T0309,SOLUSDT,2026-01-06T16:12:18.956233,97.94,32,2,MEDIUM,2026-03-04T17:24:47.922528
WASH_TRADE,T0310,BTCUSDT,2026-01-06T15:22:43.412233,41998.02,24,2,MEDIUM,2026-03-04T17:24:47.927422
WASH_TRADE,T0310,BTCUSDT,2026-01-06T15:26:12.790233,42001.19,36,2,MEDIUM,2026-03-04T17:24:47.927627
WASH_TRADE,T0310,ETHUSDT,2026-01-06T13:48:30.338233,2300.44,32,2,MEDIUM,2026-03-04T17:24:47.931109
WASH_TRADE,T0310,ETHUSDT,2026-01-06T14:17:42.387233,2299.31,46,2,MEDIUM,2026-03-04T17:24:47.931833
WASH_TRADE,T0310,SOLUSDT,2026-01-06T13:32:44.999233,94.36,28,2,MEDIUM,2026-03-04T17:24:47.935938
WASH_TRADE,T0310,SOLUSDT,2026-01-06T15:04:01.791233,95.82,40,2,MEDIUM,2026-03-04T17:24:47.939028
WASH_TRADE,T0311,BTCUSDT,2026-01-06T13:38:18.941233,41998.15,58,2,HIGH,2026-03-04T17:24:47.942066
WASH_TRADE,T0311,BTCUSDT,2026-01-06T14:37:37.584233,42001.35,60,2,HIGH,2026-03-04T17:24:47.944395
WASH_TRADE,T0311,BTCUSDT,2026-01-06T15:35:26.076233,41998.59,26,2,MEDIUM,2026-03-04T17:24:47.946573
WASH_TRADE,T0311,ETHUSDT,2026-01-06T13:32:19.955233,2299.68,60,2,HIGH,2026-03-04T17:24:47.948501
WASH_TRADE,T0311,ETHUSDT,2026-01-06T13:50:16.713233,2303.03,50,2,MEDIUM,2026-03-04T17:24:47.949111
WASH_TRADE,T0311,ETHUSDT,2026-01-06T14:04:12.649233,2299.07,22,2,MEDIUM,2026-03-04T17:24:47.950021
WASH_TRADE,T0311,SOLUSDT,2026-01-06T13:28:04.193233,93.2,20,2,MEDIUM,2026-03-04T17:24:47.955171
WASH_TRADE,T0311,SOLUSDT,2026-01-06T14:07:47.840233,96.36,48,2,MEDIUM,2026-03-04T17:24:47.956527
WASH_TRADE,T0311,SOLUSDT,2026-01-06T15:01:07.163233,96.42,28,2,MEDIUM,2026-03-04T17:24:47.957858
WASH_TRADE,T0312,BTCUSDT,2026-01-06T14:20:28.863233,41994.55,30,2,MEDIUM,2026-03-04T17:24:47.963432
WASH_TRADE,T0312,BTCUSDT,2026-01-06T14:34:20.454233,42000.42,56,2,HIGH,2026-03-04T17:24:47.963947
WASH_TRADE,T0312,BTCUSDT,2026-01-06T15:29:08.342233,41998.39,36,2,MEDIUM,2026-03-04T17:24:47.965863
WASH_TRADE,T0312,SOLUSDT,2026-01-06T13:50:13.084233,94.59,44,2,MEDIUM,2026-03-04T17:24:47.974677
WASH_TRADE,T0312,SOLUSDT,2026-01-06T15:40:49.892233,93.99,28,2,MEDIUM,2026-03-04T17:24:47.978737
WASH_TRADE,T0312,SOLUSDT,2026-01-06T15:42:18.688233,96.87,44,2,MEDIUM,2026-03-04T17:24:47.978872
WASH_TRADE,T0312,SOLUSDT,2026-01-06T15:48:29.838233,96.57,38,2,MEDIUM,2026-03-04T17:24:47.979097
WASH_TRADE,T0313,BTCUSDT,2026-01-06T13:13:36.718233,42000.54,60,2,HIGH,2026-03-04T17:24:47.979921
WASH_TRADE,T0313,BTCUSDT,2026-01-06T14:20:13.049233,41999.22,20,2,MEDIUM,2026-03-04T17:24:47.982149
WASH_TRADE,T0313,BTCUSDT,2026-01-06T15:49:37.913233,42001.61,52,2,HIGH,2026-03-04T17:24:47.985538
WASH_TRADE,T0313,ETHUSDT,2026-01-06T14:42:27.452233,2299.59,32,2,MEDIUM,2026-03-04T17:24:47.989218
WASH_TRADE,T0313,ETHUSDT,2026-01-06T14:59:03.447233,2298.35,60,2,HIGH,2026-03-04T17:24:47.989843
WASH_TRADE,T0313,ETHUSDT,2026-01-06T15:49:43.636233,2300.89,26,2,MEDIUM,2026-03-04T17:24:47.991673
WASH_TRADE,T0313,SOLUSDT,2026-01-06T13:52:19.067233,91.22,44,2,MEDIUM,2026-03-04T17:24:47.994442
WASH_TRADE,T0313,SOLUSDT,2026-01-06T14:07:58.664233,95.85,30,2,MEDIUM,2026-03-04T17:24:47.994870
WASH_TRADE,T0313,SOLUSDT,2026-01-06T15:11:26.418233,95.74,28,2,MEDIUM,2026-03-04T17:24:47.997160
WASH_TRADE,T0313,SOLUSDT,2026-01-06T15:45:52.249233,93.0,42,2,MEDIUM,2026-03-04T17:24:47.998342
WASH_TRADE,T0313,SOLUSDT,2026-01-06T15:57:29.487233,92.75,58,2,HIGH,2026-03-04T17:24:47.998983
WASH_TRADE,T0314,ETHUSDT,2026-01-06T15:42:05.831233,2299.16,44,2,MEDIUM,2026-03-04T17:24:48.009384
WASH_TRADE,T0314,SOLUSDT,2026-01-06T13:20:30.373233,96.13,32,2,MEDIUM,2026-03-04T17:24:48.010562
WASH_TRADE,T0314,SOLUSDT,2026-01-06T13:35:59.315233,95.44,42,2,MEDIUM,2026-03-04T17:24:48.011103
WASH_TRADE,T0314,SOLUSDT,2026-01-06T15:01:07.056233,93.58,32,2,MEDIUM,2026-03-04T17:24:48.013636
WASH_TRADE,T0315,BTCUSDT,2026-01-06T14:29:35.728233,42000.55,20,2,MEDIUM,2026-03-04T17:24:48.018828
WASH_TRADE,T0315,BTCUSDT,2026-01-06T15:34:50.627233,41998.38,58,2,HIGH,2026-03-04T17:24:48.021032
WASH_TRADE,T0315,BTCUSDT,2026-01-06T16:07:22.811233,41999.57,52,2,HIGH,2026-03-04T17:24:48.021987
WASH_TRADE,T0315,ETHUSDT,2026-01-06T14:33:33.579233,2300.39,44,2,MEDIUM,2026-03-04T17:24:48.025194
WASH_TRADE,T0315,SOLUSDT,2026-01-06T14:16:10.632233,97.74,54,2,HIGH,2026-03-04T17:24:48.031311
WASH_TRADE,T0316,BTCUSDT,2026-01-06T13:16:30.257233,42000.27,58,2,HIGH,2026-03-04T17:24:48.035053
WASH_TRADE,T0316,BTCUSDT,2026-01-06T15:40:20.292233,41997.49,50,2,MEDIUM,2026-03-04T17:24:48.039734
WASH_TRADE,T0316,ETHUSDT,2026-01-06T13:33:25.604233,2300.68,32,2,MEDIUM,2026-03-04T17:24:48.041250
WASH_TRADE,T0316,ETHUSDT,2026-01-06T13:44:32.508233,2297.11,38,2,MEDIUM,2026-03-04T17:24:48.041719
WASH_TRADE,T0316,ETHUSDT,2026-01-06T15:29:56.285233,2299.2,44,2,MEDIUM,2026-03-04T17:24:48.045136
WASH_TRADE,T0317,BTCUSDT,2026-01-06T13:45:13.885233,41999.21,22,2,MEDIUM,2026-03-04T17:24:48.053695
WASH_TRADE,T0317,BTCUSDT,2026-01-06T15:49:23.758233,41998.41,38,2,MEDIUM,2026-03-04T17:24:48.057613
WASH_TRADE,T0317,ETHUSDT,2026-01-06T14:13:54.791233,2299.84,30,2,MEDIUM,2026-03-04T17:24:48.060891
WASH_TRADE,T0317,ETHUSDT,2026-01-06T14:47:15.566233,2301.87,22,2,MEDIUM,2026-03-04T17:24:48.062228
WASH_TRADE,T0317,SOLUSDT,2026-01-06T13:26:41.813233,94.55,46,2,MEDIUM,2026-03-04T17:24:48.065347
WASH_TRADE,T0317,SOLUSDT,2026-01-06T15:17:33.866233,96.88,32,2,MEDIUM,2026-03-04T17:24:48.069096
WASH_TRADE,T0317,SOLUSDT,2026-01-06T15:35:59.338233,98.96,42,2,MEDIUM,2026-03-04T17:24:48.069723
WASH_TRADE,T0317,SOLUSDT,2026-01-06T16:01:55.641233,96.3,24,2,MEDIUM,2026-03-04T17:24:48.070716
WASH_TRADE,T0318,BTCUSDT,2026-01-06T13:55:22.848233,42003.54,56,2,HIGH,2026-03-04T17:24:48.072735
WASH_TRADE,T0318,BTCUSDT,2026-01-06T14:26:36.146233,41999.93,52,2,HIGH,2026-03-04T17:24:48.074508
WASH_TRADE,T0318,ETHUSDT,2026-01-06T14:14:29.788233,2298.4,48,2,MEDIUM,2026-03-04T17:24:48.080700
WASH_TRADE,T0318,ETHUSDT,2026-01-06T15:14:16.646233,2296.28,52,2,HIGH,2026-03-04T17:24:48.082810
WASH_TRADE,T0318,ETHUSDT,2026-01-06T15:42:54.572233,2299.09,58,2,HIGH,2026-03-04T17:24:48.083976
WASH_TRADE,T0318,SOLUSDT,2026-01-06T14:15:25.691233,94.16,34,2,MEDIUM,2026-03-04T17:24:48.087349
WASH_TRADE,T0318,SOLUSDT,2026-01-06T15:43:50.689233,95.14,30,2,MEDIUM,2026-03-04T17:24:48.089972
WASH_TRADE,T0318,SOLUSDT,2026-01-06T16:11:03.096233,94.63,40,2,MEDIUM,2026-03-04T17:24:48.091497
WASH_TRADE,T0319,ETHUSDT,2026-01-06T14:36:20.707233,2299.04,54,2,HIGH,2026-03-04T17:24:48.100676
WASH_TRADE,T0319,ETHUSDT,2026-01-06T14:49:45.917233,2298.25,36,2,MEDIUM,2026-03-04T17:24:48.101391
WASH_TRADE,T0319,ETHUSDT,2026-01-06T15:47:58.928233,2301.67,54,2,HIGH,2026-03-04T17:24:48.103488
WASH_TRADE,T0319,ETHUSDT,2026-01-06T15:56:43.593233,2299.86,48,2,MEDIUM,2026-03-04T17:24:48.104003
WASH_TRADE,T0319,SOLUSDT,2026-01-06T13:38:34.535233,96.74,24,2,MEDIUM,2026-03-04T17:24:48.105386
WASH_TRADE,T0319,SOLUSDT,2026-01-06T14:41:27.309233,94.88,54,2,HIGH,2026-03-04T17:24:48.107646
WASH_TRADE,T0319,SOLUSDT,2026-01-06T15:29:12.491233,97.52,42,2,MEDIUM,2026-03-04T17:24:48.109602
WASH_TRADE,T0319,SOLUSDT,2026-01-06T15:50:06.859233,98.6,44,2,MEDIUM,2026-03-04T17:24:48.110418
WASH_TRADE,T0320,BTCUSDT,2026-01-06T13:28:10.102233,42002.22,54,2,HIGH,2026-03-04T17:24:48.111969
WASH_TRADE,T0320,BTCUSDT,2026-01-06T13:56:10.241233,41998.74,56,2,HIGH,2026-03-04T17:24:48.112894
WASH_TRADE,T0320,BTCUSDT,2026-01-06T14:29:12.701233,41998.0,56,2,HIGH,2026-03-04T17:24:48.114017
WASH_TRADE,T0320,BTCUSDT,2026-01-06T15:05:31.069233,42002.59,32,2,MEDIUM,2026-03-04T17:24:48.115594
WASH_TRADE,T0320,BTCUSDT,2026-01-06T16:02:19.504233,42000.14,38,2,MEDIUM,2026-03-04T17:24:48.117698
WASH_TRADE,T0320,ETHUSDT,2026-01-06T13:48:45.458233,2299.07,44,2,MEDIUM,2026-03-04T17:24:48.119557
WASH_TRADE,T0320,ETHUSDT,2026-01-06T14:13:16.550233,2299.83,32,2,MEDIUM,2026-03-04T17:24:48.120466
WASH_TRADE,T0320,ETHUSDT,2026-01-06T14:28:38.684233,2301.99,60,2,HIGH,2026-03-04T17:24:48.120916
WASH_TRADE,T0320,SOLUSDT,2026-01-06T13:48:02.777233,93.47,54,2,HIGH,2026-03-04T17:24:48.126068
WASH_TRADE,T0320,SOLUSDT,2026-01-06T14:11:11.196233,93.02,58,2,HIGH,2026-03-04T17:24:48.127170
WASH_TRADE,T0320,SOLUSDT,2026-01-06T14:31:46.404233,88.49,34,2,MEDIUM,2026-03-04T17:24:48.127879
WASH_TRADE,T0320,SOLUSDT,2026-01-06T14:53:13.647233,92.95,34,2,MEDIUM,2026-03-04T17:24:48.128417
WASH_TRADE,T0320,SOLUSDT,2026-01-06T15:52:50.424233,96.2,58,2,HIGH,2026-03-04T17:24:48.130180
WASH_TRADE,T0320,SOLUSDT,2026-01-06T16:14:07.516233,95.74,52,2,HIGH,2026-03-04T17:24:48.130744
WASH_TRADE,T0321,BTCUSDT,2026-01-06T14:27:59.294233,41997.65,60,2,HIGH,2026-03-04T17:24:48.133726
WASH_TRADE,T0321,BTCUSDT,2026-01-06T15:32:00.422233,41999.24,34,2,MEDIUM,2026-03-04T17:24:48.137233
WASH_TRADE,T0321,BTCUSDT,2026-01-06T15:54:32.385233,41999.84,50,2,MEDIUM,2026-03-04T17:24:48.138088
WASH_TRADE,T0321,ETHUSDT,2026-01-06T13:14:44.532233,2304.1,54,2,HIGH,2026-03-04T17:24:48.138663
WASH_TRADE,T0321,ETHUSDT,2026-01-06T14:10:05.504233,2304.31,20,2,MEDIUM,2026-03-04T17:24:48.140451
WASH_TRADE,T0321,ETHUSDT,2026-01-06T15:24:32.717233,2301.43,24,2,MEDIUM,2026-03-04T17:24:48.143877
WASH_TRADE,T0321,SOLUSDT,2026-01-06T14:42:35.575233,97.44,58,2,HIGH,2026-03-04T17:24:48.148680
WASH_TRADE,T0322,BTCUSDT,2026-01-06T14:04:51.860233,42000.21,20,2,MEDIUM,2026-03-04T17:24:48.153426
WASH_TRADE,T0322,BTCUSDT,2026-01-06T14:18:35.489233,41999.53,32,2,MEDIUM,2026-03-04T17:24:48.153956
WASH_TRADE,T0322,ETHUSDT,2026-01-06T14:26:06.224233,2298.58,26,2,MEDIUM,2026-03-04T17:24:48.161121
WASH_TRADE,T0322,ETHUSDT,2026-01-06T14:47:25.647233,2298.99,60,2,HIGH,2026-03-04T17:24:48.161763
WASH_TRADE,T0322,ETHUSDT,2026-01-06T14:48:14.097233,2298.33,54,2,HIGH,2026-03-04T17:24:48.161814
WASH_TRADE,T0322,ETHUSDT,2026-01-06T15:10:02.706233,2296.22,28,2,MEDIUM,2026-03-04T17:24:48.162309
WASH_TRADE,T0322,ETHUSDT,2026-01-06T15:24:57.762233,2301.09,28,2,MEDIUM,2026-03-04T17:24:48.162745
WASH_TRADE,T0322,SOLUSDT,2026-01-06T13:57:45.881233,96.35,60,2,HIGH,2026-03-04T17:24:48.166351
WASH_TRADE,T0322,SOLUSDT,2026-01-06T15:39:21.757233,93.88,26,2,MEDIUM,2026-03-04T17:24:48.169826
WASH_TRADE,T0322,SOLUSDT,2026-01-06T15:39:47.380233,96.9,40,2,MEDIUM,2026-03-04T17:24:48.169876
WASH_TRADE,T0323,BTCUSDT,2026-01-06T13:33:38.594233,41998.02,58,2,HIGH,2026-03-04T17:24:48.171963
WASH_TRADE,T0323,BTCUSDT,2026-01-06T13:56:29.228233,41997.94,60,2,HIGH,2026-03-04T17:24:48.172701
WASH_TRADE,T0323,BTCUSDT,2026-01-06T14:17:05.126233,42003.24,42,2,MEDIUM,2026-03-04T17:24:48.173433
WASH_TRADE,T0323,BTCUSDT,2026-01-06T14:19:13.222233,42001.02,36,2,MEDIUM,2026-03-04T17:24:48.173510
WASH_TRADE,T0323,BTCUSDT,2026-01-06T15:51:12.609233,42002.35,32,2,MEDIUM,2026-03-04T17:24:48.178187
WASH_TRADE,T0323,ETHUSDT,2026-01-06T15:00:45.748233,2297.38,20,2,MEDIUM,2026-03-04T17:24:48.182422
WASH_TRADE,T0323,ETHUSDT,2026-01-06T15:36:09.025233,2296.98,46,2,MEDIUM,2026-03-04T17:24:48.183460
WASH_TRADE,T0323,ETHUSDT,2026-01-06T15:55:39.853233,2302.16,36,2,MEDIUM,2026-03-04T17:24:48.184236
WASH_TRADE,T0323,SOLUSDT,2026-01-06T13:34:03.446233,92.9,54,2,HIGH,2026-03-04T17:24:48.185598
WASH_TRADE,T0323,SOLUSDT,2026-01-06T16:12:26.997233,95.78,22,2,MEDIUM,2026-03-04T17:24:48.191653
WASH_TRADE,T0324,BTCUSDT,2026-01-06T13:14:26.316233,42000.1,22,2,MEDIUM,2026-03-04T17:24:48.191874
WASH_TRADE,T0324,BTCUSDT,2026-01-06T16:07:16.103233,41999.36,60,2,HIGH,2026-03-04T17:24:48.198742
WASH_TRADE,T0324,ETHUSDT,2026-01-06T16:10:18.398233,2302.47,54,2,HIGH,2026-03-04T17:24:48.205081
WASH_TRADE,T0324,ETHUSDT,2026-01-06T16:16:29.311233,2301.26,48,2,MEDIUM,2026-03-04T17:24:48.205288
WASH_TRADE,T0324,SOLUSDT,2026-01-06T15:18:18.358233,94.17,30,2,MEDIUM,2026-03-04T17:24:48.209828
WASH_TRADE,T0325,BTCUSDT,2026-01-06T13:19:25.675233,41998.83,60,2,HIGH,2026-03-04T17:24:48.212108
WASH_TRADE,T0325,BTCUSDT,2026-01-06T15:29:20.166233,41997.76,42,2,MEDIUM,2026-03-04T17:24:48.216648
WASH_TRADE,T0325,BTCUSDT,2026-01-06T16:01:38.374233,42000.55,24,2,MEDIUM,2026-03-04T17:24:48.217791
WASH_TRADE,T0325,ETHUSDT,2026-01-06T14:10:31.943233,2300.39,60,2,HIGH,2026-03-04T17:24:48.219958
WASH_TRADE,T0325,ETHUSDT,2026-01-06T15:18:13.147233,2298.97,40,2,MEDIUM,2026-03-04T17:24:48.222425
WASH_TRADE,T0325,SOLUSDT,2026-01-06T15:10:53.668233,96.77,30,2,MEDIUM,2026-03-04T17:24:48.229291
WASH_TRADE,T0325,SOLUSDT,2026-01-06T15:50:56.838233,92.08,48,2,MEDIUM,2026-03-04T17:24:48.230812
WASH_TRADE,T0325,SOLUSDT,2026-01-06T16:03:25.690233,95.28,24,2,MEDIUM,2026-03-04T17:24:48.231205
WASH_TRADE,T0326,BTCUSDT,2026-01-06T13:18:02.363233,41999.9,32,2,MEDIUM,2026-03-04T17:24:48.231798
WASH_TRADE,T0326,BTCUSDT,2026-01-06T13:52:11.303233,42001.62,34,2,MEDIUM,2026-03-04T17:24:48.233034
WASH_TRADE,T0326,BTCUSDT,2026-01-06T14:21:18.952233,41999.69,22,2,MEDIUM,2026-03-04T17:24:48.233844
WASH_TRADE,T0326,BTCUSDT,2026-01-06T15:09:50.902233,42000.7,56,2,HIGH,2026-03-04T17:24:48.236059
WASH_TRADE,T0326,BTCUSDT,2026-01-06T15:16:35.460233,41999.83,30,2,MEDIUM,2026-03-04T17:24:48.236321
WASH_TRADE,T0326,BTCUSDT,2026-01-06T15:51:43.480233,42002.29,54,2,HIGH,2026-03-04T17:24:48.237862
WASH_TRADE,T0326,ETHUSDT,2026-01-06T14:00:09.295233,2297.86,40,2,MEDIUM,2026-03-04T17:24:48.240222
WASH_TRADE,T0326,ETHUSDT,2026-01-06T15:08:09.260233,2300.62,22,2,MEDIUM,2026-03-04T17:24:48.243184
WASH_TRADE,T0326,SOLUSDT,2026-01-06T15:30:37.588233,98.97,32,2,MEDIUM,2026-03-04T17:24:48.250352
WASH_TRADE,T0326,SOLUSDT,2026-01-06T15:36:23.250233,91.53,48,2,MEDIUM,2026-03-04T17:24:48.250697
WASH_TRADE,T0327,BTCUSDT,2026-01-06T13:17:22.087233,42002.71,60,2,HIGH,2026-03-04T17:24:48.252666
WASH_TRADE,T0327,BTCUSDT,2026-01-06T13:18:18.660233,42002.11,44,2,MEDIUM,2026-03-04T17:24:48.252797
WASH_TRADE,T0327,BTCUSDT,2026-01-06T13:18:53.406233,41998.28,50,2,MEDIUM,2026-03-04T17:24:48.252874
WASH_TRADE,T0327,BTCUSDT,2026-01-06T13:34:55.986233,41999.45,28,2,MEDIUM,2026-03-04T17:24:48.253523
WASH_TRADE,T0327,BTCUSDT,2026-01-06T14:44:34.231233,41996.36,60,2,HIGH,2026-03-04T17:24:48.256439
WASH_TRADE,T0327,BTCUSDT,2026-01-06T14:47:18.689233,41998.77,30,2,MEDIUM,2026-03-04T17:24:48.256566
WASH_TRADE,T0327,BTCUSDT,2026-01-06T14:58:43.762233,41999.85,38,2,MEDIUM,2026-03-04T17:24:48.256960
WASH_TRADE,T0327,BTCUSDT,2026-01-06T16:02:48.181233,42000.59,32,2,MEDIUM,2026-03-04T17:24:48.259366
WASH_TRADE,T0327,ETHUSDT,2026-01-06T13:48:39.220233,2302.41,44,2,MEDIUM,2026-03-04T17:24:48.261420
WASH_TRADE,T0327,ETHUSDT,2026-01-06T13:51:40.762233,2298.51,48,2,MEDIUM,2026-03-04T17:24:48.261574
WASH_TRADE,T0327,ETHUSDT,2026-01-06T14:29:09.776233,2303.31,26,2,MEDIUM,2026-03-04T17:24:48.262954
WASH_TRADE,T0327,SOLUSDT,2026-01-06T13:56:21.368233,91.21,22,2,MEDIUM,2026-03-04T17:24:48.268039
WASH_TRADE,T0328,BTCUSDT,2026-01-06T15:05:36.063233,42000.99,30,2,MEDIUM,2026-03-04T17:24:48.278380
WASH_TRADE,T0328,BTCUSDT,2026-01-06T16:03:41.456233,42000.18,58,2,HIGH,2026-03-04T17:24:48.280332
WASH_TRADE,T0328,ETHUSDT,2026-01-06T14:46:07.131233,2299.95,58,2,HIGH,2026-03-04T17:24:48.284074
WASH_TRADE,T0328,ETHUSDT,2026-01-06T15:01:45.113233,2298.3,38,2,MEDIUM,2026-03-04T17:24:48.285135
WASH_TRADE,T0328,ETHUSDT,2026-01-06T15:21:04.861233,2300.65,52,2,HIGH,2026-03-04T17:24:48.286118
WASH_TRADE,T0328,SOLUSDT,2026-01-06T15:38:35.408233,97.28,50,2,MEDIUM,2026-03-04T17:24:48.293098
WASH_TRADE,T0329,BTCUSDT,2026-01-06T14:57:49.213233,42003.07,40,2,MEDIUM,2026-03-04T17:24:48.298252
WASH_TRADE,T0329,BTCUSDT,2026-01-06T15:43:24.422233,42001.23,42,2,MEDIUM,2026-03-04T17:24:48.299613
WASH_TRADE,T0329,ETHUSDT,2026-01-06T13:28:02.612233,2299.18,24,2,MEDIUM,2026-03-04T17:24:48.301263
WASH_TRADE,T0329,ETHUSDT,2026-01-06T14:01:13.199233,2302.87,60,2,HIGH,2026-03-04T17:24:48.303423
WASH_TRADE,T0329,ETHUSDT,2026-01-06T15:41:51.787233,2300.83,54,2,HIGH,2026-03-04T17:24:48.307559
WASH_TRADE,T0329,SOLUSDT,2026-01-06T15:25:08.594233,95.0,54,2,HIGH,2026-03-04T17:24:48.314325
WASH_TRADE,T0330,BTCUSDT,2026-01-06T14:11:48.687233,41999.6,32,2,MEDIUM,2026-03-04T17:24:48.318480
WASH_TRADE,T0330,BTCUSDT,2026-01-06T14:30:40.596233,41997.98,26,2,MEDIUM,2026-03-04T17:24:48.319644
WASH_TRADE,T0330,BTCUSDT,2026-01-06T15:10:08.116233,42001.98,26,2,MEDIUM,2026-03-04T17:24:48.321280
WASH_TRADE,T0330,ETHUSDT,2026-01-06T14:06:09.721233,2301.18,50,2,MEDIUM,2026-03-04T17:24:48.325651
WASH_TRADE,T0330,ETHUSDT,2026-01-06T14:17:28.530233,2298.52,60,2,HIGH,2026-03-04T17:24:48.326098
WASH_TRADE,T0330,ETHUSDT,2026-01-06T15:38:46.032233,2299.89,28,2,MEDIUM,2026-03-04T17:24:48.329889
WASH_TRADE,T0330,ETHUSDT,2026-01-06T15:43:35.573233,2297.23,52,2,HIGH,2026-03-04T17:24:48.330082
WASH_TRADE,T0331,BTCUSDT,2026-01-06T14:03:33.384233,42001.79,50,2,MEDIUM,2026-03-04T17:24:48.340120
WASH_TRADE,T0331,BTCUSDT,2026-01-06T14:11:47.552233,41999.91,28,2,MEDIUM,2026-03-04T17:24:48.340512
WASH_TRADE,T0331,BTCUSDT,2026-01-06T15:15:13.129233,42000.13,34,2,MEDIUM,2026-03-04T17:24:48.342871
WASH_TRADE,T0331,BTCUSDT,2026-01-06T15:40:18.858233,41999.09,26,2,MEDIUM,2026-03-04T17:24:48.344397
WASH_TRADE,T0331,BTCUSDT,2026-01-06T15:48:50.134233,41999.29,28,2,MEDIUM,2026-03-04T17:24:48.344919
WASH_TRADE,T0331,ETHUSDT,2026-01-06T15:56:46.702233,2301.37,30,2,MEDIUM,2026-03-04T17:24:48.354666
WASH_TRADE,T0331,ETHUSDT,2026-01-06T16:12:16.366233,2297.73,56,2,HIGH,2026-03-04T17:24:48.355253
WASH_TRADE,T0331,SOLUSDT,2026-01-06T13:35:06.592233,95.62,26,2,MEDIUM,2026-03-04T17:24:48.356221
WASH_TRADE,T0331,SOLUSDT,2026-01-06T13:58:11.308233,100.63,58,2,HIGH,2026-03-04T17:24:48.357405
WASH_TRADE,T0331,SOLUSDT,2026-01-06T15:56:31.219233,96.36,54,2,HIGH,2026-03-04T17:24:48.362214
WASH_TRADE,T0332,BTCUSDT,2026-01-06T14:05:26.697233,41999.29,36,2,MEDIUM,2026-03-04T17:24:48.364474
WASH_TRADE,T0332,BTCUSDT,2026-01-06T14:49:32.926233,42001.16,46,2,MEDIUM,2026-03-04T17:24:48.366868
WASH_TRADE,T0332,BTCUSDT,2026-01-06T15:01:40.924233,41998.72,52,2,HIGH,2026-03-04T17:24:48.367501
WASH_TRADE,T0332,BTCUSDT,2026-01-06T15:41:04.419233,42000.79,50,2,MEDIUM,2026-03-04T17:24:48.369559
WASH_TRADE,T0332,ETHUSDT,2026-01-06T13:49:37.864233,2302.99,28,2,MEDIUM,2026-03-04T17:24:48.373034
WASH_TRADE,T0332,ETHUSDT,2026-01-06T14:10:39.622233,2301.51,60,2,HIGH,2026-03-04T17:24:48.373510
WASH_TRADE,T0332,ETHUSDT,2026-01-06T16:15:53.459233,2296.67,60,2,HIGH,2026-03-04T17:24:48.379821
WASH_TRADE,T0332,SOLUSDT,2026-01-06T13:44:28.340233,97.47,38,2,MEDIUM,2026-03-04T17:24:48.381237
WASH_TRADE,T0333,BTCUSDT,2026-01-06T14:49:02.772233,42003.74,60,2,HIGH,2026-03-04T17:24:48.390159
WASH_TRADE,T0333,BTCUSDT,2026-01-06T15:53:58.049233,42001.23,44,2,MEDIUM,2026-03-04T17:24:48.393487
WASH_TRADE,T0333,BTCUSDT,2026-01-06T16:10:08.947233,42000.38,54,2,HIGH,2026-03-04T17:24:48.393918
WASH_TRADE,T0333,ETHUSDT,2026-01-06T14:42:55.339233,2301.76,42,2,MEDIUM,2026-03-04T17:24:48.397081
WASH_TRADE,T0333,ETHUSDT,2026-01-06T14:55:46.948233,2297.73,42,2,MEDIUM,2026-03-04T17:24:48.397484
WASH_TRADE,T0333,ETHUSDT,2026-01-06T15:29:16.283233,2298.5,26,2,MEDIUM,2026-03-04T17:24:48.399605
WASH_TRADE,T0333,ETHUSDT,2026-01-06T15:52:58.771233,2298.83,34,2,MEDIUM,2026-03-04T17:24:48.400510
WASH_TRADE,T0333,SOLUSDT,2026-01-06T13:41:30.185233,96.28,26,2,MEDIUM,2026-03-04T17:24:48.402640
WASH_TRADE,T0333,SOLUSDT,2026-01-06T13:42:35.849233,98.1,40,2,MEDIUM,2026-03-04T17:24:48.402726
WASH_TRADE,T0333,SOLUSDT,2026-01-06T13:47:54.667233,97.09,32,2,MEDIUM,2026-03-04T17:24:48.402905
WASH_TRADE,T0333,SOLUSDT,2026-01-06T15:30:07.645233,96.08,32,2,MEDIUM,2026-03-04T17:24:48.406589
WASH_TRADE,T0334,BTCUSDT,2026-01-06T13:28:15.440233,41999.6,34,2,MEDIUM,2026-03-04T17:24:48.408212
WASH_TRADE,T0334,BTCUSDT,2026-01-06T14:02:25.042233,41995.36,60,2,HIGH,2026-03-04T17:24:48.409967
WASH_TRADE,T0334,BTCUSDT,2026-01-06T15:04:34.523233,42003.71,20,2,MEDIUM,2026-03-04T17:24:48.412293
WASH_TRADE,T0334,BTCUSDT,2026-01-06T15:32:56.564233,42000.97,46,2,MEDIUM,2026-03-04T17:24:48.413079
WASH_TRADE,T0334,BTCUSDT,2026-01-06T15:38:42.347233,42001.21,60,2,HIGH,2026-03-04T17:24:48.413294
WASH_TRADE,T0334,BTCUSDT,2026-01-06T15:51:06.253233,42001.55,50,2,MEDIUM,2026-03-04T17:24:48.413984
WASH_TRADE,T0334,ETHUSDT,2026-01-06T15:39:45.289233,2300.84,50,2,MEDIUM,2026-03-04T17:24:48.420924
WASH_TRADE,T0334,SOLUSDT,2026-01-06T14:02:43.878233,93.55,58,2,HIGH,2026-03-04T17:24:48.424741
WASH_TRADE,T0334,SOLUSDT,2026-01-06T14:10:05.741233,94.58,50,2,MEDIUM,2026-03-04T17:24:48.425103
WASH_TRADE,T0334,SOLUSDT,2026-01-06T14:35:34.361233,96.12,50,2,MEDIUM,2026-03-04T17:24:48.426724
WASH_TRADE,T0335,BTCUSDT,2026-01-06T14:23:52.058233,41999.82,58,2,HIGH,2026-03-04T17:24:48.432731
WASH_TRADE,T0335,BTCUSDT,2026-01-06T15:32:00.181233,41999.03,40,2,MEDIUM,2026-03-04T17:24:48.436066
WASH_TRADE,T0335,ETHUSDT,2026-01-06T13:49:48.742233,2304.93,34,2,MEDIUM,2026-03-04T17:24:48.439865
WASH_TRADE,T0335,ETHUSDT,2026-01-06T14:25:59.285233,2302.1,48,2,MEDIUM,2026-03-04T17:24:48.441534
WASH_TRADE,T0335,ETHUSDT,2026-01-06T15:53:08.516233,2300.64,44,2,MEDIUM,2026-03-04T17:24:48.444127
WASH_TRADE,T0335,ETHUSDT,2026-01-06T15:59:21.782233,2297.94,54,2,HIGH,2026-03-04T17:24:48.444323
WASH_TRADE,T0335,SOLUSDT,2026-01-06T14:09:04.037233,95.7,58,2,HIGH,2026-03-04T17:24:48.447347
WASH_TRADE,T0335,SOLUSDT,2026-01-06T15:19:18.890233,96.94,30,2,MEDIUM,2026-03-04T17:24:48.449744
WASH_TRADE,T0335,SOLUSDT,2026-01-06T15:55:00.480233,90.97,38,2,MEDIUM,2026-03-04T17:24:48.451200
WASH_TRADE,T0336,BTCUSDT,2026-01-06T14:55:10.962233,42000.68,34,2,MEDIUM,2026-03-04T17:24:48.455868
WASH_TRADE,T0336,BTCUSDT,2026-01-06T15:45:15.661233,42003.27,22,2,MEDIUM,2026-03-04T17:24:48.475363
WASH_TRADE,T0336,ETHUSDT,2026-01-06T14:16:02.995233,2302.2,26,2,MEDIUM,2026-03-04T17:24:48.479100
WASH_TRADE,T0336,ETHUSDT,2026-01-06T14:25:45.809233,2301.41,20,2,MEDIUM,2026-03-04T17:24:48.479598
WASH_TRADE,T0336,ETHUSDT,2026-01-06T14:58:29.445233,2298.54,60,2,HIGH,2026-03-04T17:24:48.480689
WASH_TRADE,T0336,SOLUSDT,2026-01-06T14:22:55.743233,98.26,34,2,MEDIUM,2026-03-04T17:24:48.486407
WASH_TRADE,T0336,SOLUSDT,2026-01-06T14:47:51.253233,95.15,34,2,MEDIUM,2026-03-04T17:24:48.487658
WASH_TRADE,T0336,SOLUSDT,2026-01-06T14:50:55.427233,93.5,36,2,MEDIUM,2026-03-04T17:24:48.488012
WASH_TRADE,T0336,SOLUSDT,2026-01-06T14:52:37.598233,95.2,28,2,MEDIUM,2026-03-04T17:24:48.488117
WASH_TRADE,T0336,SOLUSDT,2026-01-06T15:33:09.727233,93.67,22,2,MEDIUM,2026-03-04T17:24:48.490138
WASH_TRADE,T0337,BTCUSDT,2026-01-06T13:48:54.368233,41999.98,26,2,MEDIUM,2026-03-04T17:24:48.492945
WASH_TRADE,T0337,BTCUSDT,2026-01-06T16:16:06.601233,41997.32,58,2,HIGH,2026-03-04T17:24:48.498870
WASH_TRADE,T0337,ETHUSDT,2026-01-06T14:27:28.759233,2295.83,58,2,HIGH,2026-03-04T17:24:48.501809
WASH_TRADE,T0337,ETHUSDT,2026-01-06T15:52:56.835233,2295.07,50,2,MEDIUM,2026-03-04T17:24:48.504837
WASH_TRADE,T0337,SOLUSDT,2026-01-06T15:43:35.617233,94.16,48,2,MEDIUM,2026-03-04T17:24:48.511439
WASH_TRADE,T0338,BTCUSDT,2026-01-06T14:01:44.214233,41996.32,46,2,MEDIUM,2026-03-04T17:24:48.514049
WASH_TRADE,T0338,BTCUSDT,2026-01-06T15:26:15.080233,42001.93,60,2,HIGH,2026-03-04T17:24:48.517217
WASH_TRADE,T0338,ETHUSDT,2026-01-06T13:27:41.036233,2301.21,32,2,MEDIUM,2026-03-04T17:24:48.519228
WASH_TRADE,T0338,ETHUSDT,2026-01-06T13:45:01.534233,2300.29,38,2,MEDIUM,2026-03-04T17:24:48.519865
WASH_TRADE,T0338,ETHUSDT,2026-01-06T15:04:04.450233,2302.79,34,2,MEDIUM,2026-03-04T17:24:48.522346
WASH_TRADE,T0338,SOLUSDT,2026-01-06T16:09:36.493233,95.29,26,2,MEDIUM,2026-03-04T17:24:48.530948
WASH_TRADE,T0339,ETHUSDT,2026-01-06T13:15:23.164233,2296.95,48,2,MEDIUM,2026-03-04T17:24:48.537927
WASH_TRADE,T0339,ETHUSDT,2026-01-06T13:27:55.938233,2300.32,42,2,MEDIUM,2026-03-04T17:24:48.538510
WASH_TRADE,T0339,ETHUSDT,2026-01-06T14:22:46.066233,2302.01,58,2,HIGH,2026-03-04T17:24:48.540017
WASH_TRADE,T0339,ETHUSDT,2026-01-06T14:29:44.917233,2300.33,40,2,MEDIUM,2026-03-04T17:24:48.540358
WASH_TRADE,T0339,ETHUSDT,2026-01-06T15:42:12.578233,2300.37,50,2,MEDIUM,2026-03-04T17:24:48.542308
WASH_TRADE,T0339,SOLUSDT,2026-01-06T13:34:35.358233,97.92,20,2,MEDIUM,2026-03-04T17:24:48.544282
WASH_TRADE,T0339,SOLUSDT,2026-01-06T15:36:47.448233,93.3,48,2,MEDIUM,2026-03-04T17:24:48.548545
WASH_TRADE,T0340,ETHUSDT,2026-01-06T14:05:50.427233,2299.13,60,2,HIGH,2026-03-04T17:24:48.556879
WASH_TRADE,T0340,ETHUSDT,2026-01-06T14:20:28.961233,2298.17,44,2,MEDIUM,2026-03-04T17:24:48.557467
WASH_TRADE,T0340,ETHUSDT,2026-01-06T14:56:21.014233,2298.94,22,2,MEDIUM,2026-03-04T17:24:48.558978
WASH_TRADE,T0340,ETHUSDT,2026-01-06T15:02:33.373233,2303.2,26,2,MEDIUM,2026-03-04T17:24:48.559319
WASH_TRADE,T0340,SOLUSDT,2026-01-06T14:44:46.798233,91.67,58,2,HIGH,2026-03-04T17:24:48.564385
WASH_TRADE,T0340,SOLUSDT,2026-01-06T14:46:44.928233,96.05,52,2,HIGH,2026-03-04T17:24:48.564456
WASH_TRADE,T0340,SOLUSDT,2026-01-06T14:50:24.304233,98.09,60,2,HIGH,2026-03-04T17:24:48.564576
WASH_TRADE,T0341,BTCUSDT,2026-01-06T13:58:07.077233,41998.76,38,2,MEDIUM,2026-03-04T17:24:48.568190
WASH_TRADE,T0341,BTCUSDT,2026-01-06T14:01:50.212233,41998.82,48,2,MEDIUM,2026-03-04T17:24:48.568310
WASH_TRADE,T0341,ETHUSDT,2026-01-06T14:50:32.788233,2302.21,56,2,HIGH,2026-03-04T17:24:48.576807
WASH_TRADE,T0341,SOLUSDT,2026-01-06T13:28:15.264233,97.56,20,2,MEDIUM,2026-03-04T17:24:48.579955
WASH_TRADE,T0341,SOLUSDT,2026-01-06T15:28:18.487233,93.99,54,2,HIGH,2026-03-04T17:24:48.584373
WASH_TRADE,T0342,ETHUSDT,2026-01-06T14:23:56.261233,2297.84,48,2,MEDIUM,2026-03-04T17:24:48.595262
WASH_TRADE,T0342,ETHUSDT,2026-01-06T14:50:54.420233,2298.83,48,2,MEDIUM,2026-03-04T17:24:48.596327
WASH_TRADE,T0342,ETHUSDT,2026-01-06T14:57:49.646233,2303.29,36,2,MEDIUM,2026-03-04T17:24:48.596940
WASH_TRADE,T0342,ETHUSDT,2026-01-06T15:22:48.786233,2299.86,40,2,MEDIUM,2026-03-04T17:24:48.597986
WASH_TRADE,T0342,ETHUSDT,2026-01-06T15:35:07.218233,2302.88,50,2,MEDIUM,2026-03-04T17:24:48.598650
WASH_TRADE,T0342,SOLUSDT,2026-01-06T13:56:18.138233,93.45,50,2,MEDIUM,2026-03-04T17:24:48.601721
WASH_TRADE,T0343,BTCUSDT,2026-01-06T13:25:12.696233,41998.79,28,2,MEDIUM,2026-03-04T17:24:48.606643
WASH_TRADE,T0343,BTCUSDT,2026-01-06T13:57:57.405233,42000.87,58,2,HIGH,2026-03-04T17:24:48.608026
WASH_TRADE,T0343,ETHUSDT,2026-01-06T13:47:50.677233,2297.52,52,2,HIGH,2026-03-04T17:24:48.613979
WASH_TRADE,T0343,ETHUSDT,2026-01-06T15:53:26.842233,2299.67,52,2,HIGH,2026-03-04T17:24:48.618421
WASH_TRADE,T0343,SOLUSDT,2026-01-06T14:16:17.201233,94.41,48,2,MEDIUM,2026-03-04T17:24:48.621731
WASH_TRADE,T0344,BTCUSDT,2026-01-06T14:37:42.712233,41998.9,48,2,MEDIUM,2026-03-04T17:24:48.628383
WASH_TRADE,T0344,BTCUSDT,2026-01-06T16:01:46.141233,42002.54,32,2,MEDIUM,2026-03-04T17:24:48.630975
WASH_TRADE,T0344,ETHUSDT,2026-01-06T13:58:28.816233,2300.61,38,2,MEDIUM,2026-03-04T17:24:48.633318
WASH_TRADE,T0344,ETHUSDT,2026-01-06T14:03:02.403233,2302.15,42,2,MEDIUM,2026-03-04T17:24:48.633500
WASH_TRADE,T0344,ETHUSDT,2026-01-06T14:06:20.535233,2300.03,30,2,MEDIUM,2026-03-04T17:24:48.633635
WASH_TRADE,T0344,ETHUSDT,2026-01-06T15:21:31.834233,2298.98,26,2,MEDIUM,2026-03-04T17:24:48.636462
WASH_TRADE,T0344,SOLUSDT,2026-01-06T13:22:45.880233,96.44,42,2,MEDIUM,2026-03-04T17:24:48.640146
WASH_TRADE,T0344,SOLUSDT,2026-01-06T15:30:22.839233,96.4,52,2,HIGH,2026-03-04T17:24:48.644937
WASH_TRADE,T0345,ETHUSDT,2026-01-06T14:52:51.089233,2297.55,58,2,HIGH,2026-03-04T17:24:48.656001
WASH_TRADE,T0345,ETHUSDT,2026-01-06T15:40:48.414233,2302.07,26,2,MEDIUM,2026-03-04T17:24:48.657906
WASH_TRADE,T0345,ETHUSDT,2026-01-06T15:48:14.537233,2298.17,60,2,HIGH,2026-03-04T17:24:48.658301
WASH_TRADE,T0345,SOLUSDT,2026-01-06T14:23:28.170233,96.14,28,2,MEDIUM,2026-03-04T17:24:48.661990
WASH_TRADE,T0345,SOLUSDT,2026-01-06T15:10:16.276233,95.18,48,2,MEDIUM,2026-03-04T17:24:48.663928
WASH_TRADE,T0345,SOLUSDT,2026-01-06T15:45:18.855233,91.28,52,2,HIGH,2026-03-04T17:24:48.665394
WASH_TRADE,T0346,BTCUSDT,2026-01-06T14:11:01.109233,42000.53,56,2,HIGH,2026-03-04T17:24:48.667843
WASH_TRADE,T0346,BTCUSDT,2026-01-06T15:05:33.726233,42000.15,54,2,HIGH,2026-03-04T17:24:48.671011
WASH_TRADE,T0346,ETHUSDT,2026-01-06T14:40:18.782233,2300.05,30,2,MEDIUM,2026-03-04T17:24:48.676683
WASH_TRADE,T0346,ETHUSDT,2026-01-06T14:50:07.419233,2298.42,36,2,MEDIUM,2026-03-04T17:24:48.676936
WASH_TRADE,T0346,ETHUSDT,2026-01-06T15:12:55.721233,2297.77,28,2,MEDIUM,2026-03-04T17:24:48.677822
WASH_TRADE,T0346,ETHUSDT,2026-01-06T15:30:30.433233,2300.95,28,2,MEDIUM,2026-03-04T17:24:48.678909
WASH_TRADE,T0346,SOLUSDT,2026-01-06T13:13:12.928233,96.4,54,2,HIGH,2026-03-04T17:24:48.680329
WASH_TRADE,T0346,SOLUSDT,2026-01-06T13:58:38.900233,96.01,42,2,MEDIUM,2026-03-04T17:24:48.681989
WASH_TRADE,T0346,SOLUSDT,2026-01-06T14:00:29.232233,95.77,50,2,MEDIUM,2026-03-04T17:24:48.682073
WASH_TRADE,T0347,BTCUSDT,2026-01-06T14:41:43.202233,41999.12,36,2,MEDIUM,2026-03-04T17:24:48.690997
WASH_TRADE,T0347,BTCUSDT,2026-01-06T14:54:04.465233,42000.52,30,2,MEDIUM,2026-03-04T17:24:48.691513
WASH_TRADE,T0347,BTCUSDT,2026-01-06T15:41:40.259233,41998.95,34,2,MEDIUM,2026-03-04T17:24:48.693559
WASH_TRADE,T0347,ETHUSDT,2026-01-06T13:49:13.413233,2300.36,28,2,MEDIUM,2026-03-04T17:24:48.695597
WASH_TRADE,T0347,ETHUSDT,2026-01-06T13:58:27.379233,2297.49,48,2,MEDIUM,2026-03-04T17:24:48.695953
WASH_TRADE,T0347,ETHUSDT,2026-01-06T15:32:00.892233,2300.04,46,2,MEDIUM,2026-03-04T17:24:48.700450
WASH_TRADE,T0347,ETHUSDT,2026-01-06T16:10:27.896233,2301.33,46,2,MEDIUM,2026-03-04T17:24:48.702483
WASH_TRADE,T0347,SOLUSDT,2026-01-06T13:15:34.375233,94.19,44,2,MEDIUM,2026-03-04T17:24:48.702757
WASH_TRADE,T0347,SOLUSDT,2026-01-06T15:39:28.164233,95.35,56,2,HIGH,2026-03-04T17:24:48.707627
WASH_TRADE,T0347,SOLUSDT,2026-01-06T16:07:38.466233,91.67,42,2,MEDIUM,2026-03-04T17:24:48.708660
WASH_TRADE,T0348,BTCUSDT,2026-01-06T13:23:11.098233,42001.27,34,2,MEDIUM,2026-03-04T17:24:48.709654
WASH_TRADE,T0348,BTCUSDT,2026-01-06T13:24:35.811233,41996.31,40,2,MEDIUM,2026-03-04T17:24:48.709968
WASH_TRADE,T0348,ETHUSDT,2026-01-06T14:50:23.359233,2297.59,54,2,HIGH,2026-03-04T17:24:48.719385
WASH_TRADE,T0348,SOLUSDT,2026-01-06T14:52:06.631233,97.28,56,2,HIGH,2026-03-04T17:24:48.725623
WASH_TRADE,T0348,SOLUSDT,2026-01-06T15:29:18.397233,89.53,38,2,MEDIUM,2026-03-04T17:24:48.726654
WASH_TRADE,T0349,BTCUSDT,2026-01-06T13:14:33.963233,42000.81,26,2,MEDIUM,2026-03-04T17:24:48.728361
WASH_TRADE,T0349,BTCUSDT,2026-01-06T14:26:19.776233,42002.12,38,2,MEDIUM,2026-03-04T17:24:48.730968
WASH_TRADE,T0349,BTCUSDT,2026-01-06T14:32:15.234233,41999.92,28,2,MEDIUM,2026-03-04T17:24:48.731336
WASH_TRADE,T0349,BTCUSDT,2026-01-06T15:46:02.947233,41999.28,48,2,MEDIUM,2026-03-04T17:24:48.733716
WASH_TRADE,T0349,ETHUSDT,2026-01-06T13:39:24.893233,2300.78,56,2,HIGH,2026-03-04T17:24:48.735793
WASH_TRADE,T0349,ETHUSDT,2026-01-06T16:02:29.654233,2301.24,52,2,HIGH,2026-03-04T17:24:48.740249
WASH_TRADE,T0349,SOLUSDT,2026-01-06T13:28:04.258233,95.81,34,2,MEDIUM,2026-03-04T17:24:48.741193
WASH_TRADE,T0349,SOLUSDT,2026-01-06T15:05:15.837233,93.85,54,2,HIGH,2026-03-04T17:24:48.744937
WASH_TRADE,T0349,SOLUSDT,2026-01-06T15:16:29.151233,98.02,56,2,HIGH,2026-03-04T17:24:48.745419
WASH_TRADE,T0349,SOLUSDT,2026-01-06T16:00:06.693233,96.04,24,2,MEDIUM,2026-03-04T17:24:48.747093
WASH_TRADE,T0350,BTCUSDT,2026-01-06T13:16:56.793233,42003.47,34,2,MEDIUM,2026-03-04T17:24:48.747757
WASH_TRADE,T0350,BTCUSDT,2026-01-06T14:49:19.392233,41999.44,58,2,HIGH,2026-03-04T17:24:48.751208
WASH_TRADE,T0350,BTCUSDT,2026-01-06T15:04:43.951233,42000.09,56,2,HIGH,2026-03-04T17:24:48.751655
WASH_TRADE,T0350,BTCUSDT,2026-01-06T15:40:35.638233,41997.47,42,2,MEDIUM,2026-03-04T17:24:48.753407
WASH_TRADE,T0350,BTCUSDT,2026-01-06T15:46:27.766233,41999.13,40,2,MEDIUM,2026-03-04T17:24:48.753875
WASH_TRADE,T0350,BTCUSDT,2026-01-06T15:56:43.824233,41998.18,50,2,MEDIUM,2026-03-04T17:24:48.754128
WASH_TRADE,T0350,ETHUSDT,2026-01-06T13:20:28.155233,2301.45,52,2,HIGH,2026-03-04T17:24:48.755190
WASH_TRADE,T0350,ETHUSDT,2026-01-06T13:41:03.432233,2301.43,22,2,MEDIUM,2026-03-04T17:24:48.755519
WASH_TRADE,T0350,ETHUSDT,2026-01-06T14:15:29.785233,2299.06,52,2,HIGH,2026-03-04T17:24:48.756623
WASH_TRADE,T0350,SOLUSDT,2026-01-06T15:23:24.878233,99.88,20,2,MEDIUM,2026-03-04T17:24:48.764929
WASH_TRADE,T0350,SOLUSDT,2026-01-06T16:13:37.438233,94.09,44,2,MEDIUM,2026-03-04T17:24:48.767643
WASH_TRADE,T0351,BTCUSDT,2026-01-06T13:59:19.299233,41997.81,30,2,MEDIUM,2026-03-04T17:24:48.769066
WASH_TRADE,T0351,BTCUSDT,2026-01-06T15:28:00.710233,41999.62,60,2,HIGH,2026-03-04T17:24:48.771959
WASH_TRADE,T0351,ETHUSDT,2026-01-06T13:25:50.184233,2301.54,52,2,HIGH,2026-03-04T17:24:48.774465
WASH_TRADE,T0351,ETHUSDT,2026-01-06T14:21:28.155233,2301.82,60,2,HIGH,2026-03-04T17:24:48.776147
WASH_TRADE,T0351,ETHUSDT,2026-01-06T14:43:33.519233,2297.84,38,2,MEDIUM,2026-03-04T17:24:48.777027
WASH_TRADE,T0351,ETHUSDT,2026-01-06T15:29:20.205233,2300.63,42,2,MEDIUM,2026-03-04T17:24:48.778818
WASH_TRADE,T0351,SOLUSDT,2026-01-06T13:17:11.197233,95.58,24,2,MEDIUM,2026-03-04T17:24:48.780517
WASH_TRADE,T0351,SOLUSDT,2026-01-06T14:11:52.890233,95.92,58,2,HIGH,2026-03-04T17:24:48.782470
WASH_TRADE,T0351,SOLUSDT,2026-01-06T14:46:37.307233,93.77,56,2,HIGH,2026-03-04T17:24:48.783529
WASH_TRADE,T0351,SOLUSDT,2026-01-06T15:06:21.922233,93.22,60,2,HIGH,2026-03-04T17:24:48.784745
WASH_TRADE,T0352,BTCUSDT,2026-01-06T13:57:01.056233,42002.7,28,2,MEDIUM,2026-03-04T17:24:48.789167
WASH_TRADE,T0352,BTCUSDT,2026-01-06T15:22:21.243233,41999.91,46,2,MEDIUM,2026-03-04T17:24:48.792459
WASH_TRADE,T0352,BTCUSDT,2026-01-06T15:43:19.205233,41998.81,28,2,MEDIUM,2026-03-04T17:24:48.793058
WASH_TRADE,T0352,ETHUSDT,2026-01-06T13:19:41.071233,2297.43,24,2,MEDIUM,2026-03-04T17:24:48.795005
WASH_TRADE,T0352,ETHUSDT,2026-01-06T13:33:54.617233,2301.93,22,2,MEDIUM,2026-03-04T17:24:48.795446
WASH_TRADE,T0352,ETHUSDT,2026-01-06T15:47:26.153233,2303.33,52,2,HIGH,2026-03-04T17:24:48.800042
WASH_TRADE,T0352,SOLUSDT,2026-01-06T13:24:10.428233,93.94,52,2,HIGH,2026-03-04T17:24:48.801569
WASH_TRADE,T0352,SOLUSDT,2026-01-06T15:19:41.503233,95.37,48,2,MEDIUM,2026-03-04T17:24:48.805790
WASH_TRADE,T0352,SOLUSDT,2026-01-06T15:29:20.536233,93.58,44,2,MEDIUM,2026-03-04T17:24:48.806132
WASH_TRADE,T0353,BTCUSDT,2026-01-06T13:50:36.515233,41999.5,32,2,MEDIUM,2026-03-04T17:24:48.809206
WASH_TRADE,T0353,ETHUSDT,2026-01-06T13:13:11.508233,2300.31,56,2,HIGH,2026-03-04T17:24:48.814143
WASH_TRADE,T0353,ETHUSDT,2026-01-06T15:33:25.915233,2299.17,52,2,HIGH,2026-03-04T17:24:48.819161
WASH_TRADE,T0353,ETHUSDT,2026-01-06T15:46:34.379233,2298.05,38,2,MEDIUM,2026-03-04T17:24:48.819720
WASH_TRADE,T0353,SOLUSDT,2026-01-06T13:14:47.648233,93.94,24,2,MEDIUM,2026-03-04T17:24:48.821114
WASH_TRADE,T0353,SOLUSDT,2026-01-06T14:53:41.344233,95.13,24,2,MEDIUM,2026-03-04T17:24:48.823955
WASH_TRADE,T0354,BTCUSDT,2026-01-06T13:59:33.979233,42002.49,54,2,HIGH,2026-03-04T17:24:48.828988
WASH_TRADE,T0354,BTCUSDT,2026-01-06T14:02:25.200233,41998.55,36,2,MEDIUM,2026-03-04T17:24:48.829114
WASH_TRADE,T0354,BTCUSDT,2026-01-06T14:34:00.714233,42000.86,44,2,MEDIUM,2026-03-04T17:24:48.830506
WASH_TRADE,T0354,BTCUSDT,2026-01-06T14:35:32.758233,41997.72,56,2,HIGH,2026-03-04T17:24:48.830555
WASH_TRADE,T0354,ETHUSDT,2026-01-06T13:12:54.762233,2303.27,28,2,MEDIUM,2026-03-04T17:24:48.833930
WASH_TRADE,T0354,SOLUSDT,2026-01-06T14:09:43.012233,99.14,48,2,MEDIUM,2026-03-04T17:24:48.842631
WASH_TRADE,T0354,SOLUSDT,2026-01-06T15:53:52.631233,95.4,30,2,MEDIUM,2026-03-04T17:24:48.846854
WASH_TRADE,T0355,BTCUSDT,2026-01-06T13:22:07.657233,41997.04,34,2,MEDIUM,2026-03-04T17:24:48.848523
WASH_TRADE,T0355,BTCUSDT,2026-01-06T13:47:17.797233,42003.48,58,2,HIGH,2026-03-04T17:24:48.849445
WASH_TRADE,T0355,BTCUSDT,2026-01-06T13:49:40.185233,41995.91,28,2,MEDIUM,2026-03-04T17:24:48.849645
WASH_TRADE,T0355,BTCUSDT,2026-01-06T14:32:39.723233,41999.34,52,2,HIGH,2026-03-04T17:24:48.851247
WASH_TRADE,T0355,BTCUSDT,2026-01-06T16:12:31.369233,42002.6,34,2,MEDIUM,2026-03-04T17:24:48.855658
WASH_TRADE,T0355,ETHUSDT,2026-01-06T13:30:59.326233,2304.27,54,2,HIGH,2026-03-04T17:24:48.856583
WASH_TRADE,T0355,ETHUSDT,2026-01-06T14:34:55.574233,2299.61,52,2,HIGH,2026-03-04T17:24:48.858967
WASH_TRADE,T0355,ETHUSDT,2026-01-06T14:51:00.428233,2298.75,48,2,MEDIUM,2026-03-04T17:24:48.859369
WASH_TRADE,T0355,ETHUSDT,2026-01-06T15:10:46.643233,2299.41,28,2,MEDIUM,2026-03-04T17:24:48.860050
WASH_TRADE,T0355,ETHUSDT,2026-01-06T15:48:12.384233,2297.06,24,2,MEDIUM,2026-03-04T17:24:48.861396
WASH_TRADE,T0355,ETHUSDT,2026-01-06T15:48:32.384233,2305.1,22,2,MEDIUM,2026-03-04T17:24:48.861444
WASH_TRADE,T0355,SOLUSDT,2026-01-06T13:43:55.557233,93.52,42,2,MEDIUM,2026-03-04T17:24:48.863800
WASH_TRADE,T0355,SOLUSDT,2026-01-06T14:34:36.394233,94.96,32,2,MEDIUM,2026-03-04T17:24:48.865622
WASH_TRADE,T0356,BTCUSDT,2026-01-06T13:55:46.658233,41998.89,40,2,MEDIUM,2026-03-04T17:24:48.871916
WASH_TRADE,T0356,BTCUSDT,2026-01-06T15:26:43.105233,41999.34,54,2,HIGH,2026-03-04T17:24:48.875256
WASH_TRADE,T0356,BTCUSDT,2026-01-06T16:02:55.377233,42000.38,20,2,MEDIUM,2026-03-04T17:24:48.876660
WASH_TRADE,T0356,ETHUSDT,2026-01-06T14:12:20.406233,2302.89,56,2,HIGH,2026-03-04T17:24:48.878885
WASH_TRADE,T0356,ETHUSDT,2026-01-06T14:14:41.976233,2296.86,54,2,HIGH,2026-03-04T17:24:48.878981
WASH_TRADE,T0356,ETHUSDT,2026-01-06T14:26:03.995233,2301.34,22,2,MEDIUM,2026-03-04T17:24:48.879428
WASH_TRADE,T0356,ETHUSDT,2026-01-06T14:59:23.919233,2301.67,32,2,MEDIUM,2026-03-04T17:24:48.880369
WASH_TRADE,T0356,SOLUSDT,2026-01-06T13:55:22.089233,94.35,28,2,MEDIUM,2026-03-04T17:24:48.885921
WASH_TRADE,T0356,SOLUSDT,2026-01-06T14:59:50.497233,93.74,50,2,MEDIUM,2026-03-04T17:24:48.888362
WASH_TRADE,T0357,BTCUSDT,2026-01-06T13:45:30.129233,42002.68,48,2,MEDIUM,2026-03-04T17:24:48.892337
WASH_TRADE,T0357,BTCUSDT,2026-01-06T15:55:51.939233,42000.95,28,2,MEDIUM,2026-03-04T17:24:48.896856
WASH_TRADE,T0357,ETHUSDT,2026-01-06T15:12:08.014233,2300.21,26,2,MEDIUM,2026-03-04T17:24:48.901476
WASH_TRADE,T0358,BTCUSDT,2026-01-06T13:24:24.925233,41998.84,20,2,MEDIUM,2026-03-04T17:24:48.909526
WASH_TRADE,T0358,BTCUSDT,2026-01-06T14:02:28.093233,41997.32,32,2,MEDIUM,2026-03-04T17:24:48.911326
WASH_TRADE,T0358,BTCUSDT,2026-01-06T14:37:51.549233,42000.43,48,2,MEDIUM,2026-03-04T17:24:48.913118
WASH_TRADE,T0358,BTCUSDT,2026-01-06T14:53:12.697233,42000.43,50,2,MEDIUM,2026-03-04T17:24:48.913631
WASH_TRADE,T0358,BTCUSDT,2026-01-06T15:20:57.328233,42004.72,56,2,HIGH,2026-03-04T17:24:48.914515
WASH_TRADE,T0358,ETHUSDT,2026-01-06T14:33:39.478233,2297.49,58,2,HIGH,2026-03-04T17:24:48.919798
WASH_TRADE,T0358,ETHUSDT,2026-01-06T14:58:24.673233,2296.33,36,2,MEDIUM,2026-03-04T17:24:48.920659
WASH_TRADE,T0358,ETHUSDT,2026-01-06T15:43:37.926233,2299.48,30,2,MEDIUM,2026-03-04T17:24:48.922129
WASH_TRADE,T0358,SOLUSDT,2026-01-06T14:28:05.549233,95.4,34,2,MEDIUM,2026-03-04T17:24:48.925585
WASH_TRADE,T0358,SOLUSDT,2026-01-06T15:50:08.246233,96.94,54,2,HIGH,2026-03-04T17:24:48.928276
WASH_TRADE,T0359,BTCUSDT,2026-01-06T13:42:27.830233,42002.22,26,2,MEDIUM,2026-03-04T17:24:48.930749
WASH_TRADE,T0359,BTCUSDT,2026-01-06T14:02:57.808233,41999.76,20,2,MEDIUM,2026-03-04T17:24:48.931425
WASH_TRADE,T0359,BTCUSDT,2026-01-06T15:14:20.416233,41998.93,44,2,MEDIUM,2026-03-04T17:24:48.934208
WASH_TRADE,T0359,ETHUSDT,2026-01-06T14:34:06.091233,2300.86,40,2,MEDIUM,2026-03-04T17:24:48.938452
WASH_TRADE,T0359,SOLUSDT,2026-01-06T14:14:06.230233,94.03,24,2,MEDIUM,2026-03-04T17:24:48.944629
WASH_TRADE,T0360,BTCUSDT,2026-01-06T14:49:05.640233,41998.08,56,2,HIGH,2026-03-04T17:24:48.953420
WASH_TRADE,T0360,BTCUSDT,2026-01-06T15:11:58.262233,41998.86,42,2,MEDIUM,2026-03-04T17:24:48.954267
WASH_TRADE,T0360,ETHUSDT,2026-01-06T13:53:41.388233,2297.73,36,2,MEDIUM,2026-03-04T17:24:48.958251
WASH_TRADE,T0360,SOLUSDT,2026-01-06T14:45:02.045233,94.62,42,2,MEDIUM,2026-03-04T17:24:48.983916
WASH_TRADE,T0360,SOLUSDT,2026-01-06T15:34:19.654233,93.39,52,2,HIGH,2026-03-04T17:24:48.985729
WASH_TRADE,T0360,SOLUSDT,2026-01-06T16:13:38.460233,92.68,38,2,MEDIUM,2026-03-04T17:24:48.987806
WASH_TRADE,T0361,BTCUSDT,2026-01-06T15:01:27.411233,42000.97,44,2,MEDIUM,2026-03-04T17:24:48.991913
WASH_TRADE,T0361,ETHUSDT,2026-01-06T15:15:19.829233,2300.15,48,2,MEDIUM,2026-03-04T17:24:48.998608
WASH_TRADE,T0361,SOLUSDT,2026-01-06T13:16:11.851233,94.28,46,2,MEDIUM,2026-03-04T17:24:49.000670
WASH_TRADE,T0361,SOLUSDT,2026-01-06T13:45:00.777233,95.54,28,2,MEDIUM,2026-03-04T17:24:49.001492
WASH_TRADE,T0362,BTCUSDT,2026-01-06T13:34:01.985233,42000.81,56,2,HIGH,2026-03-04T17:24:49.007613
WASH_TRADE,T0362,BTCUSDT,2026-01-06T15:33:00.055233,42000.52,56,2,HIGH,2026-03-04T17:24:49.012001
WASH_TRADE,T0362,ETHUSDT,2026-01-06T15:02:22.009233,2300.72,58,2,HIGH,2026-03-04T17:24:49.017818
WASH_TRADE,T0362,ETHUSDT,2026-01-06T15:43:55.963233,2299.84,50,2,MEDIUM,2026-03-04T17:24:49.019198
WASH_TRADE,T0362,ETHUSDT,2026-01-06T15:58:12.812233,2299.73,44,2,MEDIUM,2026-03-04T17:24:49.019836
WASH_TRADE,T0362,SOLUSDT,2026-01-06T15:28:08.059233,93.06,30,2,MEDIUM,2026-03-04T17:24:49.025757
WASH_TRADE,T0363,BTCUSDT,2026-01-06T14:32:44.260233,42000.48,52,2,HIGH,2026-03-04T17:24:49.029766
WASH_TRADE,T0363,BTCUSDT,2026-01-06T14:54:30.722233,42003.03,28,2,MEDIUM,2026-03-04T17:24:49.030744
WASH_TRADE,T0363,BTCUSDT,2026-01-06T15:40:52.956233,42001.82,30,2,MEDIUM,2026-03-04T17:24:49.032683
WASH_TRADE,T0363,ETHUSDT,2026-01-06T13:50:34.523233,2303.46,40,2,MEDIUM,2026-03-04T17:24:49.034960
WASH_TRADE,T0363,ETHUSDT,2026-01-06T14:09:14.357233,2299.07,38,2,MEDIUM,2026-03-04T17:24:49.035386
WASH_TRADE,T0363,ETHUSDT,2026-01-06T15:10:42.051233,2302.29,22,2,MEDIUM,2026-03-04T17:24:49.037557
WASH_TRADE,T0364,BTCUSDT,2026-01-06T14:09:30.814233,41998.04,46,2,MEDIUM,2026-03-04T17:24:49.047904
WASH_TRADE,T0364,BTCUSDT,2026-01-06T15:31:36.430233,41999.7,22,2,MEDIUM,2026-03-04T17:24:49.050756
WASH_TRADE,T0364,ETHUSDT,2026-01-06T13:37:11.808233,2299.7,32,2,MEDIUM,2026-03-04T17:24:49.054332
WASH_TRADE,T0364,ETHUSDT,2026-01-06T15:04:13.112233,2298.51,52,2,HIGH,2026-03-04T17:24:49.058100
WASH_TRADE,T0364,SOLUSDT,2026-01-06T15:13:03.489233,92.15,32,2,MEDIUM,2026-03-04T17:24:49.064010
WASH_TRADE,T0364,SOLUSDT,2026-01-06T15:53:49.694233,94.35,46,2,MEDIUM,2026-03-04T17:24:49.065672
WASH_TRADE,T0364,SOLUSDT,2026-01-06T16:07:41.459233,92.95,20,2,MEDIUM,2026-03-04T17:24:49.066065
WASH_TRADE,T0365,BTCUSDT,2026-01-06T14:39:02.733233,41998.98,56,2,HIGH,2026-03-04T17:24:49.069707
WASH_TRADE,T0365,BTCUSDT,2026-01-06T15:25:23.951233,42000.87,38,2,MEDIUM,2026-03-04T17:24:49.071365
WASH_TRADE,T0365,SOLUSDT,2026-01-06T15:23:24.167233,95.76,60,2,HIGH,2026-03-04T17:24:49.084111
WASH_TRADE,T0366,SOLUSDT,2026-01-06T15:36:03.729233,94.63,24,2,MEDIUM,2026-03-04T17:24:49.101667
WASH_TRADE,T0366,SOLUSDT,2026-01-06T15:36:17.223233,95.06,44,2,MEDIUM,2026-03-04T17:24:49.101744
WASH_TRADE,T0366,SOLUSDT,2026-01-06T15:42:38.894233,96.62,36,2,MEDIUM,2026-03-04T17:24:49.101938
WASH_TRADE,T0367,ETHUSDT,2026-01-06T14:18:08.663233,2299.59,60,2,HIGH,2026-03-04T17:24:49.111667
WASH_TRADE,T0367,ETHUSDT,2026-01-06T14:39:24.591233,2300.2,22,2,MEDIUM,2026-03-04T17:24:49.112273
WASH_TRADE,T0367,SOLUSDT,2026-01-06T13:16:15.266233,94.18,22,2,MEDIUM,2026-03-04T17:24:49.115862
WASH_TRADE,T0368,BTCUSDT,2026-01-06T13:16:26.750233,42000.48,42,2,MEDIUM,2026-03-04T17:24:49.123282
WASH_TRADE,T0368,BTCUSDT,2026-01-06T14:00:33.375233,41994.92,20,2,MEDIUM,2026-03-04T17:24:49.125110
WASH_TRADE,T0368,BTCUSDT,2026-01-06T14:43:33.836233,41997.03,28,2,MEDIUM,2026-03-04T17:24:49.126295
WASH_TRADE,T0368,BTCUSDT,2026-01-06T15:55:31.942233,42000.6,36,2,MEDIUM,2026-03-04T17:24:49.128702
WASH_TRADE,T0368,BTCUSDT,2026-01-06T16:05:30.298233,42002.53,44,2,MEDIUM,2026-03-04T17:24:49.128899
WASH_TRADE,T0368,ETHUSDT,2026-01-06T13:31:17.362233,2298.27,26,2,MEDIUM,2026-03-04T17:24:49.129685
WASH_TRADE,T0368,ETHUSDT,2026-01-06T13:53:52.800233,2299.78,50,2,MEDIUM,2026-03-04T17:24:49.130658
WASH_TRADE,T0368,ETHUSDT,2026-01-06T14:18:45.429233,2299.86,28,2,MEDIUM,2026-03-04T17:24:49.131703
WASH_TRADE,T0368,ETHUSDT,2026-01-06T14:56:28.907233,2298.62,56,2,HIGH,2026-03-04T17:24:49.132819
WASH_TRADE,T0368,ETHUSDT,2026-01-06T15:23:45.765233,2297.16,28,2,MEDIUM,2026-03-04T17:24:49.133389
WASH_TRADE,T0368,ETHUSDT,2026-01-06T15:23:57.470233,2303.84,26,2,MEDIUM,2026-03-04T17:24:49.133437
WASH_TRADE,T0368,ETHUSDT,2026-01-06T15:38:03.441233,2302.82,30,2,MEDIUM,2026-03-04T17:24:49.133964
WASH_TRADE,T0368,ETHUSDT,2026-01-06T15:54:15.311233,2300.42,54,2,HIGH,2026-03-04T17:24:49.134496
WASH_TRADE,T0368,ETHUSDT,2026-01-06T16:13:23.452233,2298.02,28,2,MEDIUM,2026-03-04T17:24:49.135173
WASH_TRADE,T0368,SOLUSDT,2026-01-06T13:48:10.228233,93.57,24,2,MEDIUM,2026-03-04T17:24:49.136636
WASH_TRADE,T0368,SOLUSDT,2026-01-06T14:28:21.800233,96.6,24,2,MEDIUM,2026-03-04T17:24:49.137719
WASH_TRADE,T0368,SOLUSDT,2026-01-06T14:45:03.044233,96.99,42,2,MEDIUM,2026-03-04T17:24:49.138264
WASH_TRADE,T0369,BTCUSDT,2026-01-06T13:54:50.017233,42002.46,22,2,MEDIUM,2026-03-04T17:24:49.142984
WASH_TRADE,T0369,BTCUSDT,2026-01-06T13:58:39.528233,41998.94,38,2,MEDIUM,2026-03-04T17:24:49.143083
WASH_TRADE,T0369,BTCUSDT,2026-01-06T14:12:17.898233,42002.19,40,2,MEDIUM,2026-03-04T17:24:49.143569
WASH_TRADE,T0369,BTCUSDT,2026-01-06T15:23:16.592233,41999.25,20,2,MEDIUM,2026-03-04T17:24:49.146191
WASH_TRADE,T0369,BTCUSDT,2026-01-06T15:23:39.678233,42000.74,40,2,MEDIUM,2026-03-04T17:24:49.146240
WASH_TRADE,T0369,ETHUSDT,2026-01-06T15:32:49.015233,2299.4,22,2,MEDIUM,2026-03-04T17:24:49.154180
WASH_TRADE,T0370,BTCUSDT,2026-01-06T14:28:42.202233,42000.19,54,2,HIGH,2026-03-04T17:24:49.166591
WASH_TRADE,T0370,BTCUSDT,2026-01-06T15:14:41.907233,41996.75,54,2,HIGH,2026-03-04T17:24:49.168033
WASH_TRADE,T0370,BTCUSDT,2026-01-06T15:42:10.905233,41999.28,60,2,HIGH,2026-03-04T17:24:49.169324
WASH_TRADE,T0370,ETHUSDT,2026-01-06T13:28:38.929233,2304.16,56,2,HIGH,2026-03-04T17:24:49.171024
WASH_TRADE,T0370,ETHUSDT,2026-01-06T14:12:24.233233,2301.26,32,2,MEDIUM,2026-03-04T17:24:49.172626
WASH_TRADE,T0370,SOLUSDT,2026-01-06T15:00:50.572233,93.29,42,2,MEDIUM,2026-03-04T17:24:49.180819
WASH_TRADE,T0370,SOLUSDT,2026-01-06T15:03:27.009233,93.01,30,2,MEDIUM,2026-03-04T17:24:49.180907
WASH_TRADE,T0370,SOLUSDT,2026-01-06T16:13:32.743233,99.3,48,2,MEDIUM,2026-03-04T17:24:49.183933
WASH_TRADE,T0371,BTCUSDT,2026-01-06T13:19:46.361233,41999.47,42,2,MEDIUM,2026-03-04T17:24:49.184198
WASH_TRADE,T0371,BTCUSDT,2026-01-06T14:18:52.610233,41999.53,38,2,MEDIUM,2026-03-04T17:24:49.186932
WASH_TRADE,T0371,ETHUSDT,2026-01-06T15:10:22.228233,2299.91,54,2,HIGH,2026-03-04T17:24:49.195780
WASH_TRADE,T0371,ETHUSDT,2026-01-06T15:31:45.565233,2301.21,48,2,MEDIUM,2026-03-04T17:24:49.196884
WASH_TRADE,T0371,SOLUSDT,2026-01-06T13:41:09.230233,96.09,28,2,MEDIUM,2026-03-04T17:24:49.199861
WASH_TRADE,T0371,SOLUSDT,2026-01-06T14:26:51.901233,94.68,26,2,MEDIUM,2026-03-04T17:24:49.201125
WASH_TRADE,T0371,SOLUSDT,2026-01-06T15:12:20.307233,94.79,50,2,MEDIUM,2026-03-04T17:24:49.203021
WASH_TRADE,T0371,SOLUSDT,2026-01-06T15:17:06.939233,92.95,28,2,MEDIUM,2026-03-04T17:24:49.203353
WASH_TRADE,T0371,SOLUSDT,2026-01-06T16:00:47.975233,91.47,56,2,HIGH,2026-03-04T17:24:49.204582
WASH_TRADE,T0372,BTCUSDT,2026-01-06T14:03:26.980233,41998.69,50,2,MEDIUM,2026-03-04T17:24:49.207296
WASH_TRADE,T0372,BTCUSDT,2026-01-06T14:15:26.506233,42000.94,46,2,MEDIUM,2026-03-04T17:24:49.207981
WASH_TRADE,T0372,BTCUSDT,2026-01-06T14:59:14.095233,42000.82,48,2,MEDIUM,2026-03-04T17:24:49.209588
WASH_TRADE,T0372,BTCUSDT,2026-01-06T15:00:35.049233,42003.95,28,2,MEDIUM,2026-03-04T17:24:49.209678
WASH_TRADE,T0372,ETHUSDT,2026-01-06T13:54:24.993233,2301.87,24,2,MEDIUM,2026-03-04T17:24:49.213606
WASH_TRADE,T0372,ETHUSDT,2026-01-06T14:20:17.120233,2299.46,46,2,MEDIUM,2026-03-04T17:24:49.214667
WASH_TRADE,T0372,ETHUSDT,2026-01-06T15:05:43.873233,2298.71,46,2,MEDIUM,2026-03-04T17:24:49.216614
WASH_TRADE,T0372,ETHUSDT,2026-01-06T15:11:06.903233,2301.09,40,2,MEDIUM,2026-03-04T17:24:49.216919
WASH_TRADE,T0372,ETHUSDT,2026-01-06T15:21:17.609233,2300.54,58,2,HIGH,2026-03-04T17:24:49.217391
WASH_TRADE,T0372,SOLUSDT,2026-01-06T15:03:20.133233,92.52,28,2,MEDIUM,2026-03-04T17:24:49.222926
WASH_TRADE,T0373,BTCUSDT,2026-01-06T14:35:56.237233,42000.56,24,2,MEDIUM,2026-03-04T17:24:49.229460
WASH_TRADE,T0373,ETHUSDT,2026-01-06T13:25:31.697233,2300.26,58,2,HIGH,2026-03-04T17:24:49.234234
WASH_TRADE,T0373,ETHUSDT,2026-01-06T15:08:27.997233,2299.3,56,2,HIGH,2026-03-04T17:24:49.237843
WASH_TRADE,T0373,ETHUSDT,2026-01-06T15:33:34.615233,2298.87,46,2,MEDIUM,2026-03-04T17:24:49.238816
WASH_TRADE,T0373,SOLUSDT,2026-01-06T13:26:01.938233,97.43,34,2,MEDIUM,2026-03-04T17:24:49.241249
WASH_TRADE,T0373,SOLUSDT,2026-01-06T14:29:18.057233,96.99,50,2,MEDIUM,2026-03-04T17:24:49.243377
WASH_TRADE,T0373,SOLUSDT,2026-01-06T14:59:21.970233,96.52,44,2,MEDIUM,2026-03-04T17:24:49.244444
WASH_TRADE,T0374,BTCUSDT,2026-01-06T13:33:03.317233,41998.4,54,2,HIGH,2026-03-04T17:24:49.248328
WASH_TRADE,T0374,BTCUSDT,2026-01-06T14:02:21.401233,42004.49,44,2,MEDIUM,2026-03-04T17:24:49.249493
WASH_TRADE,T0374,ETHUSDT,2026-01-06T15:16:27.983233,2296.7,60,2,HIGH,2026-03-04T17:24:49.258344
WASH_TRADE,T0374,SOLUSDT,2026-01-06T13:20:27.278233,93.32,44,2,MEDIUM,2026-03-04T17:24:49.260181
WASH_TRADE,T0374,SOLUSDT,2026-01-06T13:56:36.817233,96.01,28,2,MEDIUM,2026-03-04T17:24:49.261682
WASH_TRADE,T0374,SOLUSDT,2026-01-06T15:27:48.543233,94.68,52,2,HIGH,2026-03-04T17:24:49.264925
WASH_TRADE,T0375,BTCUSDT,2026-01-06T13:47:00.084233,41998.94,54,2,HIGH,2026-03-04T17:24:49.267957
WASH_TRADE,T0375,ETHUSDT,2026-01-06T14:34:51.465233,2298.84,22,2,MEDIUM,2026-03-04T17:24:49.276776
WASH_TRADE,T0375,ETHUSDT,2026-01-06T15:31:56.299233,2299.08,20,2,MEDIUM,2026-03-04T17:24:49.278544
WASH_TRADE,T0375,ETHUSDT,2026-01-06T16:05:01.564233,2301.74,52,2,HIGH,2026-03-04T17:24:49.280111
WASH_TRADE,T0375,SOLUSDT,2026-01-06T13:27:23.713233,92.88,56,2,HIGH,2026-03-04T17:24:49.281599
WASH_TRADE,T0375,SOLUSDT,2026-01-06T13:49:11.969233,96.06,54,2,HIGH,2026-03-04T17:24:49.282672
WASH_TRADE,T0375,SOLUSDT,2026-01-06T14:17:10.713233,91.28,38,2,MEDIUM,2026-03-04T17:24:49.283300
WASH_TRADE,T0376,BTCUSDT,2026-01-06T16:06:30.293233,41999.65,32,2,MEDIUM,2026-03-04T17:24:49.294383
WASH_TRADE,T0376,ETHUSDT,2026-01-06T13:53:28.392233,2298.2,38,2,MEDIUM,2026-03-04T17:24:49.295844
WASH_TRADE,T0376,ETHUSDT,2026-01-06T14:15:55.636233,2301.22,48,2,MEDIUM,2026-03-04T17:24:49.296606
WASH_TRADE,T0376,SOLUSDT,2026-01-06T14:28:23.533233,96.29,44,2,MEDIUM,2026-03-04T17:24:49.304444
WASH_TRADE,T0377,BTCUSDT,2026-01-06T15:58:48.828233,42002.37,42,2,MEDIUM,2026-03-04T17:24:49.314194
WASH_TRADE,T0377,ETHUSDT,2026-01-06T13:52:56.678233,2299.36,26,2,MEDIUM,2026-03-04T17:24:49.316301
WASH_TRADE,T0377,ETHUSDT,2026-01-06T15:41:47.068233,2300.63,20,2,MEDIUM,2026-03-04T17:24:49.320482
WASH_TRADE,T0377,SOLUSDT,2026-01-06T13:23:23.855233,91.4,42,2,MEDIUM,2026-03-04T17:24:49.322746
WASH_TRADE,T0377,SOLUSDT,2026-01-06T13:46:09.241233,94.08,40,2,MEDIUM,2026-03-04T17:24:49.323848
WASH_TRADE,T0378,BTCUSDT,2026-01-06T13:26:44.157233,41994.28,22,2,MEDIUM,2026-03-04T17:24:49.330238
WASH_TRADE,T0378,BTCUSDT,2026-01-06T15:02:36.643233,41999.48,46,2,MEDIUM,2026-03-04T17:24:49.334074
WASH_TRADE,T0378,ETHUSDT,2026-01-06T15:22:05.154233,2301.08,54,2,HIGH,2026-03-04T17:24:49.340271
WASH_TRADE,T0378,ETHUSDT,2026-01-06T15:57:04.148233,2302.46,36,2,MEDIUM,2026-03-04T17:24:49.341538
WASH_TRADE,T0378,ETHUSDT,2026-01-06T16:14:21.550233,2300.41,44,2,MEDIUM,2026-03-04T17:24:49.342234
WASH_TRADE,T0379,BTCUSDT,2026-01-06T14:01:37.966233,41996.55,30,2,MEDIUM,2026-03-04T17:24:49.350652
WASH_TRADE,T0379,BTCUSDT,2026-01-06T14:25:01.112233,42000.47,52,2,HIGH,2026-03-04T17:24:49.351563
WASH_TRADE,T0379,BTCUSDT,2026-01-06T14:37:09.834233,41997.91,32,2,MEDIUM,2026-03-04T17:24:49.352128
WASH_TRADE,T0379,BTCUSDT,2026-01-06T14:48:25.495233,41998.2,46,2,MEDIUM,2026-03-04T17:24:49.352835
WASH_TRADE,T0379,BTCUSDT,2026-01-06T15:53:36.090233,41996.87,34,2,MEDIUM,2026-03-04T17:24:49.355294
WASH_TRADE,T0379,ETHUSDT,2026-01-06T13:31:47.715233,2301.71,42,2,MEDIUM,2026-03-04T17:24:49.356924
WASH_TRADE,T0379,ETHUSDT,2026-01-06T13:36:22.774233,2300.14,38,2,MEDIUM,2026-03-04T17:24:49.357096
WASH_TRADE,T0379,ETHUSDT,2026-01-06T14:36:29.471233,2302.94,48,2,MEDIUM,2026-03-04T17:24:49.359129
WASH_TRADE,T0379,ETHUSDT,2026-01-06T14:41:12.862233,2300.26,48,2,MEDIUM,2026-03-04T17:24:49.359293
WASH_TRADE,T0379,ETHUSDT,2026-01-06T14:50:23.919233,2297.08,46,2,MEDIUM,2026-03-04T17:24:49.359850
WASH_TRADE,T0379,ETHUSDT,2026-01-06T15:47:23.964233,2299.42,34,2,MEDIUM,2026-03-04T17:24:49.362129
WASH_TRADE,T0379,SOLUSDT,2026-01-06T13:26:15.709233,93.05,54,2,HIGH,2026-03-04T17:24:49.363695
WASH_TRADE,T0379,SOLUSDT,2026-01-06T14:07:11.339233,92.41,30,2,MEDIUM,2026-03-04T17:24:49.365736
WASH_TRADE,T0379,SOLUSDT,2026-01-06T14:09:33.139233,94.46,24,2,MEDIUM,2026-03-04T17:24:49.365843
WASH_TRADE,T0380,BTCUSDT,2026-01-06T13:34:04.644233,42005.21,50,2,MEDIUM,2026-03-04T17:24:49.371447
WASH_TRADE,T0380,BTCUSDT,2026-01-06T14:06:56.098233,41999.54,36,2,MEDIUM,2026-03-04T17:24:49.372736
WASH_TRADE,T0380,BTCUSDT,2026-01-06T14:17:05.813233,41999.6,28,2,MEDIUM,2026-03-04T17:24:49.373058
WASH_TRADE,T0380,BTCUSDT,2026-01-06T16:11:36.399233,41999.76,34,2,MEDIUM,2026-03-04T17:24:49.376778
WASH_TRADE,T0380,ETHUSDT,2026-01-06T13:32:53.288233,2300.42,38,2,MEDIUM,2026-03-04T17:24:49.377382
WASH_TRADE,T0380,ETHUSDT,2026-01-06T13:33:39.658233,2300.4,54,2,HIGH,2026-03-04T17:24:49.377508
WASH_TRADE,T0380,ETHUSDT,2026-01-06T14:43:26.505233,2300.1,44,2,MEDIUM,2026-03-04T17:24:49.379580
WASH_TRADE,T0380,SOLUSDT,2026-01-06T13:49:36.430233,97.67,50,2,MEDIUM,2026-03-04T17:24:49.383974
WASH_TRADE,T0380,SOLUSDT,2026-01-06T14:11:11.007233,98.67,48,2,MEDIUM,2026-03-04T17:24:49.384548
WASH_TRADE,T0380,SOLUSDT,2026-01-06T14:57:32.012233,95.39,36,2,MEDIUM,2026-03-04T17:24:49.385541
WASH_TRADE,T0380,SOLUSDT,2026-01-06T15:25:30.996233,95.5,60,2,HIGH,2026-03-04T17:24:49.387207
WASH_TRADE,T0380,SOLUSDT,2026-01-06T15:50:19.918233,97.45,36,2,MEDIUM,2026-03-04T17:24:49.387906
WASH_TRADE,T0381,BTCUSDT,2026-01-06T14:30:15.090233,42000.98,26,2,MEDIUM,2026-03-04T17:24:49.391205
WASH_TRADE,T0381,ETHUSDT,2026-01-06T13:52:20.886233,2301.73,42,2,MEDIUM,2026-03-04T17:24:49.398057
WASH_TRADE,T0381,ETHUSDT,2026-01-06T14:52:58.258233,2301.31,60,2,HIGH,2026-03-04T17:24:49.400602
WASH_TRADE,T0381,ETHUSDT,2026-01-06T16:10:42.553233,2296.4,24,2,MEDIUM,2026-03-04T17:24:49.404073
WASH_TRADE,T0381,SOLUSDT,2026-01-06T14:09:13.573233,97.95,44,2,MEDIUM,2026-03-04T17:24:49.406498
WASH_TRADE,T0381,SOLUSDT,2026-01-06T14:09:46.356233,94.82,30,2,MEDIUM,2026-03-04T17:24:49.406547
WASH_TRADE,T0381,SOLUSDT,2026-01-06T14:10:19.282233,94.27,58,2,HIGH,2026-03-04T17:24:49.406596
WASH_TRADE,T0381,SOLUSDT,2026-01-06T15:18:57.751233,96.94,48,2,MEDIUM,2026-03-04T17:24:49.409547
WASH_TRADE,T0381,SOLUSDT,2026-01-06T16:07:11.013233,94.7,48,2,MEDIUM,2026-03-04T17:24:49.411640
WASH_TRADE,T0382,BTCUSDT,2026-01-06T13:43:53.595233,42001.36,26,2,MEDIUM,2026-03-04T17:24:49.413339
WASH_TRADE,T0382,BTCUSDT,2026-01-06T14:34:31.844233,41998.85,20,2,MEDIUM,2026-03-04T17:24:49.415579
WASH_TRADE,T0382,BTCUSDT,2026-01-06T14:37:04.631233,41998.22,28,2,MEDIUM,2026-03-04T17:24:49.415700
WASH_TRADE,T0382,BTCUSDT,2026-01-06T14:47:11.806233,41999.18,48,2,MEDIUM,2026-03-04T17:24:49.416109
WASH_TRADE,T0382,BTCUSDT,2026-01-06T15:35:07.799233,42006.05,60,2,HIGH,2026-03-04T17:24:49.417959
WASH_TRADE,T0382,BTCUSDT,2026-01-06T15:53:58.809233,42000.3,46,2,MEDIUM,2026-03-04T17:24:49.418581
WASH_TRADE,T0382,BTCUSDT,2026-01-06T15:57:32.304233,42000.5,38,2,MEDIUM,2026-03-04T17:24:49.418756
WASH_TRADE,T0382,ETHUSDT,2026-01-06T14:04:57.532233,2303.34,44,2,MEDIUM,2026-03-04T17:24:49.421013
WASH_TRADE,T0382,ETHUSDT,2026-01-06T14:14:06.888233,2297.74,44,2,MEDIUM,2026-03-04T17:24:49.421463
WASH_TRADE,T0382,ETHUSDT,2026-01-06T14:26:29.613233,2299.19,28,2,MEDIUM,2026-03-04T17:24:49.422308
WASH_TRADE,T0382,SOLUSDT,2026-01-06T14:13:30.538233,97.46,56,2,HIGH,2026-03-04T17:24:49.427287
WASH_TRADE,T0382,SOLUSDT,2026-01-06T14:34:40.016233,94.99,28,2,MEDIUM,2026-03-04T17:24:49.428376
WASH_TRADE,T0383,ETHUSDT,2026-01-06T14:02:16.735233,2298.31,54,2,HIGH,2026-03-04T17:24:49.440753
WASH_TRADE,T0383,ETHUSDT,2026-01-06T16:06:01.274233,2298.84,50,2,MEDIUM,2026-03-04T17:24:49.444761
WASH_TRADE,T0383,SOLUSDT,2026-01-06T13:27:29.535233,92.46,30,2,MEDIUM,2026-03-04T17:24:49.445594
WASH_TRADE,T0383,SOLUSDT,2026-01-06T13:54:45.882233,93.07,60,2,HIGH,2026-03-04T17:24:49.446718
WASH_TRADE,T0383,SOLUSDT,2026-01-06T14:41:59.101233,95.51,34,2,MEDIUM,2026-03-04T17:24:49.448265
WASH_TRADE,T0383,SOLUSDT,2026-01-06T14:44:40.949233,93.63,22,2,MEDIUM,2026-03-04T17:24:49.448399
WASH_TRADE,T0383,SOLUSDT,2026-01-06T15:40:39.143233,93.07,28,2,MEDIUM,2026-03-04T17:24:49.450400
WASH_TRADE,T0383,SOLUSDT,2026-01-06T16:06:36.682233,90.22,54,2,HIGH,2026-03-04T17:24:49.451516
WASH_TRADE,T0384,BTCUSDT,2026-01-06T13:57:19.912233,42001.16,48,2,MEDIUM,2026-03-04T17:24:49.453139
WASH_TRADE,T0384,BTCUSDT,2026-01-06T14:49:55.235233,42001.59,28,2,MEDIUM,2026-03-04T17:24:49.455106
WASH_TRADE,T0384,BTCUSDT,2026-01-06T15:30:40.664233,41997.53,46,2,MEDIUM,2026-03-04T17:24:49.456664
WASH_TRADE,T0384,BTCUSDT,2026-01-06T15:32:37.036233,42001.91,46,2,MEDIUM,2026-03-04T17:24:49.456855
WASH_TRADE,T0384,ETHUSDT,2026-01-06T14:00:11.246233,2300.12,32,2,MEDIUM,2026-03-04T17:24:49.460622
WASH_TRADE,T0384,ETHUSDT,2026-01-06T16:11:54.657233,2301.83,44,2,MEDIUM,2026-03-04T17:24:49.465277
WASH_TRADE,T0384,ETHUSDT,2026-01-06T16:12:51.084233,2301.27,22,2,MEDIUM,2026-03-04T17:24:49.465328
WASH_TRADE,T0384,SOLUSDT,2026-01-06T14:10:32.497233,94.35,22,2,MEDIUM,2026-03-04T17:24:49.467103
WASH_TRADE,T0384,SOLUSDT,2026-01-06T14:30:17.802233,95.94,30,2,MEDIUM,2026-03-04T17:24:49.467873
WASH_TRADE,T0385,BTCUSDT,2026-01-06T13:27:20.311233,42000.45,42,2,MEDIUM,2026-03-04T17:24:49.472539
WASH_TRADE,T0385,BTCUSDT,2026-01-06T14:35:43.633233,42003.0,52,2,HIGH,2026-03-04T17:24:49.475117
WASH_TRADE,T0385,BTCUSDT,2026-01-06T15:15:38.790233,42000.62,52,2,HIGH,2026-03-04T17:24:49.476386
WASH_TRADE,T0385,ETHUSDT,2026-01-06T15:30:27.575233,2300.01,54,2,HIGH,2026-03-04T17:24:49.483462
WASH_TRADE,T0385,SOLUSDT,2026-01-06T13:26:08.019233,94.34,60,2,HIGH,2026-03-04T17:24:49.485770
WASH_TRADE,T0385,SOLUSDT,2026-01-06T14:33:04.895233,95.31,20,2,MEDIUM,2026-03-04T17:24:49.488087
WASH_TRADE,T0385,SOLUSDT,2026-01-06T15:04:30.746233,93.58,40,2,MEDIUM,2026-03-04T17:24:49.489091
WASH_TRADE,T0385,SOLUSDT,2026-01-06T15:22:38.952233,94.8,52,2,HIGH,2026-03-04T17:24:49.489816
WASH_TRADE,T0385,SOLUSDT,2026-01-06T15:48:03.440233,92.4,40,2,MEDIUM,2026-03-04T17:24:49.490613
WASH_TRADE,T0386,BTCUSDT,2026-01-06T14:33:04.697233,41999.73,50,2,MEDIUM,2026-03-04T17:24:49.495707
WASH_TRADE,T0386,ETHUSDT,2026-01-06T13:13:22.220233,2301.88,52,2,HIGH,2026-03-04T17:24:49.498999
WASH_TRADE,T0386,ETHUSDT,2026-01-06T15:17:04.214233,2301.79,34,2,MEDIUM,2026-03-04T17:24:49.503313
WASH_TRADE,T0386,SOLUSDT,2026-01-06T13:52:44.838233,90.59,26,2,MEDIUM,2026-03-04T17:24:49.508055
WASH_TRADE,T0387,ETHUSDT,2026-01-06T13:15:20.827233,2304.93,56,2,HIGH,2026-03-04T17:24:49.521011
WASH_TRADE,T0387,ETHUSDT,2026-01-06T14:49:49.106233,2300.32,34,2,MEDIUM,2026-03-04T17:24:49.524146
WASH_TRADE,T0387,ETHUSDT,2026-01-06T15:40:33.796233,2301.88,42,2,MEDIUM,2026-03-04T17:24:49.526369
WASH_TRADE,T0387,SOLUSDT,2026-01-06T15:15:10.751233,90.84,40,2,MEDIUM,2026-03-04T17:24:49.532497
WASH_TRADE,T0387,SOLUSDT,2026-01-06T16:05:26.992233,94.89,60,2,HIGH,2026-03-04T17:24:49.534435
WASH_TRADE,T0388,BTCUSDT,2026-01-06T15:28:38.337233,42003.91,22,2,MEDIUM,2026-03-04T17:24:49.541014
WASH_TRADE,T0388,BTCUSDT,2026-01-06T15:44:53.229233,42000.32,60,2,HIGH,2026-03-04T17:24:49.541581
WASH_TRADE,T0388,ETHUSDT,2026-01-06T15:41:18.145233,2299.84,20,2,MEDIUM,2026-03-04T17:24:49.548640
WASH_TRADE,T0388,ETHUSDT,2026-01-06T15:48:04.912233,2304.54,26,2,MEDIUM,2026-03-04T17:24:49.548873
WASH_TRADE,T0388,SOLUSDT,2026-01-06T14:42:27.751233,95.24,54,2,HIGH,2026-03-04T17:24:49.552267
WASH_TRADE,T0388,SOLUSDT,2026-01-06T14:51:25.307233,94.66,60,2,HIGH,2026-03-04T17:24:49.552866
WASH_TRADE,T0388,SOLUSDT,2026-01-06T15:23:26.840233,94.87,46,2,MEDIUM,2026-03-04T17:24:49.554185
WASH_TRADE,T0388,SOLUSDT,2026-01-06T15:44:33.072233,95.65,22,2,MEDIUM,2026-03-04T17:24:49.554960
WASH_TRADE,T0389,BTCUSDT,2026-01-06T13:25:37.783233,41998.41,22,2,MEDIUM,2026-03-04T17:24:49.556524
WASH_TRADE,T0389,BTCUSDT,2026-01-06T14:00:37.651233,41999.71,40,2,MEDIUM,2026-03-04T17:24:49.557912
WASH_TRADE,T0389,BTCUSDT,2026-01-06T14:42:49.524233,41998.71,40,2,MEDIUM,2026-03-04T17:24:49.559924
WASH_TRADE,T0389,BTCUSDT,2026-01-06T15:38:27.900233,41996.48,32,2,MEDIUM,2026-03-04T17:24:49.562092
WASH_TRADE,T0389,BTCUSDT,2026-01-06T15:42:16.928233,42000.15,52,2,HIGH,2026-03-04T17:24:49.562342
WASH_TRADE,T0389,BTCUSDT,2026-01-06T16:04:54.673233,41998.06,48,2,MEDIUM,2026-03-04T17:24:49.563144
WASH_TRADE,T0389,ETHUSDT,2026-01-06T13:54:12.062233,2299.61,20,2,MEDIUM,2026-03-04T17:24:49.565194
WASH_TRADE,T0389,ETHUSDT,2026-01-06T14:10:48.083233,2299.55,34,2,MEDIUM,2026-03-04T17:24:49.566035
WASH_TRADE,T0389,ETHUSDT,2026-01-06T15:26:20.619233,2297.18,44,2,MEDIUM,2026-03-04T17:24:49.568913
WASH_TRADE,T0389,ETHUSDT,2026-01-06T16:07:53.283233,2302.22,24,2,MEDIUM,2026-03-04T17:24:49.570332
WASH_TRADE,T0389,SOLUSDT,2026-01-06T14:13:19.848233,93.7,22,2,MEDIUM,2026-03-04T17:24:49.573288
WASH_TRADE,T0389,SOLUSDT,2026-01-06T14:59:44.741233,91.51,34,2,MEDIUM,2026-03-04T17:24:49.574908
WASH_TRADE,T0390,BTCUSDT,2026-01-06T14:53:04.386233,41998.76,30,2,MEDIUM,2026-03-04T17:24:49.581211
WASH_TRADE,T0390,BTCUSDT,2026-01-06T14:53:10.164233,42002.93,52,2,HIGH,2026-03-04T17:24:49.581262
WASH_TRADE,T0390,BTCUSDT,2026-01-06T15:46:54.814233,41998.97,48,2,MEDIUM,2026-03-04T17:24:49.582962
WASH_TRADE,T0390,ETHUSDT,2026-01-06T13:31:41.339233,2297.15,40,2,MEDIUM,2026-03-04T17:24:49.584632
WASH_TRADE,T0390,ETHUSDT,2026-01-06T13:59:50.076233,2300.7,24,2,MEDIUM,2026-03-04T17:24:49.585803
WASH_TRADE,T0390,ETHUSDT,2026-01-06T14:19:59.442233,2301.89,46,2,MEDIUM,2026-03-04T17:24:49.586721
WASH_TRADE,T0390,ETHUSDT,2026-01-06T14:25:20.372233,2299.15,22,2,MEDIUM,2026-03-04T17:24:49.587007
WASH_TRADE,T0390,ETHUSDT,2026-01-06T14:57:42.948233,2302.19,36,2,MEDIUM,2026-03-04T17:24:49.588703
WASH_TRADE,T0390,SOLUSDT,2026-01-06T13:45:50.807233,97.84,50,2,MEDIUM,2026-03-04T17:24:49.592329
WASH_TRADE,T0390,SOLUSDT,2026-01-06T15:47:08.141233,94.61,58,2,HIGH,2026-03-04T17:24:49.596986
WASH_TRADE,T0391,BTCUSDT,2026-01-06T15:34:23.133233,41999.73,46,2,MEDIUM,2026-03-04T17:24:49.604282
WASH_TRADE,T0391,ETHUSDT,2026-01-06T14:05:35.140233,2301.78,54,2,HIGH,2026-03-04T17:24:49.607540
WASH_TRADE,T0391,ETHUSDT,2026-01-06T15:01:02.704233,2298.88,38,2,MEDIUM,2026-03-04T17:24:49.609780
WASH_TRADE,T0391,ETHUSDT,2026-01-06T15:17:52.921233,2296.97,50,2,MEDIUM,2026-03-04T17:24:49.610488
WASH_TRADE,T0391,ETHUSDT,2026-01-06T16:06:20.821233,2298.15,54,2,HIGH,2026-03-04T17:24:49.612117
WASH_TRADE,T0391,SOLUSDT,2026-01-06T13:25:01.424233,94.77,48,2,MEDIUM,2026-03-04T17:24:49.612641
WASH_TRADE,T0391,SOLUSDT,2026-01-06T14:23:17.493233,92.75,38,2,MEDIUM,2026-03-04T17:24:49.615031
WASH_TRADE,T0391,SOLUSDT,2026-01-06T14:28:49.886233,98.59,60,2,HIGH,2026-03-04T17:24:49.615236
WASH_TRADE,T0392,BTCUSDT,2026-01-06T13:22:26.261233,42001.68,42,2,MEDIUM,2026-03-04T17:24:49.619909
WASH_TRADE,T0392,BTCUSDT,2026-01-06T13:34:38.472233,42000.43,56,2,HIGH,2026-03-04T17:24:49.620508
WASH_TRADE,T0392,BTCUSDT,2026-01-06T14:26:32.388233,42002.23,34,2,MEDIUM,2026-03-04T17:24:49.622573
WASH_TRADE,T0392,ETHUSDT,2026-01-06T13:23:20.099233,2294.11,30,2,MEDIUM,2026-03-04T17:24:49.626465
WASH_TRADE,T0392,ETHUSDT,2026-01-06T14:41:32.327233,2296.59,58,2,HIGH,2026-03-04T17:24:49.628927
WASH_TRADE,T0392,ETHUSDT,2026-01-06T15:13:59.505233,2298.46,42,2,MEDIUM,2026-03-04T17:24:49.630156
WASH_TRADE,T0392,SOLUSDT,2026-01-06T15:10:46.262233,94.97,28,2,MEDIUM,2026-03-04T17:24:49.637704
WASH_TRADE,T0392,SOLUSDT,2026-01-06T15:57:53.952233,96.52,50,2,MEDIUM,2026-03-04T17:24:49.640222
WASH_TRADE,T0393,ETHUSDT,2026-01-06T13:19:42.728233,2297.43,22,2,MEDIUM,2026-03-04T17:24:49.647998
WASH_TRADE,T0393,ETHUSDT,2026-01-06T13:47:34.203233,2300.92,56,2,HIGH,2026-03-04T17:24:49.649836
WASH_TRADE,T0393,ETHUSDT,2026-01-06T14:42:17.779233,2299.7,58,2,HIGH,2026-03-04T17:24:49.652365
WASH_TRADE,T0393,ETHUSDT,2026-01-06T14:46:37.405233,2296.16,26,2,MEDIUM,2026-03-04T17:24:49.652546
WASH_TRADE,T0393,ETHUSDT,2026-01-06T15:50:06.362233,2301.18,36,2,MEDIUM,2026-03-04T17:24:49.654893
WASH_TRADE,T0393,ETHUSDT,2026-01-06T16:01:35.022233,2299.62,50,2,MEDIUM,2026-03-04T17:24:49.655349
WASH_TRADE,T0393,SOLUSDT,2026-01-06T14:52:06.497233,95.28,56,2,HIGH,2026-03-04T17:24:49.659683
WASH_TRADE,T0393,SOLUSDT,2026-01-06T15:44:21.244233,95.38,56,2,HIGH,2026-03-04T17:24:49.661336
WASH_TRADE,T0394,BTCUSDT,2026-01-06T13:58:06.343233,42000.04,20,2,MEDIUM,2026-03-04T17:24:49.664617
WASH_TRADE,T0394,BTCUSDT,2026-01-06T14:04:25.867233,41997.02,60,2,HIGH,2026-03-04T17:24:49.664869
WASH_TRADE,T0394,BTCUSDT,2026-01-06T15:02:56.375233,42000.66,24,2,MEDIUM,2026-03-04T17:24:49.666910
WASH_TRADE,T0394,BTCUSDT,2026-01-06T15:31:29.072233,41998.77,48,2,MEDIUM,2026-03-04T17:24:49.668140
WASH_TRADE,T0394,ETHUSDT,2026-01-06T14:08:50.280233,2298.7,38,2,MEDIUM,2026-03-04T17:24:49.671089
WASH_TRADE,T0394,ETHUSDT,2026-01-06T15:23:54.836233,2298.83,54,2,HIGH,2026-03-04T17:24:49.674348
WASH_TRADE,T0394,SOLUSDT,2026-01-06T13:54:37.671233,93.65,20,2,MEDIUM,2026-03-04T17:24:49.677511
WASH_TRADE,T0394,SOLUSDT,2026-01-06T14:04:37.907233,91.19,60,2,HIGH,2026-03-04T17:24:49.677938
WASH_TRADE,T0394,SOLUSDT,2026-01-06T14:10:05.808233,96.61,42,2,MEDIUM,2026-03-04T17:24:49.678120
WASH_TRADE,T0394,SOLUSDT,2026-01-06T15:10:21.351233,93.06,60,2,HIGH,2026-03-04T17:24:49.680466
WASH_TRADE,T0395,BTCUSDT,2026-01-06T13:17:54.465233,42000.0,60,2,HIGH,2026-03-04T17:24:49.683217
WASH_TRADE,T0395,ETHUSDT,2026-01-06T13:22:18.078233,2301.19,30,2,MEDIUM,2026-03-04T17:24:49.690208
WASH_TRADE,T0395,ETHUSDT,2026-01-06T14:58:44.573233,2300.21,22,2,MEDIUM,2026-03-04T17:24:49.693893
WASH_TRADE,T0395,ETHUSDT,2026-01-06T15:11:55.116233,2300.48,54,2,HIGH,2026-03-04T17:24:49.694536
WASH_TRADE,T0395,SOLUSDT,2026-01-06T15:00:26.131233,93.86,24,2,MEDIUM,2026-03-04T17:24:49.701371
WASH_TRADE,T0396,BTCUSDT,2026-01-06T13:38:57.689233,41999.17,26,2,MEDIUM,2026-03-04T17:24:49.705035
WASH_TRADE,T0396,BTCUSDT,2026-01-06T13:41:46.713233,42001.9,34,2,MEDIUM,2026-03-04T17:24:49.705141
WASH_TRADE,T0396,BTCUSDT,2026-01-06T14:03:27.468233,41999.86,42,2,MEDIUM,2026-03-04T17:24:49.706038
WASH_TRADE,T0396,BTCUSDT,2026-01-06T15:20:47.267233,41998.75,52,2,HIGH,2026-03-04T17:24:49.709262
WASH_TRADE,T0396,BTCUSDT,2026-01-06T15:43:43.681233,41999.71,28,2,MEDIUM,2026-03-04T17:24:49.710214
WASH_TRADE,T0396,ETHUSDT,2026-01-06T15:12:18.070233,2302.15,20,2,MEDIUM,2026-03-04T17:24:49.714722
WASH_TRADE,T0396,SOLUSDT,2026-01-06T16:01:46.857233,95.63,22,2,MEDIUM,2026-03-04T17:24:49.723111
WASH_TRADE,T0397,BTCUSDT,2026-01-06T13:25:08.621233,42002.21,48,2,MEDIUM,2026-03-04T17:24:49.724664
WASH_TRADE,T0397,BTCUSDT,2026-01-06T14:40:39.718233,42000.09,56,2,HIGH,2026-03-04T17:24:49.727724
WASH_TRADE,T0397,ETHUSDT,2026-01-06T13:45:33.431233,2302.19,56,2,HIGH,2026-03-04T17:24:49.732160
WASH_TRADE,T0397,ETHUSDT,2026-01-06T13:54:48.222233,2298.19,22,2,MEDIUM,2026-03-04T17:24:49.732573
WASH_TRADE,T0397,ETHUSDT,2026-01-06T14:20:45.550233,2302.09,48,2,MEDIUM,2026-03-04T17:24:49.733406
WASH_TRADE,T0397,ETHUSDT,2026-01-06T14:36:06.480233,2297.34,52,2,HIGH,2026-03-04T17:24:49.734020
WASH_TRADE,T0397,ETHUSDT,2026-01-06T14:43:46.828233,2301.71,52,2,HIGH,2026-03-04T17:24:49.734430
WASH_TRADE,T0397,ETHUSDT,2026-01-06T15:24:00.272233,2301.14,46,2,MEDIUM,2026-03-04T17:24:49.735941
WASH_TRADE,T0397,SOLUSDT,2026-01-06T14:29:41.962233,96.06,28,2,MEDIUM,2026-03-04T17:24:49.741240
WASH_TRADE,T0397,SOLUSDT,2026-01-06T14:40:38.925233,99.78,28,2,MEDIUM,2026-03-04T17:24:49.741744
WASH_TRADE,T0398,BTCUSDT,2026-01-06T13:28:20.184233,42000.78,48,2,MEDIUM,2026-03-04T17:24:49.746023
WASH_TRADE,T0398,BTCUSDT,2026-01-06T14:23:04.832233,42000.51,42,2,MEDIUM,2026-03-04T17:24:49.748774
WASH_TRADE,T0398,BTCUSDT,2026-01-06T15:01:17.395233,42003.99,54,2,HIGH,2026-03-04T17:24:49.750046
WASH_TRADE,T0398,BTCUSDT,2026-01-06T15:37:55.913233,41998.93,58,2,HIGH,2026-03-04T17:24:49.751512
WASH_TRADE,T0398,BTCUSDT,2026-01-06T16:04:46.374233,41998.93,44,2,MEDIUM,2026-03-04T17:24:49.752646
WASH_TRADE,T0398,ETHUSDT,2026-01-06T14:12:12.748233,2300.17,20,2,MEDIUM,2026-03-04T17:24:49.755515
WASH_TRADE,T0398,SOLUSDT,2026-01-06T13:44:12.459233,95.38,42,2,MEDIUM,2026-03-04T17:24:49.761338
WASH_TRADE,T0398,SOLUSDT,2026-01-06T16:03:03.537233,94.69,36,2,MEDIUM,2026-03-04T17:24:49.767070
WASH_TRADE,T0399,BTCUSDT,2026-01-06T13:15:00.263233,42001.0,44,2,MEDIUM,2026-03-04T17:24:49.767657
WASH_TRADE,T0399,BTCUSDT,2026-01-06T15:44:54.736233,41998.01,34,2,MEDIUM,2026-03-04T17:24:49.773324
WASH_TRADE,T0399,ETHUSDT,2026-01-06T15:48:37.993233,2298.57,20,2,MEDIUM,2026-03-04T17:24:49.780071
WASH_TRADE,T0399,ETHUSDT,2026-01-06T16:06:06.022233,2302.5,44,2,MEDIUM,2026-03-04T17:24:49.780976
WASH_TRADE,T0399,SOLUSDT,2026-01-06T14:00:47.151233,95.41,60,2,HIGH,2026-03-04T17:24:49.783250
WASH_TRADE,T0399,SOLUSDT,2026-01-06T14:34:58.280233,93.28,20,2,MEDIUM,2026-03-04T17:24:49.784197
WASH_TRADE,T0399,SOLUSDT,2026-01-06T15:27:01.977233,95.37,40,2,MEDIUM,2026-03-04T17:24:49.786043
WASH_TRADE,T0399,SOLUSDT,2026-01-06T15:34:18.481233,97.16,38,2,MEDIUM,2026-03-04T17:24:49.786226
WASH_TRADE,T0399,SOLUSDT,2026-01-06T15:38:27.746233,93.56,26,2,MEDIUM,2026-03-04T17:24:49.786411
WASH_TRADE,T0400,BTCUSDT,2026-01-06T13:16:07.781233,42000.83,30,2,MEDIUM,2026-03-04T17:24:49.787949
WASH_TRADE,T0400,BTCUSDT,2026-01-06T15:03:40.279233,42000.5,60,2,HIGH,2026-03-04T17:24:49.793509
WASH_TRADE,T0400,ETHUSDT,2026-01-06T13:50:54.598233,2299.48,20,2,MEDIUM,2026-03-04T17:24:49.797583
WASH_TRADE,T0400,SOLUSDT,2026-01-06T15:33:41.154233,95.18,50,2,MEDIUM,2026-03-04T17:24:49.808044
WASH_TRADE,T0400,SOLUSDT,2026-01-06T15:43:47.649233,94.78,56,2,HIGH,2026-03-04T17:24:49.808389
WASH_TRADE,T0401,BTCUSDT,2026-01-06T15:02:38.052233,42002.01,46,2,MEDIUM,2026-03-04T17:24:49.812593
WASH_TRADE,T0401,BTCUSDT,2026-01-06T15:07:11.164233,42001.41,58,2,HIGH,2026-03-04T17:24:49.812826
WASH_TRADE,T0401,BTCUSDT,2026-01-06T15:09:38.926233,41998.25,50,2,MEDIUM,2026-03-04T17:24:49.813015
WASH_TRADE,T0401,ETHUSDT,2026-01-06T13:34:54.305233,2302.45,48,2,MEDIUM,2026-03-04T17:24:49.816129
WASH_TRADE,T0401,ETHUSDT,2026-01-06T14:58:48.870233,2299.84,20,2,MEDIUM,2026-03-04T17:24:49.818886
WASH_TRADE,T0401,ETHUSDT,2026-01-06T15:26:09.592233,2299.71,24,2,MEDIUM,2026-03-04T17:24:49.820091
WASH_TRADE,T0401,ETHUSDT,2026-01-06T15:52:29.093233,2298.97,52,2,HIGH,2026-03-04T17:24:49.821073
WASH_TRADE,T0401,SOLUSDT,2026-01-06T13:51:53.087233,97.1,22,2,MEDIUM,2026-03-04T17:24:49.824008
WASH_TRADE,T0401,SOLUSDT,2026-01-06T15:48:08.691233,98.03,50,2,MEDIUM,2026-03-04T17:24:49.827894
WASH_TRADE,T0402,BTCUSDT,2026-01-06T13:45:25.704233,42003.96,24,2,MEDIUM,2026-03-04T17:24:49.829532
WASH_TRADE,T0402,BTCUSDT,2026-01-06T13:57:41.860233,41997.71,20,2,MEDIUM,2026-03-04T17:24:49.830055
WASH_TRADE,T0402,BTCUSDT,2026-01-06T14:18:15.320233,41996.17,56,2,HIGH,2026-03-04T17:24:49.830787
WASH_TRADE,T0402,BTCUSDT,2026-01-06T16:10:58.226233,41996.62,44,2,MEDIUM,2026-03-04T17:24:49.834793
WASH_TRADE,T0402,ETHUSDT,2026-01-06T13:33:03.581233,2295.93,32,2,MEDIUM,2026-03-04T17:24:49.835584
WASH_TRADE,T0402,ETHUSDT,2026-01-06T14:48:36.390233,2301.46,30,2,MEDIUM,2026-03-04T17:24:49.838949
WASH_TRADE,T0402,SOLUSDT,2026-01-06T13:36:15.821233,95.11,24,2,MEDIUM,2026-03-04T17:24:49.843197
WASH_TRADE,T0402,SOLUSDT,2026-01-06T13:46:03.209233,94.55,46,2,MEDIUM,2026-03-04T17:24:49.843484
WASH_TRADE,T0402,SOLUSDT,2026-01-06T15:01:06.635233,96.57,32,2,MEDIUM,2026-03-04T17:24:49.846115
WASH_TRADE,T0403,BTCUSDT,2026-01-06T13:24:48.509233,41999.34,34,2,MEDIUM,2026-03-04T17:24:49.849142
WASH_TRADE,T0403,BTCUSDT,2026-01-06T14:00:42.883233,41998.2,32,2,MEDIUM,2026-03-04T17:24:49.850204
WASH_TRADE,T0403,BTCUSDT,2026-01-06T14:38:07.686233,41997.74,24,2,MEDIUM,2026-03-04T17:24:49.851516
WASH_TRADE,T0403,BTCUSDT,2026-01-06T14:57:20.034233,41996.79,60,2,HIGH,2026-03-04T17:24:49.852411
WASH_TRADE,T0403,BTCUSDT,2026-01-06T15:58:25.908233,42001.22,54,2,HIGH,2026-03-04T17:24:49.854255
WASH_TRADE,T0403,ETHUSDT,2026-01-06T13:38:56.804233,2300.44,44,2,MEDIUM,2026-03-04T17:24:49.855607
WASH_TRADE,T0403,ETHUSDT,2026-01-06T14:07:49.284233,2295.1,58,2,HIGH,2026-03-04T17:24:49.856743
WASH_TRADE,T0403,ETHUSDT,2026-01-06T16:09:23.704233,2300.4,58,2,HIGH,2026-03-04T17:24:49.861564
WASH_TRADE,T0403,SOLUSDT,2026-01-06T13:14:54.393233,97.61,36,2,MEDIUM,2026-03-04T17:24:49.861830
WASH_TRADE,T0403,SOLUSDT,2026-01-06T14:04:42.219233,95.64,54,2,HIGH,2026-03-04T17:24:49.863981
WASH_TRADE,T0403,SOLUSDT,2026-01-06T15:17:37.466233,92.97,42,2,MEDIUM,2026-03-04T17:24:49.867171
WASH_TRADE,T0404,BTCUSDT,2026-01-06T13:43:43.083233,41998.92,60,2,HIGH,2026-03-04T17:24:49.870953
WASH_TRADE,T0404,BTCUSDT,2026-01-06T13:59:16.601233,42000.43,38,2,MEDIUM,2026-03-04T17:24:49.871412
WASH_TRADE,T0404,ETHUSDT,2026-01-06T15:15:34.618233,2300.7,52,2,HIGH,2026-03-04T17:24:49.880266
WASH_TRADE,T0404,ETHUSDT,2026-01-06T15:26:10.039233,2302.35,24,2,MEDIUM,2026-03-04T17:24:49.880612
WASH_TRADE,T0404,SOLUSDT,2026-01-06T15:41:57.958233,93.42,58,2,HIGH,2026-03-04T17:24:49.887644
WASH_TRADE,T0404,SOLUSDT,2026-01-06T16:05:30.601233,94.93,26,2,MEDIUM,2026-03-04T17:24:49.888867
WASH_TRADE,T0405,ETHUSDT,2026-01-06T13:38:54.496233,2302.06,46,2,MEDIUM,2026-03-04T17:24:49.896777
WASH_TRADE,T0405,SOLUSDT,2026-01-06T13:19:34.463233,90.94,38,2,MEDIUM,2026-03-04T17:24:49.903173
WASH_TRADE,T0405,SOLUSDT,2026-01-06T14:59:59.596233,93.41,58,2,HIGH,2026-03-04T17:24:49.906604
WASH_TRADE,T0405,SOLUSDT,2026-01-06T15:10:44.074233,92.03,20,2,MEDIUM,2026-03-04T17:24:49.907033
WASH_TRADE,T0406,BTCUSDT,2026-01-06T13:45:32.004233,41996.62,34,2,MEDIUM,2026-03-04T17:24:49.911141
WASH_TRADE,T0406,BTCUSDT,2026-01-06T13:45:44.109233,41996.75,50,2,MEDIUM,2026-03-04T17:24:49.911244
WASH_TRADE,T0406,BTCUSDT,2026-01-06T14:00:35.514233,41994.44,60,2,HIGH,2026-03-04T17:24:49.911576
WASH_TRADE,T0406,BTCUSDT,2026-01-06T16:04:39.165233,41998.17,26,2,MEDIUM,2026-03-04T17:24:49.916063
WASH_TRADE,T0406,ETHUSDT,2026-01-06T13:31:37.099233,2300.45,24,2,MEDIUM,2026-03-04T17:24:49.916963
WASH_TRADE,T0406,ETHUSDT,2026-01-06T15:36:12.735233,2297.59,22,2,MEDIUM,2026-03-04T17:24:49.922164
WASH_TRADE,T0406,SOLUSDT,2026-01-06T15:35:47.617233,95.56,30,2,MEDIUM,2026-03-04T17:24:49.929336
WASH_TRADE,T0407,BTCUSDT,2026-01-06T16:15:02.095233,42001.71,28,2,MEDIUM,2026-03-04T17:24:49.937652
WASH_TRADE,T0407,ETHUSDT,2026-01-06T13:38:26.308233,2299.47,38,2,MEDIUM,2026-03-04T17:24:49.939015
WASH_TRADE,T0407,ETHUSDT,2026-01-06T15:08:53.090233,2296.74,42,2,MEDIUM,2026-03-04T17:24:49.942426
WASH_TRADE,T0407,ETHUSDT,2026-01-06T15:13:31.815233,2300.21,40,2,MEDIUM,2026-03-04T17:24:49.942738
WASH_TRADE,T0407,ETHUSDT,2026-01-06T15:39:57.752233,2299.59,58,2,HIGH,2026-03-04T17:24:49.943549
WASH_TRADE,T0407,ETHUSDT,2026-01-06T16:05:57.306233,2301.8,60,2,HIGH,2026-03-04T17:24:49.944304
WASH_TRADE,T0407,SOLUSDT,2026-01-06T14:23:26.658233,92.72,58,2,HIGH,2026-03-04T17:24:49.947040
WASH_TRADE,T0407,SOLUSDT,2026-01-06T14:27:18.748233,95.09,52,2,HIGH,2026-03-04T17:24:49.947561
WASH_TRADE,T0408,BTCUSDT,2026-01-06T13:36:56.540233,41998.42,32,2,MEDIUM,2026-03-04T17:24:49.952344
WASH_TRADE,T0408,BTCUSDT,2026-01-06T14:07:40.983233,41995.61,58,2,HIGH,2026-03-04T17:24:49.953469
WASH_TRADE,T0408,BTCUSDT,2026-01-06T14:35:20.502233,41996.41,52,2,HIGH,2026-03-04T17:24:49.954783
WASH_TRADE,T0408,BTCUSDT,2026-01-06T15:08:11.912233,41997.86,50,2,MEDIUM,2026-03-04T17:24:49.956510
WASH_TRADE,T0408,BTCUSDT,2026-01-06T15:23:29.572233,42002.53,38,2,MEDIUM,2026-03-04T17:24:49.957278
WASH_TRADE,T0408,BTCUSDT,2026-01-06T15:26:50.369233,41999.49,20,2,MEDIUM,2026-03-04T17:24:49.957408
WASH_TRADE,T0408,BTCUSDT,2026-01-06T15:33:27.631233,42000.76,34,2,MEDIUM,2026-03-04T17:24:49.957615
WASH_TRADE,T0408,BTCUSDT,2026-01-06T16:00:08.719233,41999.15,44,2,MEDIUM,2026-03-04T17:24:49.958310
WASH_TRADE,T0408,BTCUSDT,2026-01-06T16:09:47.621233,41999.54,44,2,MEDIUM,2026-03-04T17:24:49.958595
WASH_TRADE,T0408,ETHUSDT,2026-01-06T15:47:58.565233,2299.81,52,2,HIGH,2026-03-04T17:24:49.964569
WASH_TRADE,T0408,SOLUSDT,2026-01-06T13:20:59.188233,93.07,20,2,MEDIUM,2026-03-04T17:24:49.965412
WASH_TRADE,T0408,SOLUSDT,2026-01-06T13:38:24.407233,93.12,28,2,MEDIUM,2026-03-04T17:24:49.985053
WASH_TRADE,T0408,SOLUSDT,2026-01-06T13:43:52.176233,97.66,46,2,MEDIUM,2026-03-04T17:24:49.985253
WASH_TRADE,T0409,BTCUSDT,2026-01-06T13:32:27.860233,42002.59,54,2,HIGH,2026-03-04T17:24:49.991196
WASH_TRADE,T0409,BTCUSDT,2026-01-06T14:38:16.781233,41996.19,56,2,HIGH,2026-03-04T17:24:49.994135
WASH_TRADE,T0409,BTCUSDT,2026-01-06T14:54:07.062233,42000.09,40,2,MEDIUM,2026-03-04T17:24:49.994613
WASH_TRADE,T0409,BTCUSDT,2026-01-06T15:04:34.936233,42000.97,56,2,HIGH,2026-03-04T17:24:49.995123
WASH_TRADE,T0409,BTCUSDT,2026-01-06T15:39:07.880233,42002.51,28,2,MEDIUM,2026-03-04T17:24:49.996275
WASH_TRADE,T0409,ETHUSDT,2026-01-06T13:20:09.144233,2295.6,26,2,MEDIUM,2026-03-04T17:24:49.998119
WASH_TRADE,T0409,ETHUSDT,2026-01-06T13:57:37.913233,2298.64,60,2,HIGH,2026-03-04T17:24:49.999304
WASH_TRADE,T0409,ETHUSDT,2026-01-06T14:16:02.475233,2300.69,24,2,MEDIUM,2026-03-04T17:24:49.999786
WASH_TRADE,T0409,ETHUSDT,2026-01-06T14:43:49.159233,2302.72,40,2,MEDIUM,2026-03-04T17:24:50.000854
WASH_TRADE,T0409,ETHUSDT,2026-01-06T14:44:58.969233,2302.31,22,2,MEDIUM,2026-03-04T17:24:50.000929
WASH_TRADE,T0409,ETHUSDT,2026-01-06T16:16:08.389233,2298.72,26,2,MEDIUM,2026-03-04T17:24:50.004846
WASH_TRADE,T0409,SOLUSDT,2026-01-06T13:56:38.311233,93.6,24,2,MEDIUM,2026-03-04T17:24:50.006553
WASH_TRADE,T0409,SOLUSDT,2026-01-06T15:09:23.305233,95.65,40,2,MEDIUM,2026-03-04T17:24:50.008753
WASH_TRADE,T0409,SOLUSDT,2026-01-06T15:23:41.477233,92.93,52,2,HIGH,2026-03-04T17:24:50.009285
WASH_TRADE,T0410,BTCUSDT,2026-01-06T13:20:02.632233,41999.99,52,2,HIGH,2026-03-04T17:24:50.010973
WASH_TRADE,T0410,BTCUSDT,2026-01-06T13:49:31.324233,41999.89,52,2,HIGH,2026-03-04T17:24:50.011957
WASH_TRADE,T0410,BTCUSDT,2026-01-06T15:16:43.566233,42004.34,54,2,HIGH,2026-03-04T17:24:50.015992
WASH_TRADE,T0410,BTCUSDT,2026-01-06T15:30:42.553233,42001.4,36,2,MEDIUM,2026-03-04T17:24:50.016605
WASH_TRADE,T0410,BTCUSDT,2026-01-06T15:46:00.052233,42003.44,46,2,MEDIUM,2026-03-04T17:24:50.017556
WASH_TRADE,T0410,ETHUSDT,2026-01-06T15:56:47.750233,2301.01,56,2,HIGH,2026-03-04T17:24:50.024161
WASH_TRADE,T0410,SOLUSDT,2026-01-06T13:51:02.446233,93.87,40,2,MEDIUM,2026-03-04T17:24:50.026232
WASH_TRADE,T0410,SOLUSDT,2026-01-06T16:07:08.352233,92.11,30,2,MEDIUM,2026-03-04T17:24:50.030538
WASH_TRADE,T0411,BTCUSDT,2026-01-06T14:09:33.711233,41999.56,50,2,MEDIUM,2026-03-04T17:24:50.032589
WASH_TRADE,T0411,BTCUSDT,2026-01-06T15:23:48.524233,41997.17,48,2,MEDIUM,2026-03-04T17:24:50.035433
WASH_TRADE,T0411,BTCUSDT,2026-01-06T15:39:51.739233,42000.53,40,2,MEDIUM,2026-03-04T17:24:50.035925
WASH_TRADE,T0411,ETHUSDT,2026-01-06T14:23:45.993233,2297.37,58,2,HIGH,2026-03-04T17:24:50.039112
WASH_TRADE,T0411,ETHUSDT,2026-01-06T14:38:07.026233,2302.82,46,2,MEDIUM,2026-03-04T17:24:50.039959
WASH_TRADE,T0411,SOLUSDT,2026-01-06T13:30:15.581233,98.26,32,2,MEDIUM,2026-03-04T17:24:50.043962
WASH_TRADE,T0411,SOLUSDT,2026-01-06T14:07:09.163233,95.34,56,2,HIGH,2026-03-04T17:24:50.044767
WASH_TRADE,T0411,SOLUSDT,2026-01-06T14:43:45.837233,93.13,24,2,MEDIUM,2026-03-04T17:24:50.046423
WASH_TRADE,T0412,BTCUSDT,2026-01-06T14:54:03.703233,41996.69,58,2,HIGH,2026-03-04T17:24:50.053648
WASH_TRADE,T0412,BTCUSDT,2026-01-06T15:16:12.018233,41996.09,44,2,MEDIUM,2026-03-04T17:24:50.054630
WASH_TRADE,T0412,ETHUSDT,2026-01-06T13:28:30.533233,2295.8,44,2,MEDIUM,2026-03-04T17:24:50.056821
WASH_TRADE,T0412,ETHUSDT,2026-01-06T13:36:13.438233,2298.8,42,2,MEDIUM,2026-03-04T17:24:50.057361
WASH_TRADE,T0412,ETHUSDT,2026-01-06T14:27:13.099233,2302.16,58,2,HIGH,2026-03-04T17:24:50.059163
WASH_TRADE,T0412,ETHUSDT,2026-01-06T15:01:09.964233,2298.23,38,2,MEDIUM,2026-03-04T17:24:50.060205
WASH_TRADE,T0412,ETHUSDT,2026-01-06T15:19:18.992233,2301.59,42,2,MEDIUM,2026-03-04T17:24:50.060600
WASH_TRADE,T0412,SOLUSDT,2026-01-06T13:13:07.801233,95.97,26,2,MEDIUM,2026-03-04T17:24:50.062894
WASH_TRADE,T0412,SOLUSDT,2026-01-06T14:45:23.177233,97.08,54,2,HIGH,2026-03-04T17:24:50.066281
WASH_TRADE,T0412,SOLUSDT,2026-01-06T15:16:43.252233,95.0,28,2,MEDIUM,2026-03-04T17:24:50.067771
WASH_TRADE,T0412,SOLUSDT,2026-01-06T16:15:23.909233,98.79,50,2,MEDIUM,2026-03-04T17:24:50.070088
WASH_TRADE,T0413,BTCUSDT,2026-01-06T13:33:21.204233,41999.93,54,2,HIGH,2026-03-04T17:24:50.071026
WASH_TRADE,T0413,BTCUSDT,2026-01-06T14:08:42.200233,42001.36,20,2,MEDIUM,2026-03-04T17:24:50.072034
WASH_TRADE,T0413,BTCUSDT,2026-01-06T15:38:44.317233,42003.13,58,2,HIGH,2026-03-04T17:24:50.075505
WASH_TRADE,T0413,ETHUSDT,2026-01-06T14:13:59.711233,2302.3,52,2,HIGH,2026-03-04T17:24:50.078440
WASH_TRADE,T0413,SOLUSDT,2026-01-06T14:12:23.871233,93.84,38,2,MEDIUM,2026-03-04T17:24:50.084101
WASH_TRADE,T0413,SOLUSDT,2026-01-06T14:41:59.418233,94.18,34,2,MEDIUM,2026-03-04T17:24:50.084817
WASH_TRADE,T0413,SOLUSDT,2026-01-06T15:19:00.167233,94.65,38,2,MEDIUM,2026-03-04T17:24:50.086233
WASH_TRADE,T0413,SOLUSDT,2026-01-06T15:58:46.560233,95.15,44,2,MEDIUM,2026-03-04T17:24:50.087324
WASH_TRADE,T0414,ETHUSDT,2026-01-06T15:06:23.572233,2300.52,42,2,MEDIUM,2026-03-04T17:24:50.098346
WASH_TRADE,T0414,SOLUSDT,2026-01-06T13:49:41.219233,93.93,36,2,MEDIUM,2026-03-04T17:24:50.102272
WASH_TRADE,T0414,SOLUSDT,2026-01-06T13:49:41.437233,96.33,20,2,MEDIUM,2026-03-04T17:24:50.102344
WASH_TRADE,T0414,SOLUSDT,2026-01-06T15:17:03.762233,91.06,56,2,HIGH,2026-03-04T17:24:50.105230
WASH_TRADE,T0415,BTCUSDT,2026-01-06T13:19:03.533233,41999.1,46,2,MEDIUM,2026-03-04T17:24:50.107791
WASH_TRADE,T0415,BTCUSDT,2026-01-06T14:20:14.709233,41998.51,36,2,MEDIUM,2026-03-04T17:24:50.109895
WASH_TRADE,T0415,BTCUSDT,2026-01-06T14:46:16.661233,41998.27,42,2,MEDIUM,2026-03-04T17:24:50.110513
WASH_TRADE,T0415,BTCUSDT,2026-01-06T16:12:19.561233,42002.51,36,2,MEDIUM,2026-03-04T17:24:50.113879
WASH_TRADE,T0415,BTCUSDT,2026-01-06T16:14:30.287233,42004.96,36,2,MEDIUM,2026-03-04T17:24:50.113953
WASH_TRADE,T0415,ETHUSDT,2026-01-06T14:06:00.279233,2297.86,20,2,MEDIUM,2026-03-04T17:24:50.115971
WASH_TRADE,T0415,ETHUSDT,2026-01-06T14:17:56.672233,2301.13,50,2,MEDIUM,2026-03-04T17:24:50.116478
WASH_TRADE,T0415,ETHUSDT,2026-01-06T15:14:51.195233,2300.28,36,2,MEDIUM,2026-03-04T17:24:50.118582
WASH_TRADE,T0415,ETHUSDT,2026-01-06T16:07:32.265233,2301.27,20,2,MEDIUM,2026-03-04T17:24:50.120829
WASH_TRADE,T0415,SOLUSDT,2026-01-06T14:13:47.548233,97.38,28,2,MEDIUM,2026-03-04T17:24:50.122522
WASH_TRADE,T0415,SOLUSDT,2026-01-06T15:31:37.198233,95.05,50,2,MEDIUM,2026-03-04T17:24:50.125941
WASH_TRADE,T0415,SOLUSDT,2026-01-06T15:32:58.211233,93.32,26,2,MEDIUM,2026-03-04T17:24:50.126062
WASH_TRADE,T0416,BTCUSDT,2026-01-06T16:09:55.570233,42001.45,48,2,MEDIUM,2026-03-04T17:24:50.133772
WASH_TRADE,T0416,ETHUSDT,2026-01-06T13:21:45.586233,2298.77,48,2,MEDIUM,2026-03-04T17:24:50.134417
WASH_TRADE,T0416,ETHUSDT,2026-01-06T13:48:01.035233,2300.27,36,2,MEDIUM,2026-03-04T17:24:50.135423
WASH_TRADE,T0416,ETHUSDT,2026-01-06T16:05:42.000233,2301.12,48,2,MEDIUM,2026-03-04T17:24:50.141220
WASH_TRADE,T0416,SOLUSDT,2026-01-06T14:39:48.728233,95.52,44,2,MEDIUM,2026-03-04T17:24:50.145148
WASH_TRADE,T0417,BTCUSDT,2026-01-06T13:18:28.687233,42002.53,40,2,MEDIUM,2026-03-04T17:24:50.148706
WASH_TRADE,T0417,BTCUSDT,2026-01-06T13:19:51.553233,42000.99,42,2,MEDIUM,2026-03-04T17:24:50.148758
WASH_TRADE,T0417,BTCUSDT,2026-01-06T13:47:54.293233,41998.04,40,2,MEDIUM,2026-03-04T17:24:50.149781
WASH_TRADE,T0417,BTCUSDT,2026-01-06T14:43:19.575233,41999.71,24,2,MEDIUM,2026-03-04T17:24:50.151421
WASH_TRADE,T0417,BTCUSDT,2026-01-06T15:46:14.859233,41999.78,22,2,MEDIUM,2026-03-04T17:24:50.154074
WASH_TRADE,T0417,ETHUSDT,2026-01-06T15:27:15.128233,2298.31,32,2,MEDIUM,2026-03-04T17:24:50.159202
WASH_TRADE,T0417,SOLUSDT,2026-01-06T14:02:48.875233,95.21,38,2,MEDIUM,2026-03-04T17:24:50.162908
WASH_TRADE,T0417,SOLUSDT,2026-01-06T14:43:13.843233,94.46,24,2,MEDIUM,2026-03-04T17:24:50.164295
WASH_TRADE,T0418,BTCUSDT,2026-01-06T14:02:05.110233,42001.74,24,2,MEDIUM,2026-03-04T17:24:50.169137
WASH_TRADE,T0418,BTCUSDT,2026-01-06T15:10:38.284233,41998.56,48,2,MEDIUM,2026-03-04T17:24:50.171978
WASH_TRADE,T0418,ETHUSDT,2026-01-06T13:47:35.647233,2299.61,34,2,MEDIUM,2026-03-04T17:24:50.175080
WASH_TRADE,T0418,ETHUSDT,2026-01-06T15:31:01.209233,2300.14,40,2,MEDIUM,2026-03-04T17:24:50.178366
WASH_TRADE,T0418,SOLUSDT,2026-01-06T13:17:37.261233,95.75,44,2,MEDIUM,2026-03-04T17:24:50.179741
WASH_TRADE,T0418,SOLUSDT,2026-01-06T13:27:35.764233,97.36,28,2,MEDIUM,2026-03-04T17:24:50.180208
WASH_TRADE,T0418,SOLUSDT,2026-01-06T14:24:34.444233,97.1,50,2,MEDIUM,2026-03-04T17:24:50.181711
WASH_TRADE,T0418,SOLUSDT,2026-01-06T15:01:05.548233,95.04,24,2,MEDIUM,2026-03-04T17:24:50.182926
WASH_TRADE,T0419,BTCUSDT,2026-01-06T13:41:37.011233,42002.51,26,2,MEDIUM,2026-03-04T17:24:50.186561
WASH_TRADE,T0419,ETHUSDT,2026-01-06T13:21:47.340233,2298.53,24,2,MEDIUM,2026-03-04T17:24:50.191079
WASH_TRADE,T0419,SOLUSDT,2026-01-06T13:16:35.627233,95.74,46,2,MEDIUM,2026-03-04T17:24:50.195980
WASH_TRADE,T0419,SOLUSDT,2026-01-06T13:55:48.065233,96.56,22,2,MEDIUM,2026-03-04T17:24:50.197896
WASH_TRADE,T0419,SOLUSDT,2026-01-06T14:03:18.290233,98.69,52,2,HIGH,2026-03-04T17:24:50.198143
WASH_TRADE,T0419,SOLUSDT,2026-01-06T15:24:28.067233,95.6,42,2,MEDIUM,2026-03-04T17:24:50.200702
WASH_TRADE,T0419,SOLUSDT,2026-01-06T16:00:41.982233,99.26,28,2,MEDIUM,2026-03-04T17:24:50.201538
WASH_TRADE,T0420,BTCUSDT,2026-01-06T14:12:08.034233,41997.5,40,2,MEDIUM,2026-03-04T17:24:50.203589
WASH_TRADE,T0420,BTCUSDT,2026-01-06T15:57:21.560233,42001.58,26,2,MEDIUM,2026-03-04T17:24:50.207254
WASH_TRADE,T0420,BTCUSDT,2026-01-06T16:06:53.084233,42000.95,60,2,HIGH,2026-03-04T17:24:50.207528
WASH_TRADE,T0420,ETHUSDT,2026-01-06T13:41:37.320233,2298.75,20,2,MEDIUM,2026-03-04T17:24:50.208715
WASH_TRADE,T0420,ETHUSDT,2026-01-06T13:50:40.182233,2299.06,58,2,HIGH,2026-03-04T17:24:50.208997
WASH_TRADE,T0420,ETHUSDT,2026-01-06T14:02:37.223233,2300.7,60,2,HIGH,2026-03-04T17:24:50.209463
WASH_TRADE,T0420,ETHUSDT,2026-01-06T15:16:39.675233,2296.94,26,2,MEDIUM,2026-03-04T17:24:50.211458
WASH_TRADE,T0420,SOLUSDT,2026-01-06T13:58:19.050233,95.05,40,2,MEDIUM,2026-03-04T17:24:50.215274
WASH_TRADE,T0420,SOLUSDT,2026-01-06T15:15:54.716233,93.12,26,2,MEDIUM,2026-03-04T17:24:50.217760
WASH_TRADE,T0420,SOLUSDT,2026-01-06T15:43:24.798233,95.63,44,2,MEDIUM,2026-03-04T17:24:50.218638
WASH_TRADE,T0420,SOLUSDT,2026-01-06T15:53:01.241233,91.63,50,2,MEDIUM,2026-03-04T17:24:50.218872
WASH_TRADE,T0421,BTCUSDT,2026-01-06T14:29:33.114233,42001.21,22,2,MEDIUM,2026-03-04T17:24:50.221993
WASH_TRADE,T0421,BTCUSDT,2026-01-06T14:50:53.167233,42003.39,50,2,MEDIUM,2026-03-04T17:24:50.222726
WASH_TRADE,T0421,BTCUSDT,2026-01-06T15:03:01.239233,41999.39,60,2,HIGH,2026-03-04T17:24:50.223192
WASH_TRADE,T0421,ETHUSDT,2026-01-06T13:20:50.245233,2302.0,24,2,MEDIUM,2026-03-04T17:24:50.225561
WASH_TRADE,T0421,ETHUSDT,2026-01-06T15:47:58.456233,2299.58,20,2,MEDIUM,2026-03-04T17:24:50.231235
WASH_TRADE,T0421,ETHUSDT,2026-01-06T15:50:22.783233,2300.0,44,2,MEDIUM,2026-03-04T17:24:50.231382
WASH_TRADE,T0421,SOLUSDT,2026-01-06T13:54:43.454233,93.67,38,2,MEDIUM,2026-03-04T17:24:50.233685
WASH_TRADE,T0421,SOLUSDT,2026-01-06T14:16:29.462233,92.76,46,2,MEDIUM,2026-03-04T17:24:50.234299
WASH_TRADE,T0421,SOLUSDT,2026-01-06T15:09:34.647233,98.51,48,2,MEDIUM,2026-03-04T17:24:50.236531
WASH_TRADE,T0422,BTCUSDT,2026-01-06T13:39:36.019233,41998.86,46,2,MEDIUM,2026-03-04T17:24:50.239934
WASH_TRADE,T0422,BTCUSDT,2026-01-06T13:53:32.743233,41999.43,60,2,HIGH,2026-03-04T17:24:50.240646
WASH_TRADE,T0422,BTCUSDT,2026-01-06T14:05:30.689233,41999.95,46,2,MEDIUM,2026-03-04T17:24:50.241003
WASH_TRADE,T0422,BTCUSDT,2026-01-06T15:11:34.866233,41999.16,36,2,MEDIUM,2026-03-04T17:24:50.243917
WASH_TRADE,T0422,ETHUSDT,2026-01-06T14:22:07.925233,2301.34,24,2,MEDIUM,2026-03-04T17:24:50.248498
WASH_TRADE,T0422,ETHUSDT,2026-01-06T15:21:17.836233,2300.37,48,2,MEDIUM,2026-03-04T17:24:50.250146
WASH_TRADE,T0422,ETHUSDT,2026-01-06T16:08:31.528233,2299.4,50,2,MEDIUM,2026-03-04T17:24:50.251575
WASH_TRADE,T0422,SOLUSDT,2026-01-06T13:24:14.476233,92.03,50,2,MEDIUM,2026-03-04T17:24:50.252321
WASH_TRADE,T0422,SOLUSDT,2026-01-06T14:08:46.829233,95.79,48,2,MEDIUM,2026-03-04T17:24:50.254010
WASH_TRADE,T0422,SOLUSDT,2026-01-06T14:36:45.977233,91.22,50,2,MEDIUM,2026-03-04T17:24:50.254775
WASH_TRADE,T0422,SOLUSDT,2026-01-06T15:17:44.650233,94.64,60,2,HIGH,2026-03-04T17:24:50.255983
WASH_TRADE,T0422,SOLUSDT,2026-01-06T15:22:32.039233,94.82,44,2,MEDIUM,2026-03-04T17:24:50.256178
WASH_TRADE,T0422,SOLUSDT,2026-01-06T16:14:12.049233,91.54,46,2,MEDIUM,2026-03-04T17:24:50.258356
WASH_TRADE,T0423,BTCUSDT,2026-01-06T13:39:03.533233,42000.35,54,2,HIGH,2026-03-04T17:24:50.259592
WASH_TRADE,T0423,BTCUSDT,2026-01-06T15:11:22.127233,42001.27,42,2,MEDIUM,2026-03-04T17:24:50.262317
WASH_TRADE,T0423,BTCUSDT,2026-01-06T15:16:14.254233,41996.72,32,2,MEDIUM,2026-03-04T17:24:50.262522
WASH_TRADE,T0423,BTCUSDT,2026-01-06T16:08:38.498233,41997.95,50,2,MEDIUM,2026-03-04T17:24:50.264113
WASH_TRADE,T0423,BTCUSDT,2026-01-06T16:13:10.529233,42000.03,48,2,MEDIUM,2026-03-04T17:24:50.264311
WASH_TRADE,T0423,ETHUSDT,2026-01-06T13:43:52.998233,2299.51,38,2,MEDIUM,2026-03-04T17:24:50.265506
WASH_TRADE,T0423,ETHUSDT,2026-01-06T13:43:59.759233,2301.56,20,2,MEDIUM,2026-03-04T17:24:50.265554
WASH_TRADE,T0423,ETHUSDT,2026-01-06T14:36:09.846233,2302.1,36,2,MEDIUM,2026-03-04T17:24:50.267581
WASH_TRADE,T0423,ETHUSDT,2026-01-06T16:01:08.121233,2295.52,32,2,MEDIUM,2026-03-04T17:24:50.269950
WASH_TRADE,T0423,SOLUSDT,2026-01-06T13:32:52.832233,94.01,48,2,MEDIUM,2026-03-04T17:24:50.270709
WASH_TRADE,T0423,SOLUSDT,2026-01-06T15:52:09.234233,93.87,36,2,MEDIUM,2026-03-04T17:24:50.274842
WASH_TRADE,T0424,ETHUSDT,2026-01-06T14:23:16.468233,2297.62,42,2,MEDIUM,2026-03-04T17:24:50.285113
WASH_TRADE,T0424,ETHUSDT,2026-01-06T15:57:15.627233,2297.57,52,2,HIGH,2026-03-04T17:24:50.288229
WASH_TRADE,T0424,SOLUSDT,2026-01-06T14:51:22.316233,94.12,40,2,MEDIUM,2026-03-04T17:24:50.292052
WASH_TRADE,T0424,SOLUSDT,2026-01-06T15:34:29.666233,94.33,20,2,MEDIUM,2026-03-04T17:24:50.294125
WASH_TRADE,T0424,SOLUSDT,2026-01-06T15:36:14.662233,98.23,28,2,MEDIUM,2026-03-04T17:24:50.294199
WASH_TRADE,T0425,BTCUSDT,2026-01-06T13:22:50.218233,42002.72,60,2,HIGH,2026-03-04T17:24:50.296514
WASH_TRADE,T0425,BTCUSDT,2026-01-06T13:40:45.689233,42001.66,36,2,MEDIUM,2026-03-04T17:24:50.297229
WASH_TRADE,T0425,BTCUSDT,2026-01-06T14:02:10.444233,41998.69,32,2,MEDIUM,2026-03-04T17:24:50.298415
WASH_TRADE,T0425,BTCUSDT,2026-01-06T14:13:33.811233,41998.03,46,2,MEDIUM,2026-03-04T17:24:50.298857
WASH_TRADE,T0425,BTCUSDT,2026-01-06T14:42:57.932233,42001.19,48,2,MEDIUM,2026-03-04T17:24:50.299896
WASH_TRADE,T0425,ETHUSDT,2026-01-06T15:14:58.077233,2298.1,22,2,MEDIUM,2026-03-04T17:24:50.306997
WASH_TRADE,T0425,SOLUSDT,2026-01-06T15:30:54.072233,98.78,50,2,MEDIUM,2026-03-04T17:24:50.313984
WASH_TRADE,T0426,BTCUSDT,2026-01-06T15:05:20.193233,42000.73,32,2,MEDIUM,2026-03-04T17:24:50.319038
WASH_TRADE,T0426,BTCUSDT,2026-01-06T15:59:11.107233,41999.9,26,2,MEDIUM,2026-03-04T17:24:50.320620
WASH_TRADE,T0426,ETHUSDT,2026-01-06T14:55:08.041233,2300.72,32,2,MEDIUM,2026-03-04T17:24:50.324860
WASH_TRADE,T0426,ETHUSDT,2026-01-06T15:10:31.004233,2295.3,38,2,MEDIUM,2026-03-04T17:24:50.325500
WASH_TRADE,T0426,SOLUSDT,2026-01-06T14:23:07.485233,93.02,30,2,MEDIUM,2026-03-04T17:24:50.329789
WASH_TRADE,T0427,BTCUSDT,2026-01-06T14:53:40.179233,42001.6,22,2,MEDIUM,2026-03-04T17:24:50.337124
WASH_TRADE,T0427,BTCUSDT,2026-01-06T15:58:58.847233,42000.15,42,2,MEDIUM,2026-03-04T17:24:50.339377
WASH_TRADE,T0427,ETHUSDT,2026-01-06T15:43:37.024233,2295.39,54,2,HIGH,2026-03-04T17:24:50.344915
WASH_TRADE,T0427,SOLUSDT,2026-01-06T14:04:41.946233,95.26,48,2,MEDIUM,2026-03-04T17:24:50.348087
WASH_TRADE,T0427,SOLUSDT,2026-01-06T14:26:25.764233,91.15,34,2,MEDIUM,2026-03-04T17:24:50.349025
WASH_TRADE,T0427,SOLUSDT,2026-01-06T14:54:46.666233,94.61,58,2,HIGH,2026-03-04T17:24:50.349969
WASH_TRADE,T0427,SOLUSDT,2026-01-06T15:26:52.844233,93.58,20,2,MEDIUM,2026-03-04T17:24:50.350734
WASH_TRADE,T0428,BTCUSDT,2026-01-06T13:43:14.220233,41999.42,40,2,MEDIUM,2026-03-04T17:24:50.352957
WASH_TRADE,T0428,BTCUSDT,2026-01-06T14:11:42.568233,42000.63,22,2,MEDIUM,2026-03-04T17:24:50.354008
WASH_TRADE,T0428,BTCUSDT,2026-01-06T14:42:42.870233,41999.51,56,2,HIGH,2026-03-04T17:24:50.354832
WASH_TRADE,T0428,ETHUSDT,2026-01-06T13:47:30.963233,2299.98,50,2,MEDIUM,2026-03-04T17:24:50.360252
WASH_TRADE,T0428,ETHUSDT,2026-01-06T15:46:22.745233,2300.56,50,2,MEDIUM,2026-03-04T17:24:50.364050
WASH_TRADE,T0428,SOLUSDT,2026-01-06T14:02:39.227233,96.86,28,2,MEDIUM,2026-03-04T17:24:50.366153
WASH_TRADE,T0428,SOLUSDT,2026-01-06T14:10:29.309233,91.93,56,2,HIGH,2026-03-04T17:24:50.366397
WASH_TRADE,T0428,SOLUSDT,2026-01-06T15:57:25.067233,92.05,32,2,MEDIUM,2026-03-04T17:24:50.370986
WASH_TRADE,T0429,BTCUSDT,2026-01-06T13:34:18.889233,41998.01,56,2,HIGH,2026-03-04T17:24:50.372327
WASH_TRADE,T0429,BTCUSDT,2026-01-06T15:45:07.728233,42001.38,40,2,MEDIUM,2026-03-04T17:24:50.376405
WASH_TRADE,T0429,ETHUSDT,2026-01-06T13:52:29.577233,2296.51,26,2,MEDIUM,2026-03-04T17:24:50.378843
WASH_TRADE,T0429,ETHUSDT,2026-01-06T14:23:31.226233,2301.28,38,2,MEDIUM,2026-03-04T17:24:50.379724
WASH_TRADE,T0429,SOLUSDT,2026-01-06T15:24:17.906233,96.91,54,2,HIGH,2026-03-04T17:24:50.387968
WASH_TRADE,T0429,SOLUSDT,2026-01-06T16:09:22.051233,96.27,34,2,MEDIUM,2026-03-04T17:24:50.389504
WASH_TRADE,T0430,BTCUSDT,2026-01-06T14:04:05.149233,42002.25,56,2,HIGH,2026-03-04T17:24:50.391784
WASH_TRADE,T0430,ETHUSDT,2026-01-06T13:21:01.895233,2301.41,46,2,MEDIUM,2026-03-04T17:24:50.396630
WASH_TRADE,T0430,ETHUSDT,2026-01-06T15:19:44.556233,2298.56,60,2,HIGH,2026-03-04T17:24:50.400923
WASH_TRADE,T0430,ETHUSDT,2026-01-06T15:56:24.643233,2301.26,20,2,MEDIUM,2026-03-04T17:24:50.402187
WASH_TRADE,T0430,SOLUSDT,2026-01-06T14:16:31.746233,99.54,42,2,MEDIUM,2026-03-04T17:24:50.405224
WASH_TRADE,T0430,SOLUSDT,2026-01-06T15:04:54.126233,94.23,54,2,HIGH,2026-03-04T17:24:50.406607
WASH_TRADE,T0430,SOLUSDT,2026-01-06T15:38:53.587233,94.35,52,2,HIGH,2026-03-04T17:24:50.408262
WASH_TRADE,T0431,BTCUSDT,2026-01-06T14:18:11.465233,42002.03,54,2,HIGH,2026-03-04T17:24:50.412045
WASH_TRADE,T0431,BTCUSDT,2026-01-06T14:19:00.829233,41998.01,22,2,MEDIUM,2026-03-04T17:24:50.412117
WASH_TRADE,T0431,BTCUSDT,2026-01-06T14:23:45.643233,41999.72,30,2,MEDIUM,2026-03-04T17:24:50.412317
WASH_TRADE,T0431,BTCUSDT,2026-01-06T15:39:19.652233,42000.46,26,2,MEDIUM,2026-03-04T17:24:50.415007
WASH_TRADE,T0431,BTCUSDT,2026-01-06T15:58:07.499233,42000.21,60,2,HIGH,2026-03-04T17:24:50.415426
WASH_TRADE,T0431,ETHUSDT,2026-01-06T13:18:24.420233,2298.2,44,2,MEDIUM,2026-03-04T17:24:50.415818
WASH_TRADE,T0431,ETHUSDT,2026-01-06T13:30:15.867233,2301.26,34,2,MEDIUM,2026-03-04T17:24:50.416260
WASH_TRADE,T0431,ETHUSDT,2026-01-06T14:11:28.726233,2304.67,24,2,MEDIUM,2026-03-04T17:24:50.417776
WASH_TRADE,T0431,ETHUSDT,2026-01-06T14:13:15.939233,2301.14,32,2,MEDIUM,2026-03-04T17:24:50.417872
WASH_TRADE,T0431,ETHUSDT,2026-01-06T14:14:24.280233,2298.0,28,2,MEDIUM,2026-03-04T17:24:50.417920
WASH_TRADE,T0431,ETHUSDT,2026-01-06T14:21:58.905233,2300.09,46,2,MEDIUM,2026-03-04T17:24:50.418130
WASH_TRADE,T0432,BTCUSDT,2026-01-06T13:18:46.056233,41997.98,26,2,MEDIUM,2026-03-04T17:24:50.429043
WASH_TRADE,T0432,BTCUSDT,2026-01-06T13:23:50.345233,42003.57,30,2,MEDIUM,2026-03-04T17:24:50.429381
WASH_TRADE,T0432,BTCUSDT,2026-01-06T13:39:19.408233,42000.24,30,2,MEDIUM,2026-03-04T17:24:50.430041
WASH_TRADE,T0432,BTCUSDT,2026-01-06T14:28:21.146233,41998.51,26,2,MEDIUM,2026-03-04T17:24:50.431903
WASH_TRADE,T0432,BTCUSDT,2026-01-06T15:11:59.252233,41997.54,36,2,MEDIUM,2026-03-04T17:24:50.433490
WASH_TRADE,T0432,SOLUSDT,2026-01-06T15:04:20.974233,96.5,44,2,MEDIUM,2026-03-04T17:24:50.445895
WASH_TRADE,T0432,SOLUSDT,2026-01-06T15:33:39.220233,100.26,48,2,MEDIUM,2026-03-04T17:24:50.446385
WASH_TRADE,T0432,SOLUSDT,2026-01-06T15:39:22.958233,93.16,60,2,HIGH,2026-03-04T17:24:50.446579
WASH_TRADE,T0433,BTCUSDT,2026-01-06T14:02:42.276233,42005.16,54,2,HIGH,2026-03-04T17:24:50.449662
WASH_TRADE,T0433,BTCUSDT,2026-01-06T14:34:17.173233,41999.28,56,2,HIGH,2026-03-04T17:24:50.450266
WASH_TRADE,T0433,BTCUSDT,2026-01-06T15:02:55.673233,41997.42,44,2,MEDIUM,2026-03-04T17:24:50.451351
WASH_TRADE,T0433,BTCUSDT,2026-01-06T15:49:39.187233,42002.63,28,2,MEDIUM,2026-03-04T17:24:50.453134
WASH_TRADE,T0433,BTCUSDT,2026-01-06T16:06:05.633233,41999.23,30,2,MEDIUM,2026-03-04T17:24:50.453579
WASH_TRADE,T0433,ETHUSDT,2026-01-06T15:49:41.661233,2299.78,58,2,HIGH,2026-03-04T17:24:50.458803
WASH_TRADE,T0433,ETHUSDT,2026-01-06T16:12:01.500233,2302.53,56,2,HIGH,2026-03-04T17:24:50.459513
WASH_TRADE,T0433,SOLUSDT,2026-01-06T13:12:49.175233,92.12,50,2,MEDIUM,2026-03-04T17:24:50.459609
WASH_TRADE,T0433,SOLUSDT,2026-01-06T14:27:58.776233,94.77,54,2,HIGH,2026-03-04T17:24:50.461660
WASH_TRADE,T0434,BTCUSDT,2026-01-06T13:24:23.590233,42000.63,20,2,MEDIUM,2026-03-04T17:24:50.465078
WASH_TRADE,T0434,BTCUSDT,2026-01-06T13:28:44.152233,41997.71,56,2,HIGH,2026-03-04T17:24:50.465151
WASH_TRADE,T0434,BTCUSDT,2026-01-06T14:40:20.323233,41998.97,56,2,HIGH,2026-03-04T17:24:50.467587
WASH_TRADE,T0434,ETHUSDT,2026-01-06T15:03:32.576233,2299.83,34,2,MEDIUM,2026-03-04T17:24:50.473864
WASH_TRADE,T0434,ETHUSDT,2026-01-06T15:04:23.356233,2300.8,52,2,HIGH,2026-03-04T17:24:50.473988
WASH_TRADE,T0434,SOLUSDT,2026-01-06T13:35:29.508233,94.87,48,2,MEDIUM,2026-03-04T17:24:50.477045
WASH_TRADE,T0434,SOLUSDT,2026-01-06T13:44:28.410233,94.62,30,2,MEDIUM,2026-03-04T17:24:50.477341
WASH_TRADE,T0434,SOLUSDT,2026-01-06T16:07:45.617233,94.35,38,2,MEDIUM,2026-03-04T17:24:50.481831
WASH_TRADE,T0435,ETHUSDT,2026-01-06T13:54:06.706233,2300.32,34,2,MEDIUM,2026-03-04T17:24:50.507335
WASH_TRADE,T0435,ETHUSDT,2026-01-06T15:14:01.422233,2303.52,50,2,MEDIUM,2026-03-04T17:24:50.510158
WASH_TRADE,T0435,ETHUSDT,2026-01-06T15:30:30.205233,2299.12,60,2,HIGH,2026-03-04T17:24:50.510868
WASH_TRADE,T0435,SOLUSDT,2026-01-06T13:57:20.077233,94.21,36,2,MEDIUM,2026-03-04T17:24:50.515950
WASH_TRADE,T0435,SOLUSDT,2026-01-06T15:57:23.235233,94.11,28,2,MEDIUM,2026-03-04T17:24:50.519736
WASH_TRADE,T0436,BTCUSDT,2026-01-06T13:19:49.334233,42001.94,42,2,MEDIUM,2026-03-04T17:24:50.520572
WASH_TRADE,T0436,BTCUSDT,2026-01-06T14:03:00.629233,41999.29,24,2,MEDIUM,2026-03-04T17:24:50.522345
WASH_TRADE,T0436,BTCUSDT,2026-01-06T14:15:35.309233,41999.56,44,2,MEDIUM,2026-03-04T17:24:50.522733
WASH_TRADE,T0436,BTCUSDT,2026-01-06T14:59:47.926233,41999.17,48,2,MEDIUM,2026-03-04T17:24:50.524612
WASH_TRADE,T0436,ETHUSDT,2026-01-06T16:08:12.657233,2300.74,36,2,MEDIUM,2026-03-04T17:24:50.533559
WASH_TRADE,T0436,SOLUSDT,2026-01-06T14:27:46.662233,96.39,44,2,MEDIUM,2026-03-04T17:24:50.536631
WASH_TRADE,T0437,BTCUSDT,2026-01-06T13:39:29.541233,42000.61,26,2,MEDIUM,2026-03-04T17:24:50.540606
WASH_TRADE,T0437,BTCUSDT,2026-01-06T14:17:13.755233,42002.16,38,2,MEDIUM,2026-03-04T17:24:50.541819
WASH_TRADE,T0437,BTCUSDT,2026-01-06T15:22:47.505233,41999.93,28,2,MEDIUM,2026-03-04T17:24:50.544371
WASH_TRADE,T0437,ETHUSDT,2026-01-06T15:07:50.222233,2300.22,44,2,MEDIUM,2026-03-04T17:24:50.550294
WASH_TRADE,T0437,SOLUSDT,2026-01-06T13:14:40.312233,96.27,42,2,MEDIUM,2026-03-04T17:24:50.554064
WASH_TRADE,T0437,SOLUSDT,2026-01-06T14:43:18.674233,94.0,40,2,MEDIUM,2026-03-04T17:24:50.557994
WASH_TRADE,T0437,SOLUSDT,2026-01-06T15:20:08.878233,95.67,48,2,MEDIUM,2026-03-04T17:24:50.559763
WASH_TRADE,T0437,SOLUSDT,2026-01-06T16:07:51.980233,95.83,42,2,MEDIUM,2026-03-04T17:24:50.562009
WASH_TRADE,T0438,BTCUSDT,2026-01-06T13:18:22.519233,42002.83,60,2,HIGH,2026-03-04T17:24:50.562605
WASH_TRADE,T0438,BTCUSDT,2026-01-06T13:34:59.854233,41999.32,60,2,HIGH,2026-03-04T17:24:50.563196
WASH_TRADE,T0438,BTCUSDT,2026-01-06T14:27:46.300233,42002.42,48,2,MEDIUM,2026-03-04T17:24:50.565538
WASH_TRADE,T0438,BTCUSDT,2026-01-06T14:32:21.904233,42003.04,30,2,MEDIUM,2026-03-04T17:24:50.565725
WASH_TRADE,T0438,ETHUSDT,2026-01-06T13:57:44.336233,2298.4,38,2,MEDIUM,2026-03-04T17:24:50.572745
WASH_TRADE,T0438,ETHUSDT,2026-01-06T14:22:34.178233,2297.72,28,2,MEDIUM,2026-03-04T17:24:50.573728
WASH_TRADE,T0438,ETHUSDT,2026-01-06T14:41:14.005233,2299.35,24,2,MEDIUM,2026-03-04T17:24:50.574920
WASH_TRADE,T0438,SOLUSDT,2026-01-06T13:42:51.389233,95.78,40,2,MEDIUM,2026-03-04T17:24:50.582628
WASH_TRADE,T0438,SOLUSDT,2026-01-06T14:23:42.088233,97.98,52,2,HIGH,2026-03-04T17:24:50.584344
WASH_TRADE,T0439,BTCUSDT,2026-01-06T15:01:39.504233,41997.77,42,2,MEDIUM,2026-03-04T17:24:50.594651
WASH_TRADE,T0439,BTCUSDT,2026-01-06T15:23:06.629233,41999.75,38,2,MEDIUM,2026-03-04T17:24:50.595847
WASH_TRADE,T0439,BTCUSDT,2026-01-06T15:40:34.991233,42002.11,34,2,MEDIUM,2026-03-04T17:24:50.597151
WASH_TRADE,T0439,BTCUSDT,2026-01-06T16:02:25.326233,41997.32,34,2,MEDIUM,2026-03-04T17:24:50.597994
WASH_TRADE,T0439,ETHUSDT,2026-01-06T15:41:59.908233,2299.38,24,2,MEDIUM,2026-03-04T17:24:50.604458
WASH_TRADE,T0440,BTCUSDT,2026-01-06T13:53:03.961233,42002.37,40,2,MEDIUM,2026-03-04T17:24:50.615065
WASH_TRADE,T0440,BTCUSDT,2026-01-06T15:38:22.838233,41995.88,52,2,HIGH,2026-03-04T17:24:50.619767
WASH_TRADE,T0440,ETHUSDT,2026-01-06T13:19:28.440233,2300.14,34,2,MEDIUM,2026-03-04T17:24:50.621466
WASH_TRADE,T0440,ETHUSDT,2026-01-06T14:27:07.371233,2299.87,56,2,HIGH,2026-03-04T17:24:50.624599
WASH_TRADE,T0440,ETHUSDT,2026-01-06T15:34:07.776233,2302.86,20,2,MEDIUM,2026-03-04T17:24:50.627141
WASH_TRADE,T0440,ETHUSDT,2026-01-06T15:50:28.664233,2298.05,54,2,HIGH,2026-03-04T17:24:50.627515
WASH_TRADE,T0440,SOLUSDT,2026-01-06T14:47:37.581233,96.99,56,2,HIGH,2026-03-04T17:24:50.632199
WASH_TRADE,T0440,SOLUSDT,2026-01-06T14:59:52.022233,94.27,44,2,MEDIUM,2026-03-04T17:24:50.632807
WASH_TRADE,T0440,SOLUSDT,2026-01-06T15:35:59.693233,92.97,54,2,HIGH,2026-03-04T17:24:50.634003
WASH_TRADE,T0440,SOLUSDT,2026-01-06T15:40:33.478233,94.99,42,2,MEDIUM,2026-03-04T17:24:50.634217
WASH_TRADE,T0440,SOLUSDT,2026-01-06T16:07:54.077233,92.79,44,2,MEDIUM,2026-03-04T17:24:50.635315
WASH_TRADE,T0441,BTCUSDT,2026-01-06T13:16:24.009233,41999.76,46,2,MEDIUM,2026-03-04T17:24:50.635796
WASH_TRADE,T0441,BTCUSDT,2026-01-06T14:10:03.559233,41999.81,26,2,MEDIUM,2026-03-04T17:24:50.637606
WASH_TRADE,T0441,ETHUSDT,2026-01-06T14:34:19.174233,2303.49,34,2,MEDIUM,2026-03-04T17:24:50.644735
WASH_TRADE,T0441,SOLUSDT,2026-01-06T15:49:43.157233,97.99,52,2,HIGH,2026-03-04T17:24:50.653986
WASH_TRADE,T0442,BTCUSDT,2026-01-06T13:41:11.980233,42002.41,34,2,MEDIUM,2026-03-04T17:24:50.655841
WASH_TRADE,T0442,BTCUSDT,2026-01-06T14:57:41.917233,41998.78,38,2,MEDIUM,2026-03-04T17:24:50.659149
WASH_TRADE,T0442,BTCUSDT,2026-01-06T15:31:42.451233,41999.48,26,2,MEDIUM,2026-03-04T17:24:50.660225
WASH_TRADE,T0442,BTCUSDT,2026-01-06T15:34:40.096233,42001.66,54,2,HIGH,2026-03-04T17:24:50.660300
WASH_TRADE,T0442,ETHUSDT,2026-01-06T13:54:33.041233,2298.43,56,2,HIGH,2026-03-04T17:24:50.662690
WASH_TRADE,T0442,ETHUSDT,2026-01-06T14:41:14.418233,2300.14,34,2,MEDIUM,2026-03-04T17:24:50.664025
WASH_TRADE,T0442,ETHUSDT,2026-01-06T15:37:23.529233,2297.17,46,2,MEDIUM,2026-03-04T17:24:50.665997
WASH_TRADE,T0442,SOLUSDT,2026-01-06T15:03:23.105233,93.85,20,2,MEDIUM,2026-03-04T17:24:50.671865
WASH_TRADE,T0443,BTCUSDT,2026-01-06T14:36:18.925233,42000.7,30,2,MEDIUM,2026-03-04T17:24:50.678033
WASH_TRADE,T0443,BTCUSDT,2026-01-06T15:28:37.552233,42000.7,26,2,MEDIUM,2026-03-04T17:24:50.679915
WASH_TRADE,T0443,ETHUSDT,2026-01-06T13:32:02.499233,2301.16,36,2,MEDIUM,2026-03-04T17:24:50.682782
WASH_TRADE,T0443,ETHUSDT,2026-01-06T14:02:59.395233,2296.4,42,2,MEDIUM,2026-03-04T17:24:50.684342
WASH_TRADE,T0443,ETHUSDT,2026-01-06T14:09:34.219233,2300.89,58,2,HIGH,2026-03-04T17:24:50.684604
WASH_TRADE,T0443,ETHUSDT,2026-01-06T14:17:20.528233,2300.08,20,2,MEDIUM,2026-03-04T17:24:50.684855
WASH_TRADE,T0443,ETHUSDT,2026-01-06T15:01:47.878233,2301.89,52,2,HIGH,2026-03-04T17:24:50.687952
WASH_TRADE,T0444,BTCUSDT,2026-01-06T14:12:16.639233,42002.51,58,2,HIGH,2026-03-04T17:24:50.700978
WASH_TRADE,T0444,BTCUSDT,2026-01-06T15:32:00.275233,41998.21,50,2,MEDIUM,2026-03-04T17:24:50.703929
WASH_TRADE,T0444,ETHUSDT,2026-01-06T16:00:40.173233,2298.39,34,2,MEDIUM,2026-03-04T17:24:50.712227
WASH_TRADE,T0444,SOLUSDT,2026-01-06T13:32:27.617233,95.47,48,2,MEDIUM,2026-03-04T17:24:50.713812
WASH_TRADE,T0444,SOLUSDT,2026-01-06T13:47:20.029233,96.4,60,2,HIGH,2026-03-04T17:24:50.714393
WASH_TRADE,T0444,SOLUSDT,2026-01-06T14:53:45.159233,93.54,48,2,MEDIUM,2026-03-04T17:24:50.717946
WASH_TRADE,T0444,SOLUSDT,2026-01-06T15:21:33.828233,94.07,22,2,MEDIUM,2026-03-04T17:24:50.719862
WASH_TRADE,T0445,BTCUSDT,2026-01-06T13:47:11.514233,42003.01,40,2,MEDIUM,2026-03-04T17:24:50.722873
WASH_TRADE,T0445,BTCUSDT,2026-01-06T14:39:37.154233,41999.88,24,2,MEDIUM,2026-03-04T17:24:50.724888
WASH_TRADE,T0445,ETHUSDT,2026-01-06T15:04:33.354233,2299.98,34,2,MEDIUM,2026-03-04T17:24:50.733469
WASH_TRADE,T0445,ETHUSDT,2026-01-06T15:21:00.637233,2302.0,42,2,MEDIUM,2026-03-04T17:24:50.734332
WASH_TRADE,T0445,ETHUSDT,2026-01-06T15:34:40.677233,2299.28,42,2,MEDIUM,2026-03-04T17:24:50.735052
WASH_TRADE,T0445,SOLUSDT,2026-01-06T14:02:23.421233,96.31,46,2,MEDIUM,2026-03-04T17:24:50.739915
WASH_TRADE,T0445,SOLUSDT,2026-01-06T14:08:29.964233,95.07,30,2,MEDIUM,2026-03-04T17:24:50.740155
WASH_TRADE,T0446,BTCUSDT,2026-01-06T13:34:29.263233,42001.8,20,2,MEDIUM,2026-03-04T17:24:50.746467
WASH_TRADE,T0446,BTCUSDT,2026-01-06T13:50:23.516233,41995.14,24,2,MEDIUM,2026-03-04T17:24:50.747168
WASH_TRADE,T0446,BTCUSDT,2026-01-06T14:35:06.472233,42000.32,36,2,MEDIUM,2026-03-04T17:24:50.748859
WASH_TRADE,T0446,BTCUSDT,2026-01-06T14:35:13.965233,42001.25,58,2,HIGH,2026-03-04T17:24:50.748916
WASH_TRADE,T0446,BTCUSDT,2026-01-06T14:37:32.497233,42001.14,46,2,MEDIUM,2026-03-04T17:24:50.749000
WASH_TRADE,T0446,BTCUSDT,2026-01-06T15:40:25.454233,42004.0,30,2,MEDIUM,2026-03-04T17:24:50.750821
WASH_TRADE,T0446,BTCUSDT,2026-01-06T15:49:27.997233,42000.26,24,2,MEDIUM,2026-03-04T17:24:50.751079
WASH_TRADE,T0446,ETHUSDT,2026-01-06T14:07:56.031233,2302.84,40,2,MEDIUM,2026-03-04T17:24:50.753954
WASH_TRADE,T0446,ETHUSDT,2026-01-06T14:42:52.046233,2299.28,48,2,MEDIUM,2026-03-04T17:24:50.755281
WASH_TRADE,T0446,ETHUSDT,2026-01-06T14:51:50.796233,2303.61,20,2,MEDIUM,2026-03-04T17:24:50.755983
WASH_TRADE,T0446,ETHUSDT,2026-01-06T14:55:04.883233,2303.01,38,2,MEDIUM,2026-03-04T17:24:50.756183
WASH_TRADE,T0446,ETHUSDT,2026-01-06T15:48:49.638233,2298.12,36,2,MEDIUM,2026-03-04T17:24:50.758156
WASH_TRADE,T0446,ETHUSDT,2026-01-06T16:15:03.162233,2300.93,26,2,MEDIUM,2026-03-04T17:24:50.759898
WASH_TRADE,T0446,SOLUSDT,2026-01-06T14:57:39.998233,96.63,22,2,MEDIUM,2026-03-04T17:24:50.763354
WASH_TRADE,T0447,BTCUSDT,2026-01-06T16:05:46.977233,41997.24,30,2,MEDIUM,2026-03-04T17:24:50.772953
WASH_TRADE,T0447,SOLUSDT,2026-01-06T14:52:25.565233,94.96,34,2,MEDIUM,2026-03-04T17:24:50.782973
WASH_TRADE,T0448,BTCUSDT,2026-01-06T13:33:16.101233,42001.2,30,2,MEDIUM,2026-03-04T17:24:50.787685
WASH_TRADE,T0448,BTCUSDT,2026-01-06T14:18:35.634233,41999.01,26,2,MEDIUM,2026-03-04T17:24:50.789503
WASH_TRADE,T0448,BTCUSDT,2026-01-06T14:33:00.259233,42004.26,50,2,MEDIUM,2026-03-04T17:24:50.789862
WASH_TRADE,T0448,ETHUSDT,2026-01-06T13:30:05.412233,2301.41,44,2,MEDIUM,2026-03-04T17:24:50.795015
WASH_TRADE,T0448,ETHUSDT,2026-01-06T16:02:26.366233,2300.91,42,2,MEDIUM,2026-03-04T17:24:50.801376
WASH_TRADE,T0448,SOLUSDT,2026-01-06T13:32:19.459233,97.53,26,2,MEDIUM,2026-03-04T17:24:50.802388
WASH_TRADE,T0448,SOLUSDT,2026-01-06T13:45:12.037233,96.47,28,2,MEDIUM,2026-03-04T17:24:50.802826
WASH_TRADE,T0448,SOLUSDT,2026-01-06T14:29:58.298233,95.64,56,2,HIGH,2026-03-04T17:24:50.804560
WASH_TRADE,T0448,SOLUSDT,2026-01-06T16:16:26.950233,95.47,56,2,HIGH,2026-03-04T17:24:50.808762
WASH_TRADE,T0449,BTCUSDT,2026-01-06T16:03:50.809233,42005.55,50,2,MEDIUM,2026-03-04T17:24:50.815905
WASH_TRADE,T0449,BTCUSDT,2026-01-06T16:09:42.339233,41999.49,46,2,MEDIUM,2026-03-04T17:24:50.816248
WASH_TRADE,T0449,ETHUSDT,2026-01-06T14:40:50.292233,2303.82,30,2,MEDIUM,2026-03-04T17:24:50.819593
WASH_TRADE,T0449,ETHUSDT,2026-01-06T15:59:43.155233,2298.31,46,2,MEDIUM,2026-03-04T17:24:50.822561
WASH_TRADE,T0449,SOLUSDT,2026-01-06T13:37:32.905233,96.54,26,2,MEDIUM,2026-03-04T17:24:50.824601
WASH_TRADE,T0449,SOLUSDT,2026-01-06T14:28:54.581233,96.79,48,2,MEDIUM,2026-03-04T17:24:50.826591
WASH_TRADE,T0449,SOLUSDT,2026-01-06T14:34:51.611233,92.41,46,2,MEDIUM,2026-03-04T17:24:50.826839
WASH_TRADE,T0450,ETHUSDT,2026-01-06T13:32:36.284233,2299.69,44,2,MEDIUM,2026-03-04T17:24:50.839715
WASH_TRADE,T0450,ETHUSDT,2026-01-06T13:40:53.357233,2300.42,44,2,MEDIUM,2026-03-04T17:24:50.840020
WASH_TRADE,T0451,BTCUSDT,2026-01-06T13:34:59.418233,42000.42,20,2,MEDIUM,2026-03-04T17:24:50.853115
WASH_TRADE,T0451,BTCUSDT,2026-01-06T13:59:15.120233,42000.0,44,2,MEDIUM,2026-03-04T17:24:50.854078
WASH_TRADE,T0451,ETHUSDT,2026-01-06T13:19:39.064233,2300.76,60,2,HIGH,2026-03-04T17:24:50.859842
WASH_TRADE,T0451,ETHUSDT,2026-01-06T14:23:56.760233,2300.16,56,2,HIGH,2026-03-04T17:24:50.862279
WASH_TRADE,T0451,ETHUSDT,2026-01-06T15:09:02.913233,2301.45,30,2,MEDIUM,2026-03-04T17:24:50.864120
WASH_TRADE,T0451,ETHUSDT,2026-01-06T15:47:09.116233,2304.46,54,2,HIGH,2026-03-04T17:24:50.866153
WASH_TRADE,T0451,ETHUSDT,2026-01-06T15:57:28.316233,2298.24,28,2,MEDIUM,2026-03-04T17:24:50.866587
WASH_TRADE,T0451,SOLUSDT,2026-01-06T15:57:24.477233,91.61,22,2,MEDIUM,2026-03-04T17:24:50.873049
WASH_TRADE,T0452,BTCUSDT,2026-01-06T13:28:58.405233,42001.66,40,2,MEDIUM,2026-03-04T17:24:50.874047
WASH_TRADE,T0452,BTCUSDT,2026-01-06T14:29:49.466233,41998.66,46,2,MEDIUM,2026-03-04T17:24:50.876088
WASH_TRADE,T0452,BTCUSDT,2026-01-06T14:46:25.863233,42003.22,40,2,MEDIUM,2026-03-04T17:24:50.876509
WASH_TRADE,T0452,ETHUSDT,2026-01-06T14:14:21.487233,2299.18,30,2,MEDIUM,2026-03-04T17:24:50.881668
WASH_TRADE,T0452,ETHUSDT,2026-01-06T14:16:06.829233,2296.83,28,2,MEDIUM,2026-03-04T17:24:50.881731
WASH_TRADE,T0452,SOLUSDT,2026-01-06T13:27:11.519233,95.25,58,2,HIGH,2026-03-04T17:24:50.886403
WASH_TRADE,T0452,SOLUSDT,2026-01-06T13:35:24.019233,93.25,46,2,MEDIUM,2026-03-04T17:24:50.886660
WASH_TRADE,T0452,SOLUSDT,2026-01-06T15:44:25.172233,98.69,40,2,MEDIUM,2026-03-04T17:24:50.890718
WASH_TRADE,T0452,SOLUSDT,2026-01-06T15:53:07.004233,95.25,24,2,MEDIUM,2026-03-04T17:24:50.891198
WASH_TRADE,T0453,BTCUSDT,2026-01-06T15:26:17.889233,42000.43,52,2,HIGH,2026-03-04T17:24:50.897843
WASH_TRADE,T0453,BTCUSDT,2026-01-06T15:32:39.087233,41999.48,30,2,MEDIUM,2026-03-04T17:24:50.898615
WASH_TRADE,T0453,ETHUSDT,2026-01-06T15:15:41.391233,2300.22,36,2,MEDIUM,2026-03-04T17:24:50.905490
WASH_TRADE,T0453,SOLUSDT,2026-01-06T13:21:52.014233,95.43,58,2,HIGH,2026-03-04T17:24:50.908514
WASH_TRADE,T0453,SOLUSDT,2026-01-06T15:00:30.201233,96.33,34,2,MEDIUM,2026-03-04T17:24:50.911842
WASH_TRADE,T0453,SOLUSDT,2026-01-06T15:28:25.111233,94.36,32,2,MEDIUM,2026-03-04T17:24:50.913043
WASH_TRADE,T0453,SOLUSDT,2026-01-06T15:50:35.699233,98.15,34,2,MEDIUM,2026-03-04T17:24:50.913530
WASH_TRADE,T0453,SOLUSDT,2026-01-06T15:50:56.924233,95.62,44,2,MEDIUM,2026-03-04T17:24:50.913603
WASH_TRADE,T0454,BTCUSDT,2026-01-06T13:31:58.462233,41998.06,54,2,HIGH,2026-03-04T17:24:50.915400
WASH_TRADE,T0454,BTCUSDT,2026-01-06T15:41:44.874233,42000.02,50,2,MEDIUM,2026-03-04T17:24:50.920439
WASH_TRADE,T0454,ETHUSDT,2026-01-06T13:55:35.608233,2299.74,60,2,HIGH,2026-03-04T17:24:50.922657
WASH_TRADE,T0454,SOLUSDT,2026-01-06T16:04:11.624233,94.81,32,2,MEDIUM,2026-03-04T17:24:50.933172
WASH_TRADE,T0455,BTCUSDT,2026-01-06T13:52:19.830233,41999.36,56,2,HIGH,2026-03-04T17:24:50.935391
WASH_TRADE,T0455,BTCUSDT,2026-01-06T14:07:40.056233,42001.97,30,2,MEDIUM,2026-03-04T17:24:50.936475
WASH_TRADE,T0455,BTCUSDT,2026-01-06T14:24:06.006233,41999.32,26,2,MEDIUM,2026-03-04T17:24:50.937387
WASH_TRADE,T0455,BTCUSDT,2026-01-06T14:38:42.367233,41998.97,50,2,MEDIUM,2026-03-04T17:24:50.937983
WASH_TRADE,T0455,BTCUSDT,2026-01-06T15:19:58.326233,41999.77,56,2,HIGH,2026-03-04T17:24:50.939515
WASH_TRADE,T0455,BTCUSDT,2026-01-06T15:51:51.952233,42001.52,32,2,MEDIUM,2026-03-04T17:24:50.940800
WASH_TRADE,T0455,ETHUSDT,2026-01-06T14:16:37.638233,2296.72,56,2,HIGH,2026-03-04T17:24:50.944375
WASH_TRADE,T0455,ETHUSDT,2026-01-06T14:18:13.760233,2301.7,38,2,MEDIUM,2026-03-04T17:24:50.944557
WASH_TRADE,T0455,ETHUSDT,2026-01-06T14:50:11.420233,2298.01,46,2,MEDIUM,2026-03-04T17:24:50.945985
WASH_TRADE,T0455,SOLUSDT,2026-01-06T13:54:47.448233,93.24,52,2,HIGH,2026-03-04T17:24:50.950878
WASH_TRADE,T0455,SOLUSDT,2026-01-06T15:58:41.655233,96.09,26,2,MEDIUM,2026-03-04T17:24:50.955864
WASH_TRADE,T0456,BTCUSDT,2026-01-06T14:12:42.488233,41999.47,32,2,MEDIUM,2026-03-04T17:24:50.959473
WASH_TRADE,T0456,BTCUSDT,2026-01-06T14:41:20.288233,42002.08,58,2,HIGH,2026-03-04T17:24:50.960322
WASH_TRADE,T0456,BTCUSDT,2026-01-06T14:52:00.159233,42001.87,34,2,MEDIUM,2026-03-04T17:24:50.960707
WASH_TRADE,T0456,ETHUSDT,2026-01-06T13:53:53.352233,2304.53,38,2,MEDIUM,2026-03-04T17:24:50.964880
WASH_TRADE,T0456,ETHUSDT,2026-01-06T14:01:04.958233,2297.93,26,2,MEDIUM,2026-03-04T17:24:50.965249
WASH_TRADE,T0456,SOLUSDT,2026-01-06T14:09:49.680233,96.32,54,2,HIGH,2026-03-04T17:24:50.972879
WASH_TRADE,T0456,SOLUSDT,2026-01-06T15:24:12.045233,92.12,40,2,MEDIUM,2026-03-04T17:24:50.976010
WASH_TRADE,T0457,BTCUSDT,2026-01-06T14:49:36.703233,42000.12,52,2,HIGH,2026-03-04T17:24:50.981369
WASH_TRADE,T0457,ETHUSDT,2026-01-06T14:11:16.636233,2301.84,60,2,HIGH,2026-03-04T17:24:50.987564
WASH_TRADE,T0457,SOLUSDT,2026-01-06T13:13:02.417233,91.39,40,2,MEDIUM,2026-03-04T17:24:50.992487
WASH_TRADE,T0457,SOLUSDT,2026-01-06T13:45:06.067233,99.39,44,2,MEDIUM,2026-03-04T17:24:50.993739
WASH_TRADE,T0457,SOLUSDT,2026-01-06T13:50:58.512233,94.92,22,2,MEDIUM,2026-03-04T17:24:50.993936
WASH_TRADE,T0457,SOLUSDT,2026-01-06T13:55:59.153233,95.88,40,2,MEDIUM,2026-03-04T17:24:50.994132
WASH_TRADE,T0457,SOLUSDT,2026-01-06T14:35:48.588233,95.96,34,2,MEDIUM,2026-03-04T17:24:50.995477
WASH_TRADE,T0457,SOLUSDT,2026-01-06T15:21:04.498233,94.18,36,2,MEDIUM,2026-03-04T17:24:50.996990
WASH_TRADE,T0458,BTCUSDT,2026-01-06T13:48:50.756233,42000.42,30,2,MEDIUM,2026-03-04T17:24:51.000072
WASH_TRADE,T0458,BTCUSDT,2026-01-06T15:11:12.512233,41997.46,50,2,MEDIUM,2026-03-04T17:24:51.004071
WASH_TRADE,T0458,BTCUSDT,2026-01-06T16:05:34.673233,42002.13,26,2,MEDIUM,2026-03-04T17:24:51.005837
WASH_TRADE,T0458,ETHUSDT,2026-01-06T14:41:01.644233,2301.04,48,2,MEDIUM,2026-03-04T17:24:51.009230
WASH_TRADE,T0458,ETHUSDT,2026-01-06T15:49:21.500233,2300.07,38,2,MEDIUM,2026-03-04T17:24:51.011311
WASH_TRADE,T0458,SOLUSDT,2026-01-06T13:42:24.864233,96.62,60,2,HIGH,2026-03-04T17:24:51.013403
WASH_TRADE,T0458,SOLUSDT,2026-01-06T15:10:30.476233,95.75,20,2,MEDIUM,2026-03-04T17:24:51.016491
WASH_TRADE,T0459,BTCUSDT,2026-01-06T13:55:44.543233,42001.6,20,2,MEDIUM,2026-03-04T17:24:51.020459
WASH_TRADE,T0459,ETHUSDT,2026-01-06T16:02:58.447233,2301.1,34,2,MEDIUM,2026-03-04T17:24:51.033072
WASH_TRADE,T0459,SOLUSDT,2026-01-06T15:22:27.397233,96.49,22,2,MEDIUM,2026-03-04T17:24:51.039066
WASH_TRADE,T0459,SOLUSDT,2026-01-06T15:50:39.359233,96.2,32,2,MEDIUM,2026-03-04T17:24:51.039845
WASH_TRADE,T0460,BTCUSDT,2026-01-06T13:26:19.361233,42003.25,36,2,MEDIUM,2026-03-04T17:24:51.041202
WASH_TRADE,T0460,BTCUSDT,2026-01-06T13:40:10.740233,41998.36,44,2,MEDIUM,2026-03-04T17:24:51.041786
WASH_TRADE,T0460,BTCUSDT,2026-01-06T15:10:27.404233,42000.37,58,2,HIGH,2026-03-04T17:24:51.045136
WASH_TRADE,T0460,BTCUSDT,2026-01-06T15:37:40.488233,42000.78,48,2,MEDIUM,2026-03-04T17:24:51.046153
WASH_TRADE,T0460,BTCUSDT,2026-01-06T15:45:05.857233,42002.23,34,2,MEDIUM,2026-03-04T17:24:51.046436
WASH_TRADE,T0460,ETHUSDT,2026-01-06T14:19:00.913233,2301.34,54,2,HIGH,2026-03-04T17:24:51.050105
WASH_TRADE,T0460,ETHUSDT,2026-01-06T15:45:37.127233,2298.19,56,2,HIGH,2026-03-04T17:24:51.054413
WASH_TRADE,T0460,ETHUSDT,2026-01-06T16:14:20.944233,2299.31,50,2,MEDIUM,2026-03-04T17:24:51.055647
WASH_TRADE,T0460,ETHUSDT,2026-01-06T16:16:28.101233,2304.29,38,2,MEDIUM,2026-03-04T17:24:51.055697
WASH_TRADE,T0460,SOLUSDT,2026-01-06T13:56:40.137233,96.4,32,2,MEDIUM,2026-03-04T17:24:51.057758
WASH_TRADE,T0460,SOLUSDT,2026-01-06T14:36:49.536233,92.75,28,2,MEDIUM,2026-03-04T17:24:51.059679
WASH_TRADE,T0460,SOLUSDT,2026-01-06T15:05:39.456233,97.04,40,2,MEDIUM,2026-03-04T17:24:51.060371
WASH_TRADE,T0460,SOLUSDT,2026-01-06T15:37:19.432233,93.59,38,2,MEDIUM,2026-03-04T17:24:51.061219
WASH_TRADE,T0461,BTCUSDT,2026-01-06T15:00:42.419233,41996.08,26,2,MEDIUM,2026-03-04T17:24:51.066148
WASH_TRADE,T0461,ETHUSDT,2026-01-06T13:14:37.773233,2299.41,40,2,MEDIUM,2026-03-04T17:24:51.069136
WASH_TRADE,T0461,ETHUSDT,2026-01-06T13:23:42.521233,2299.69,58,2,HIGH,2026-03-04T17:24:51.069306
WASH_TRADE,T0461,ETHUSDT,2026-01-06T13:29:51.468233,2299.03,46,2,MEDIUM,2026-03-04T17:24:51.069680
WASH_TRADE,T0461,ETHUSDT,2026-01-06T13:38:39.728233,2299.01,40,2,MEDIUM,2026-03-04T17:24:51.069878
WASH_TRADE,T0461,ETHUSDT,2026-01-06T14:13:26.373233,2298.33,20,2,MEDIUM,2026-03-04T17:24:51.071897
WASH_TRADE,T0461,ETHUSDT,2026-01-06T14:27:59.850233,2302.95,28,2,MEDIUM,2026-03-04T17:24:51.072444
WASH_TRADE,T0461,ETHUSDT,2026-01-06T15:46:31.342233,2301.09,42,2,MEDIUM,2026-03-04T17:24:51.075517
WASH_TRADE,T0461,SOLUSDT,2026-01-06T13:41:05.164233,96.78,50,2,MEDIUM,2026-03-04T17:24:51.077657
WASH_TRADE,T0461,SOLUSDT,2026-01-06T13:49:51.137233,97.92,38,2,MEDIUM,2026-03-04T17:24:51.078184
WASH_TRADE,T0461,SOLUSDT,2026-01-06T15:28:58.007233,94.87,24,2,MEDIUM,2026-03-04T17:24:51.081913
WASH_TRADE,T0462,BTCUSDT,2026-01-06T14:28:28.161233,41999.19,60,2,HIGH,2026-03-04T17:24:51.086810
WASH_TRADE,T0462,BTCUSDT,2026-01-06T14:30:25.930233,42001.45,38,2,MEDIUM,2026-03-04T17:24:51.086913
WASH_TRADE,T0462,BTCUSDT,2026-01-06T15:16:19.708233,41997.42,52,2,HIGH,2026-03-04T17:24:51.088800
WASH_TRADE,T0462,ETHUSDT,2026-01-06T14:36:46.616233,2296.85,60,2,HIGH,2026-03-04T17:24:51.093605
WASH_TRADE,T0462,ETHUSDT,2026-01-06T15:43:40.250233,2299.76,42,2,MEDIUM,2026-03-04T17:24:51.095832
WASH_TRADE,T0462,ETHUSDT,2026-01-06T15:47:16.238233,2300.33,44,2,MEDIUM,2026-03-04T17:24:51.096030
WASH_TRADE,T0462,SOLUSDT,2026-01-06T14:21:38.399233,96.38,56,2,HIGH,2026-03-04T17:24:51.099765
WASH_TRADE,T0462,SOLUSDT,2026-01-06T15:48:24.259233,96.21,48,2,MEDIUM,2026-03-04T17:24:51.103165
WASH_TRADE,T0463,BTCUSDT,2026-01-06T13:17:09.967233,42000.29,52,2,HIGH,2026-03-04T17:24:51.104264
WASH_TRADE,T0463,BTCUSDT,2026-01-06T14:25:42.998233,42002.48,60,2,HIGH,2026-03-04T17:24:51.106939
WASH_TRADE,T0463,BTCUSDT,2026-01-06T15:09:02.302233,42001.04,58,2,HIGH,2026-03-04T17:24:51.108759
WASH_TRADE,T0463,ETHUSDT,2026-01-06T13:42:23.470233,2301.16,30,2,MEDIUM,2026-03-04T17:24:51.112630
WASH_TRADE,T0463,ETHUSDT,2026-01-06T15:56:48.225233,2300.95,22,2,MEDIUM,2026-03-04T17:24:51.117291
WASH_TRADE,T0463,SOLUSDT,2026-01-06T14:03:53.568233,94.77,42,2,MEDIUM,2026-03-04T17:24:51.119670
WASH_TRADE,T0464,BTCUSDT,2026-01-06T15:56:48.865233,41999.44,32,2,MEDIUM,2026-03-04T17:24:51.130589
WASH_TRADE,T0464,ETHUSDT,2026-01-06T13:49:48.669233,2300.48,28,2,MEDIUM,2026-03-04T17:24:51.132784
WASH_TRADE,T0464,ETHUSDT,2026-01-06T15:48:12.592233,2300.58,42,2,MEDIUM,2026-03-04T17:24:51.137955
WASH_TRADE,T0464,SOLUSDT,2026-01-06T14:04:05.866233,94.51,50,2,MEDIUM,2026-03-04T17:24:51.140942
WASH_TRADE,T0464,SOLUSDT,2026-01-06T14:18:11.412233,90.07,40,2,MEDIUM,2026-03-04T17:24:51.141477
WASH_TRADE,T0464,SOLUSDT,2026-01-06T15:45:36.746233,95.37,34,2,MEDIUM,2026-03-04T17:24:51.144311
WASH_TRADE,T0465,BTCUSDT,2026-01-06T14:34:05.834233,41998.37,50,2,MEDIUM,2026-03-04T17:24:51.148858
WASH_TRADE,T0465,ETHUSDT,2026-01-06T15:23:33.341233,2303.11,20,2,MEDIUM,2026-03-04T17:24:51.156609
WASH_TRADE,T0465,ETHUSDT,2026-01-06T15:41:45.293233,2300.36,48,2,MEDIUM,2026-03-04T17:24:51.157904
WASH_TRADE,T0465,ETHUSDT,2026-01-06T15:59:42.614233,2300.09,36,2,MEDIUM,2026-03-04T17:24:51.158451
WASH_TRADE,T0465,SOLUSDT,2026-01-06T14:44:01.704233,95.26,20,2,MEDIUM,2026-03-04T17:24:51.162275
WASH_TRADE,T0465,SOLUSDT,2026-01-06T15:08:34.601233,92.6,58,2,HIGH,2026-03-04T17:24:51.163211
WASH_TRADE,T0465,SOLUSDT,2026-01-06T15:12:24.919233,96.91,56,2,HIGH,2026-03-04T17:24:51.163495
WASH_TRADE,T0466,BTCUSDT,2026-01-06T13:41:52.298233,41997.84,56,2,HIGH,2026-03-04T17:24:51.167141
WASH_TRADE,T0466,BTCUSDT,2026-01-06T13:57:36.590233,42002.26,52,2,HIGH,2026-03-04T17:24:51.167640
WASH_TRADE,T0466,ETHUSDT,2026-01-06T13:25:46.300233,2302.72,20,2,MEDIUM,2026-03-04T17:24:51.172524
WASH_TRADE,T0466,ETHUSDT,2026-01-06T13:45:07.841233,2301.26,60,2,HIGH,2026-03-04T17:24:51.173205
WASH_TRADE,T0466,ETHUSDT,2026-01-06T15:37:23.028233,2301.87,54,2,HIGH,2026-03-04T17:24:51.177041
WASH_TRADE,T0466,ETHUSDT,2026-01-06T15:42:31.572233,2300.74,58,2,HIGH,2026-03-04T17:24:51.177115
WASH_TRADE,T0466,ETHUSDT,2026-01-06T15:47:25.984233,2300.51,36,2,MEDIUM,2026-03-04T17:24:51.177260
WASH_TRADE,T0466,SOLUSDT,2026-01-06T14:22:31.807233,95.34,42,2,MEDIUM,2026-03-04T17:24:51.180733
WASH_TRADE,T0466,SOLUSDT,2026-01-06T15:19:37.415233,96.1,50,2,MEDIUM,2026-03-04T17:24:51.201041
WASH_TRADE,T0466,SOLUSDT,2026-01-06T15:53:40.711233,90.63,24,2,MEDIUM,2026-03-04T17:24:51.201947
WASH_TRADE,T0467,BTCUSDT,2026-01-06T14:25:13.094233,41997.52,40,2,MEDIUM,2026-03-04T17:24:51.206295
WASH_TRADE,T0467,BTCUSDT,2026-01-06T14:43:07.246233,41999.09,38,2,MEDIUM,2026-03-04T17:24:51.206984
WASH_TRADE,T0467,BTCUSDT,2026-01-06T15:44:36.212233,41998.39,48,2,MEDIUM,2026-03-04T17:24:51.209174
WASH_TRADE,T0467,ETHUSDT,2026-01-06T13:51:09.458233,2302.98,28,2,MEDIUM,2026-03-04T17:24:51.211654
WASH_TRADE,T0467,ETHUSDT,2026-01-06T14:20:13.982233,2298.17,38,2,MEDIUM,2026-03-04T17:24:51.212377
WASH_TRADE,T0467,ETHUSDT,2026-01-06T15:41:25.931233,2298.42,56,2,HIGH,2026-03-04T17:24:51.215170
WASH_TRADE,T0467,SOLUSDT,2026-01-06T13:57:55.368233,94.73,36,2,MEDIUM,2026-03-04T17:24:51.217723
WASH_TRADE,T0467,SOLUSDT,2026-01-06T14:36:52.847233,97.79,22,2,MEDIUM,2026-03-04T17:24:51.219309
WASH_TRADE,T0467,SOLUSDT,2026-01-06T14:42:20.516233,94.82,26,2,MEDIUM,2026-03-04T17:24:51.219530
WASH_TRADE,T0467,SOLUSDT,2026-01-06T14:43:37.501233,94.05,48,2,MEDIUM,2026-03-04T17:24:51.219577
WASH_TRADE,T0468,BTCUSDT,2026-01-06T13:18:28.046233,41998.82,56,2,HIGH,2026-03-04T17:24:51.222623
WASH_TRADE,T0468,BTCUSDT,2026-01-06T13:46:34.918233,42001.27,40,2,MEDIUM,2026-03-04T17:24:51.223819
WASH_TRADE,T0468,BTCUSDT,2026-01-06T13:48:27.649233,42000.32,22,2,MEDIUM,2026-03-04T17:24:51.223904
WASH_TRADE,T0468,BTCUSDT,2026-01-06T14:36:44.133233,41998.56,20,2,MEDIUM,2026-03-04T17:24:51.225402
WASH_TRADE,T0468,BTCUSDT,2026-01-06T14:58:39.415233,41999.26,48,2,MEDIUM,2026-03-04T17:24:51.226322
WASH_TRADE,T0468,BTCUSDT,2026-01-06T15:04:32.231233,41998.99,50,2,MEDIUM,2026-03-04T17:24:51.226571
WASH_TRADE,T0468,BTCUSDT,2026-01-06T15:36:03.638233,41998.23,40,2,MEDIUM,2026-03-04T17:24:51.227523
WASH_TRADE,T0468,BTCUSDT,2026-01-06T15:47:37.162233,42000.42,20,2,MEDIUM,2026-03-04T17:24:51.228013
WASH_TRADE,T0468,BTCUSDT,2026-01-06T16:03:50.319233,41998.5,32,2,MEDIUM,2026-03-04T17:24:51.228831
WASH_TRADE,T0468,ETHUSDT,2026-01-06T15:28:51.878233,2298.69,22,2,MEDIUM,2026-03-04T17:24:51.232844
WASH_TRADE,T0468,ETHUSDT,2026-01-06T15:53:11.749233,2300.03,58,2,HIGH,2026-03-04T17:24:51.233886
WASH_TRADE,T0468,SOLUSDT,2026-01-06T13:59:49.663233,94.88,34,2,MEDIUM,2026-03-04T17:24:51.236878
WASH_TRADE,T0468,SOLUSDT,2026-01-06T15:22:48.625233,93.27,38,2,MEDIUM,2026-03-04T17:24:51.239741
WASH_TRADE,T0468,SOLUSDT,2026-01-06T16:08:51.410233,96.3,56,2,HIGH,2026-03-04T17:24:51.242129
WASH_TRADE,T0469,BTCUSDT,2026-01-06T13:18:41.411233,42001.53,20,2,MEDIUM,2026-03-04T17:24:51.242607
WASH_TRADE,T0469,ETHUSDT,2026-01-06T13:41:18.334233,2301.54,26,2,MEDIUM,2026-03-04T17:24:51.249971
WASH_TRADE,T0469,ETHUSDT,2026-01-06T14:40:14.165233,2300.59,38,2,MEDIUM,2026-03-04T17:24:51.252067
WASH_TRADE,T0469,ETHUSDT,2026-01-06T14:57:17.392233,2301.31,42,2,MEDIUM,2026-03-04T17:24:51.252817
WASH_TRADE,T0469,ETHUSDT,2026-01-06T15:10:23.534233,2302.23,30,2,MEDIUM,2026-03-04T17:24:51.253512
WASH_TRADE,T0469,ETHUSDT,2026-01-06T15:40:32.607233,2302.3,44,2,MEDIUM,2026-03-04T17:24:51.254417
WASH_TRADE,T0469,ETHUSDT,2026-01-06T15:42:34.346233,2297.11,48,2,MEDIUM,2026-03-04T17:24:51.254524
WASH_TRADE,T0469,SOLUSDT,2026-01-06T14:51:49.634233,96.66,50,2,MEDIUM,2026-03-04T17:24:51.259472
WASH_TRADE,T0469,SOLUSDT,2026-01-06T14:58:27.860233,95.7,40,2,MEDIUM,2026-03-04T17:24:51.259781
WASH_TRADE,T0469,SOLUSDT,2026-01-06T15:06:38.965233,94.17,42,2,MEDIUM,2026-03-04T17:24:51.260221
WASH_TRADE,T0471,BTCUSDT,2026-01-06T13:39:36.853233,42002.92,26,2,MEDIUM,2026-03-04T17:24:51.284596
WASH_TRADE,T0471,ETHUSDT,2026-01-06T13:40:42.853233,2300.24,58,2,HIGH,2026-03-04T17:24:51.290462
WASH_TRADE,T0471,ETHUSDT,2026-01-06T15:15:26.520233,2301.54,28,2,MEDIUM,2026-03-04T17:24:51.293870
WASH_TRADE,T0471,ETHUSDT,2026-01-06T16:13:23.959233,2299.59,34,2,MEDIUM,2026-03-04T17:24:51.296032
WASH_TRADE,T0471,SOLUSDT,2026-01-06T13:19:39.439233,96.92,24,2,MEDIUM,2026-03-04T17:24:51.296396
WASH_TRADE,T0471,SOLUSDT,2026-01-06T13:26:35.925233,92.82,24,2,MEDIUM,2026-03-04T17:24:51.296773
WASH_TRADE,T0472,BTCUSDT,2026-01-06T13:34:12.487233,41999.63,46,2,MEDIUM,2026-03-04T17:24:51.303684
WASH_TRADE,T0472,BTCUSDT,2026-01-06T14:29:26.121233,42000.89,58,2,HIGH,2026-03-04T17:24:51.306257
WASH_TRADE,T0472,BTCUSDT,2026-01-06T15:31:51.833233,41999.38,36,2,MEDIUM,2026-03-04T17:24:51.308999
WASH_TRADE,T0472,ETHUSDT,2026-01-06T13:39:15.095233,2297.86,58,2,HIGH,2026-03-04T17:24:51.311428
WASH_TRADE,T0472,ETHUSDT,2026-01-06T14:22:54.351233,2299.76,58,2,HIGH,2026-03-04T17:24:51.313265
WASH_TRADE,T0472,ETHUSDT,2026-01-06T14:26:16.002233,2298.42,48,2,MEDIUM,2026-03-04T17:24:51.313417
WASH_TRADE,T0472,ETHUSDT,2026-01-06T15:28:33.787233,2300.19,40,2,MEDIUM,2026-03-04T17:24:51.315255
WASH_TRADE,T0472,SOLUSDT,2026-01-06T14:40:31.080233,96.61,26,2,MEDIUM,2026-03-04T17:24:51.320475
WASH_TRADE,T0472,SOLUSDT,2026-01-06T15:56:54.653233,95.15,42,2,MEDIUM,2026-03-04T17:24:51.324569
WASH_TRADE,T0473,BTCUSDT,2026-01-06T14:03:01.889233,41999.95,52,2,HIGH,2026-03-04T17:24:51.327318
WASH_TRADE,T0473,BTCUSDT,2026-01-06T14:35:34.309233,42002.17,56,2,HIGH,2026-03-04T17:24:51.328553
WASH_TRADE,T0473,BTCUSDT,2026-01-06T15:02:41.050233,42000.98,32,2,MEDIUM,2026-03-04T17:24:51.329793
WASH_TRADE,T0473,BTCUSDT,2026-01-06T15:20:59.488233,42000.77,48,2,MEDIUM,2026-03-04T17:24:51.330701
WASH_TRADE,T0473,ETHUSDT,2026-01-06T14:41:23.584233,2302.64,36,2,MEDIUM,2026-03-04T17:24:51.336507
WASH_TRADE,T0473,ETHUSDT,2026-01-06T15:05:09.668233,2298.89,22,2,MEDIUM,2026-03-04T17:24:51.337242
WASH_TRADE,T0473,ETHUSDT,2026-01-06T15:55:08.095233,2297.53,44,2,MEDIUM,2026-03-04T17:24:51.339033
WASH_TRADE,T0473,SOLUSDT,2026-01-06T14:21:17.758233,94.89,36,2,MEDIUM,2026-03-04T17:24:51.341972
WASH_TRADE,T0473,SOLUSDT,2026-01-06T14:49:06.081233,98.29,36,2,MEDIUM,2026-03-04T17:24:51.342815
WASH_TRADE,T0474,BTCUSDT,2026-01-06T13:26:32.335233,42003.57,30,2,MEDIUM,2026-03-04T17:24:51.346489
WASH_TRADE,T0474,BTCUSDT,2026-01-06T15:00:45.063233,41997.88,24,2,MEDIUM,2026-03-04T17:24:51.350414
WASH_TRADE,T0474,BTCUSDT,2026-01-06T15:14:09.274233,41999.73,36,2,MEDIUM,2026-03-04T17:24:51.350776
WASH_TRADE,T0474,ETHUSDT,2026-01-06T13:15:56.956233,2299.87,30,2,MEDIUM,2026-03-04T17:24:51.352918
WASH_TRADE,T0474,ETHUSDT,2026-01-06T14:15:00.376233,2297.46,54,2,HIGH,2026-03-04T17:24:51.354954
WASH_TRADE,T0474,SOLUSDT,2026-01-06T13:25:00.513233,94.98,56,2,HIGH,2026-03-04T17:24:51.360819
WASH_TRADE,T0474,SOLUSDT,2026-01-06T14:53:14.837233,94.75,38,2,MEDIUM,2026-03-04T17:24:51.363554
WASH_TRADE,T0475,BTCUSDT,2026-01-06T14:03:01.546233,42000.62,40,2,MEDIUM,2026-03-04T17:24:51.367552
WASH_TRADE,T0475,BTCUSDT,2026-01-06T15:06:59.759233,42002.35,20,2,MEDIUM,2026-03-04T17:24:51.369515
WASH_TRADE,T0475,ETHUSDT,2026-01-06T15:15:14.409233,2297.65,42,2,MEDIUM,2026-03-04T17:24:51.376964
WASH_TRADE,T0475,ETHUSDT,2026-01-06T15:54:11.913233,2299.65,22,2,MEDIUM,2026-03-04T17:24:51.378119
WASH_TRADE,T0475,SOLUSDT,2026-01-06T15:17:09.174233,93.77,36,2,MEDIUM,2026-03-04T17:24:51.383607
WASH_TRADE,T0475,SOLUSDT,2026-01-06T15:22:39.604233,98.37,34,2,MEDIUM,2026-03-04T17:24:51.383808
WASH_TRADE,T0476,BTCUSDT,2026-01-06T14:00:20.846233,41997.72,32,2,MEDIUM,2026-03-04T17:24:51.387428
WASH_TRADE,T0476,BTCUSDT,2026-01-06T14:16:47.436233,42002.23,28,2,MEDIUM,2026-03-04T17:24:51.387942
WASH_TRADE,T0476,BTCUSDT,2026-01-06T15:03:06.229233,41996.96,52,2,HIGH,2026-03-04T17:24:51.389877
WASH_TRADE,T0476,BTCUSDT,2026-01-06T15:06:08.876233,42000.2,60,2,HIGH,2026-03-04T17:24:51.390047
WASH_TRADE,T0476,BTCUSDT,2026-01-06T16:12:55.137233,41998.41,44,2,MEDIUM,2026-03-04T17:24:51.391786
WASH_TRADE,T0476,ETHUSDT,2026-01-06T15:01:15.771233,2300.91,32,2,MEDIUM,2026-03-04T17:24:51.395856
WASH_TRADE,T0476,ETHUSDT,2026-01-06T16:03:38.405233,2297.4,48,2,MEDIUM,2026-03-04T17:24:51.397789
WASH_TRADE,T0476,SOLUSDT,2026-01-06T15:15:29.026233,94.71,54,2,HIGH,2026-03-04T17:24:51.402977
WASH_TRADE,T0476,SOLUSDT,2026-01-06T15:54:54.704233,94.99,58,2,HIGH,2026-03-04T17:24:51.404293
WASH_TRADE,T0476,SOLUSDT,2026-01-06T16:04:33.679233,94.07,58,2,HIGH,2026-03-04T17:24:51.404758
WASH_TRADE,T0476,SOLUSDT,2026-01-06T16:14:13.516233,96.31,22,2,MEDIUM,2026-03-04T17:24:51.405000
WASH_TRADE,T0477,BTCUSDT,2026-01-06T13:55:42.745233,42001.27,58,2,HIGH,2026-03-04T17:24:51.407025
WASH_TRADE,T0477,BTCUSDT,2026-01-06T14:20:35.383233,42002.45,42,2,MEDIUM,2026-03-04T17:24:51.407964
WASH_TRADE,T0477,BTCUSDT,2026-01-06T15:28:20.839233,41998.42,34,2,MEDIUM,2026-03-04T17:24:51.411150
WASH_TRADE,T0477,ETHUSDT,2026-01-06T13:25:34.164233,2298.39,32,2,MEDIUM,2026-03-04T17:24:51.413347
WASH_TRADE,T0477,ETHUSDT,2026-01-06T14:27:36.963233,2298.15,46,2,MEDIUM,2026-03-04T17:24:51.415745
WASH_TRADE,T0477,ETHUSDT,2026-01-06T14:39:07.481233,2295.43,56,2,HIGH,2026-03-04T17:24:51.416044
WASH_TRADE,T0477,ETHUSDT,2026-01-06T15:30:10.278233,2299.56,54,2,HIGH,2026-03-04T17:24:51.417506
WASH_TRADE,T0477,ETHUSDT,2026-01-06T15:49:22.567233,2301.57,36,2,MEDIUM,2026-03-04T17:24:51.418188
WASH_TRADE,T0477,SOLUSDT,2026-01-06T14:32:50.984233,94.48,30,2,MEDIUM,2026-03-04T17:24:51.421944
WASH_TRADE,T0478,BTCUSDT,2026-01-06T13:34:39.153233,41997.09,60,2,HIGH,2026-03-04T17:24:51.427253
WASH_TRADE,T0478,BTCUSDT,2026-01-06T15:02:42.686233,41997.22,48,2,MEDIUM,2026-03-04T17:24:51.430665
WASH_TRADE,T0478,ETHUSDT,2026-01-06T13:33:43.966233,2302.03,46,2,MEDIUM,2026-03-04T17:24:51.433494
WASH_TRADE,T0478,ETHUSDT,2026-01-06T13:51:49.858233,2297.67,46,2,MEDIUM,2026-03-04T17:24:51.433990
WASH_TRADE,T0478,ETHUSDT,2026-01-06T13:58:25.341233,2302.27,30,2,MEDIUM,2026-03-04T17:24:51.434234
WASH_TRADE,T0478,SOLUSDT,2026-01-06T13:32:29.741233,94.17,20,2,MEDIUM,2026-03-04T17:24:51.439551
WASH_TRADE,T0478,SOLUSDT,2026-01-06T13:49:55.825233,102.5,36,2,MEDIUM,2026-03-04T17:24:51.439961
WASH_TRADE,T0478,SOLUSDT,2026-01-06T14:06:11.410233,93.81,32,2,MEDIUM,2026-03-04T17:24:51.440617
WASH_TRADE,T0478,SOLUSDT,2026-01-06T14:15:51.817233,96.35,22,2,MEDIUM,2026-03-04T17:24:51.441136
WASH_TRADE,T0478,SOLUSDT,2026-01-06T15:27:27.088233,95.72,50,2,MEDIUM,2026-03-04T17:24:51.443435
WASH_TRADE,T0478,SOLUSDT,2026-01-06T15:33:03.304233,95.45,34,2,MEDIUM,2026-03-04T17:24:51.443692
WASH_TRADE,T0479,BTCUSDT,2026-01-06T13:52:14.920233,42000.3,24,2,MEDIUM,2026-03-04T17:24:51.447244
WASH_TRADE,T0479,BTCUSDT,2026-01-06T15:30:35.753233,42001.37,26,2,MEDIUM,2026-03-04T17:24:51.451272
WASH_TRADE,T0479,SOLUSDT,2026-01-06T14:14:04.261233,93.64,56,2,HIGH,2026-03-04T17:24:51.460805
WASH_TRADE,T0480,BTCUSDT,2026-01-06T14:02:10.065233,41998.09,44,2,MEDIUM,2026-03-04T17:24:51.467195
WASH_TRADE,T0480,ETHUSDT,2026-01-06T13:54:03.950233,2299.25,20,2,MEDIUM,2026-03-04T17:24:51.473674
WASH_TRADE,T0480,ETHUSDT,2026-01-06T15:24:24.525233,2298.21,32,2,MEDIUM,2026-03-04T17:24:51.476727
WASH_TRADE,T0480,ETHUSDT,2026-01-06T16:03:43.786233,2298.46,28,2,MEDIUM,2026-03-04T17:24:51.477967
WASH_TRADE,T0480,ETHUSDT,2026-01-06T16:13:19.079233,2304.1,42,2,MEDIUM,2026-03-04T17:24:51.478184
WASH_TRADE,T0480,SOLUSDT,2026-01-06T13:26:36.448233,93.75,46,2,MEDIUM,2026-03-04T17:24:51.478819
WASH_TRADE,T0480,SOLUSDT,2026-01-06T13:39:59.473233,97.43,56,2,HIGH,2026-03-04T17:24:51.479189
WASH_TRADE,T0480,SOLUSDT,2026-01-06T13:54:50.794233,97.21,36,2,MEDIUM,2026-03-04T17:24:51.479954
WASH_TRADE,T0480,SOLUSDT,2026-01-06T14:33:14.414233,95.89,26,2,MEDIUM,2026-03-04T17:24:51.481265
WASH_TRADE,T0480,SOLUSDT,2026-01-06T14:48:24.912233,97.19,46,2,MEDIUM,2026-03-04T17:24:51.482055
WASH_TRADE,T0481,BTCUSDT,2026-01-06T13:49:12.849233,41997.34,60,2,HIGH,2026-03-04T17:24:51.486984
WASH_TRADE,T0481,BTCUSDT,2026-01-06T14:26:33.412233,42000.02,20,2,MEDIUM,2026-03-04T17:24:51.488467
WASH_TRADE,T0481,BTCUSDT,2026-01-06T15:16:13.538233,42000.19,30,2,MEDIUM,2026-03-04T17:24:51.489971
WASH_TRADE,T0481,BTCUSDT,2026-01-06T15:22:37.373233,42002.65,56,2,HIGH,2026-03-04T17:24:51.490274
WASH_TRADE,T0481,BTCUSDT,2026-01-06T15:54:34.952233,41999.88,40,2,MEDIUM,2026-03-04T17:24:51.491438
WASH_TRADE,T0481,ETHUSDT,2026-01-06T13:13:07.067233,2300.02,58,2,HIGH,2026-03-04T17:24:51.492233
WASH_TRADE,T0481,ETHUSDT,2026-01-06T13:45:33.826233,2300.84,50,2,MEDIUM,2026-03-04T17:24:51.493363
WASH_TRADE,T0481,ETHUSDT,2026-01-06T14:48:37.923233,2300.65,40,2,MEDIUM,2026-03-04T17:24:51.495777
WASH_TRADE,T0481,ETHUSDT,2026-01-06T15:03:26.480233,2300.91,44,2,MEDIUM,2026-03-04T17:24:51.496312
WASH_TRADE,T0481,SOLUSDT,2026-01-06T13:15:03.996233,96.47,22,2,MEDIUM,2026-03-04T17:24:51.498537
WASH_TRADE,T0481,SOLUSDT,2026-01-06T13:44:25.020233,93.62,36,2,MEDIUM,2026-03-04T17:24:51.499793
WASH_TRADE,T0482,BTCUSDT,2026-01-06T13:15:17.860233,41999.3,50,2,MEDIUM,2026-03-04T17:24:51.505339
WASH_TRADE,T0482,BTCUSDT,2026-01-06T13:40:42.913233,42000.52,24,2,MEDIUM,2026-03-04T17:24:51.506700
WASH_TRADE,T0482,SOLUSDT,2026-01-06T14:12:40.097233,95.85,58,2,HIGH,2026-03-04T17:24:51.522018
WASH_TRADE,T0482,SOLUSDT,2026-01-06T14:37:08.142233,91.58,42,2,MEDIUM,2026-03-04T17:24:51.522730
WASH_TRADE,T0482,SOLUSDT,2026-01-06T14:41:03.114233,96.19,44,2,MEDIUM,2026-03-04T17:24:51.522964
WASH_TRADE,T0482,SOLUSDT,2026-01-06T15:40:55.585233,91.73,58,2,HIGH,2026-03-04T17:24:51.525142
WASH_TRADE,T0482,SOLUSDT,2026-01-06T16:15:48.980233,97.22,20,2,MEDIUM,2026-03-04T17:24:51.526571
WASH_TRADE,T0483,BTCUSDT,2026-01-06T13:38:14.603233,42001.19,48,2,MEDIUM,2026-03-04T17:24:51.527612
WASH_TRADE,T0483,BTCUSDT,2026-01-06T15:12:10.845233,42001.62,32,2,MEDIUM,2026-03-04T17:24:51.530798
WASH_TRADE,T0483,BTCUSDT,2026-01-06T15:48:14.778233,41999.74,60,2,HIGH,2026-03-04T17:24:51.531936
WASH_TRADE,T0483,BTCUSDT,2026-01-06T15:57:45.207233,41997.51,26,2,MEDIUM,2026-03-04T17:24:51.532345
WASH_TRADE,T0483,ETHUSDT,2026-01-06T14:54:44.745233,2299.8,20,2,MEDIUM,2026-03-04T17:24:51.536808
WASH_TRADE,T0483,ETHUSDT,2026-01-06T14:58:22.355233,2299.58,58,2,HIGH,2026-03-04T17:24:51.536960
WASH_TRADE,T0483,SOLUSDT,2026-01-06T13:29:45.657233,96.83,36,2,MEDIUM,2026-03-04T17:24:51.540550
WASH_TRADE,T0483,SOLUSDT,2026-01-06T14:55:50.122233,97.52,48,2,MEDIUM,2026-03-04T17:24:51.544195
WASH_TRADE,T0483,SOLUSDT,2026-01-06T15:38:13.934233,95.54,28,2,MEDIUM,2026-03-04T17:24:51.545736
WASH_TRADE,T0484,BTCUSDT,2026-01-06T14:34:32.706233,42000.95,60,2,HIGH,2026-03-04T17:24:51.549349
WASH_TRADE,T0484,BTCUSDT,2026-01-06T15:55:32.550233,42001.09,30,2,MEDIUM,2026-03-04T17:24:51.552587
WASH_TRADE,T0484,ETHUSDT,2026-01-06T14:48:26.549233,2296.83,56,2,HIGH,2026-03-04T17:24:51.556384
WASH_TRADE,T0484,ETHUSDT,2026-01-06T15:55:51.733233,2295.72,30,2,MEDIUM,2026-03-04T17:24:51.558871
WASH_TRADE,T0484,SOLUSDT,2026-01-06T14:27:51.701233,97.01,48,2,MEDIUM,2026-03-04T17:24:51.563102
WASH_TRADE,T0485,BTCUSDT,2026-01-06T13:29:28.583233,41997.55,34,2,MEDIUM,2026-03-04T17:24:51.567294
WASH_TRADE,T0485,BTCUSDT,2026-01-06T13:43:45.194233,41999.33,46,2,MEDIUM,2026-03-04T17:24:51.567884
WASH_TRADE,T0485,BTCUSDT,2026-01-06T14:00:05.591233,41999.93,26,2,MEDIUM,2026-03-04T17:24:51.568534
WASH_TRADE,T0485,BTCUSDT,2026-01-06T14:23:00.842233,42000.41,60,2,HIGH,2026-03-04T17:24:51.569096
WASH_TRADE,T0485,BTCUSDT,2026-01-06T14:53:47.701233,41999.89,48,2,MEDIUM,2026-03-04T17:24:51.570348
WASH_TRADE,T0485,ETHUSDT,2026-01-06T13:13:05.518233,2299.83,22,2,MEDIUM,2026-03-04T17:24:51.573803
WASH_TRADE,T0485,ETHUSDT,2026-01-06T13:37:01.621233,2300.16,54,2,HIGH,2026-03-04T17:24:51.574696
WASH_TRADE,T0485,ETHUSDT,2026-01-06T13:40:25.863233,2301.65,30,2,MEDIUM,2026-03-04T17:24:51.574852
WASH_TRADE,T0485,ETHUSDT,2026-01-06T14:30:53.767233,2297.88,36,2,MEDIUM,2026-03-04T17:24:51.576954
WASH_TRADE,T0485,ETHUSDT,2026-01-06T15:48:14.992233,2300.09,32,2,MEDIUM,2026-03-04T17:24:51.579651
WASH_TRADE,T0485,SOLUSDT,2026-01-06T14:19:51.218233,91.35,48,2,MEDIUM,2026-03-04T17:24:51.582751
WASH_TRADE,T0486,BTCUSDT,2026-01-06T13:32:56.860233,41996.69,26,2,MEDIUM,2026-03-04T17:24:51.587171
WASH_TRADE,T0486,BTCUSDT,2026-01-06T13:54:41.774233,41999.2,32,2,MEDIUM,2026-03-04T17:24:51.588108
WASH_TRADE,T0486,ETHUSDT,2026-01-06T13:41:19.251233,2299.08,52,2,HIGH,2026-03-04T17:24:51.594679
WASH_TRADE,T0486,ETHUSDT,2026-01-06T16:11:31.801233,2299.49,60,2,HIGH,2026-03-04T17:24:51.601253
WASH_TRADE,T0486,SOLUSDT,2026-01-06T16:07:35.980233,95.97,28,2,MEDIUM,2026-03-04T17:24:51.608149
WASH_TRADE,T0487,BTCUSDT,2026-01-06T13:55:51.156233,42000.96,32,2,MEDIUM,2026-03-04T17:24:51.610083
WASH_TRADE,T0487,ETHUSDT,2026-01-06T13:26:06.853233,2297.88,30,2,MEDIUM,2026-03-04T17:24:51.615280
WASH_TRADE,T0487,ETHUSDT,2026-01-06T14:13:02.651233,2298.91,60,2,HIGH,2026-03-04T17:24:51.617317
WASH_TRADE,T0487,ETHUSDT,2026-01-06T14:19:25.538233,2299.39,42,2,MEDIUM,2026-03-04T17:24:51.617718
WASH_TRADE,T0487,ETHUSDT,2026-01-06T15:15:11.824233,2302.84,34,2,MEDIUM,2026-03-04T17:24:51.619512
WASH_TRADE,T0487,ETHUSDT,2026-01-06T15:16:49.698233,2296.83,40,2,MEDIUM,2026-03-04T17:24:51.619591
WASH_TRADE,T0487,ETHUSDT,2026-01-06T15:22:06.126233,2300.01,54,2,HIGH,2026-03-04T17:24:51.619753
WASH_TRADE,T0487,ETHUSDT,2026-01-06T15:58:30.768233,2301.86,54,2,HIGH,2026-03-04T17:24:51.620856
WASH_TRADE,T0487,SOLUSDT,2026-01-06T13:27:09.500233,98.55,60,2,HIGH,2026-03-04T17:24:51.621824
WASH_TRADE,T0487,SOLUSDT,2026-01-06T13:54:34.760233,97.61,54,2,HIGH,2026-03-04T17:24:51.622904
WASH_TRADE,T0487,SOLUSDT,2026-01-06T15:05:04.803233,93.95,44,2,MEDIUM,2026-03-04T17:24:51.625500
WASH_TRADE,T0487,SOLUSDT,2026-01-06T15:07:17.847233,93.48,54,2,HIGH,2026-03-04T17:24:51.625604
WASH_TRADE,T0487,SOLUSDT,2026-01-06T15:29:53.121233,96.0,30,2,MEDIUM,2026-03-04T17:24:51.626586
WASH_TRADE,T0487,SOLUSDT,2026-01-06T16:02:34.046233,92.04,38,2,MEDIUM,2026-03-04T17:24:51.627909
WASH_TRADE,T0488,BTCUSDT,2026-01-06T14:18:25.626233,42001.51,42,2,MEDIUM,2026-03-04T17:24:51.630682
WASH_TRADE,T0488,BTCUSDT,2026-01-06T15:13:01.531233,42001.1,20,2,MEDIUM,2026-03-04T17:24:51.633163
WASH_TRADE,T0488,BTCUSDT,2026-01-06T15:49:53.329233,42000.54,56,2,HIGH,2026-03-04T17:24:51.634425
WASH_TRADE,T0488,ETHUSDT,2026-01-06T14:10:01.795233,2303.23,60,2,HIGH,2026-03-04T17:24:51.637618
WASH_TRADE,T0488,SOLUSDT,2026-01-06T13:43:44.318233,96.77,34,2,MEDIUM,2026-03-04T17:24:51.644142
WASH_TRADE,T0488,SOLUSDT,2026-01-06T15:20:53.892233,92.08,36,2,MEDIUM,2026-03-04T17:24:51.647274
WASH_TRADE,T0489,BTCUSDT,2026-01-06T13:48:44.490233,42000.31,48,2,MEDIUM,2026-03-04T17:24:51.650222
WASH_TRADE,T0489,BTCUSDT,2026-01-06T14:47:13.362233,42000.48,40,2,MEDIUM,2026-03-04T17:24:51.652048
WASH_TRADE,T0489,BTCUSDT,2026-01-06T15:06:54.534233,42000.39,54,2,HIGH,2026-03-04T17:24:51.652664
WASH_TRADE,T0489,BTCUSDT,2026-01-06T15:17:20.281233,42000.21,20,2,MEDIUM,2026-03-04T17:24:51.653408
WASH_TRADE,T0489,BTCUSDT,2026-01-06T16:04:20.339233,42002.13,40,2,MEDIUM,2026-03-04T17:24:51.655354
WASH_TRADE,T0489,BTCUSDT,2026-01-06T16:08:05.982233,41998.42,28,2,MEDIUM,2026-03-04T17:24:51.655503
WASH_TRADE,T0489,ETHUSDT,2026-01-06T14:38:57.555233,2298.59,52,2,HIGH,2026-03-04T17:24:51.659082
WASH_TRADE,T0489,ETHUSDT,2026-01-06T14:47:03.213233,2297.37,28,2,MEDIUM,2026-03-04T17:24:51.659590
WASH_TRADE,T0489,ETHUSDT,2026-01-06T15:18:58.306233,2300.94,58,2,HIGH,2026-03-04T17:24:51.660631
WASH_TRADE,T0489,SOLUSDT,2026-01-06T13:19:55.495233,94.99,34,2,MEDIUM,2026-03-04T17:24:51.662814
WASH_TRADE,T0490,BTCUSDT,2026-01-06T13:33:11.807233,41999.19,46,2,MEDIUM,2026-03-04T17:24:51.669137
WASH_TRADE,T0490,BTCUSDT,2026-01-06T14:24:43.554233,41999.39,52,2,HIGH,2026-03-04T17:24:51.671307
WASH_TRADE,T0490,BTCUSDT,2026-01-06T15:03:52.687233,42000.61,54,2,HIGH,2026-03-04T17:24:51.672761
WASH_TRADE,T0490,BTCUSDT,2026-01-06T15:10:04.147233,42000.28,22,2,MEDIUM,2026-03-04T17:24:51.673141
WASH_TRADE,T0490,ETHUSDT,2026-01-06T15:58:46.431233,2301.78,40,2,MEDIUM,2026-03-04T17:24:51.681361
WASH_TRADE,T0490,SOLUSDT,2026-01-06T13:16:58.689233,93.66,44,2,MEDIUM,2026-03-04T17:24:51.682040
WASH_TRADE,T0490,SOLUSDT,2026-01-06T13:58:38.104233,94.47,58,2,HIGH,2026-03-04T17:24:51.683664
WASH_TRADE,T0490,SOLUSDT,2026-01-06T15:43:50.015233,95.34,52,2,HIGH,2026-03-04T17:24:51.687395
WASH_TRADE,T0490,SOLUSDT,2026-01-06T15:59:31.300233,93.08,32,2,MEDIUM,2026-03-04T17:24:51.687965
WASH_TRADE,T0490,SOLUSDT,2026-01-06T16:09:44.209233,92.26,52,2,HIGH,2026-03-04T17:24:51.688444
WASH_TRADE,T0491,BTCUSDT,2026-01-06T15:53:20.296233,41999.61,48,2,MEDIUM,2026-03-04T17:24:51.694627
WASH_TRADE,T0491,ETHUSDT,2026-01-06T13:18:34.414233,2299.56,22,2,MEDIUM,2026-03-04T17:24:51.695934
WASH_TRADE,T0491,ETHUSDT,2026-01-06T13:35:16.472233,2297.43,58,2,HIGH,2026-03-04T17:24:51.696803
WASH_TRADE,T0491,ETHUSDT,2026-01-06T14:28:24.010233,2298.97,44,2,MEDIUM,2026-03-04T17:24:51.698668
WASH_TRADE,T0491,SOLUSDT,2026-01-06T14:35:48.479233,93.02,46,2,MEDIUM,2026-03-04T17:24:51.724446
WASH_TRADE,T0491,SOLUSDT,2026-01-06T15:21:37.747233,91.15,20,2,MEDIUM,2026-03-04T17:24:51.725958
WASH_TRADE,T0491,SOLUSDT,2026-01-06T15:43:20.097233,95.07,56,2,HIGH,2026-03-04T17:24:51.726810
WASH_TRADE,T0491,SOLUSDT,2026-01-06T15:54:20.597233,94.68,38,2,MEDIUM,2026-03-04T17:24:51.727189
WASH_TRADE,T0492,BTCUSDT,2026-01-06T13:58:50.359233,42001.27,52,2,HIGH,2026-03-04T17:24:51.729809
WASH_TRADE,T0492,ETHUSDT,2026-01-06T13:25:55.781233,2301.51,38,2,MEDIUM,2026-03-04T17:24:51.735338
WASH_TRADE,T0492,ETHUSDT,2026-01-06T15:24:25.352233,2298.9,60,2,HIGH,2026-03-04T17:24:51.739343
WASH_TRADE,T0492,ETHUSDT,2026-01-06T15:48:30.886233,2297.34,44,2,MEDIUM,2026-03-04T17:24:51.740319
WASH_TRADE,T0492,SOLUSDT,2026-01-06T13:30:36.181233,98.4,46,2,MEDIUM,2026-03-04T17:24:51.741720
WASH_TRADE,T0492,SOLUSDT,2026-01-06T13:35:30.450233,95.74,36,2,MEDIUM,2026-03-04T17:24:51.741943
WASH_TRADE,T0492,SOLUSDT,2026-01-06T13:57:15.356233,91.03,48,2,MEDIUM,2026-03-04T17:24:51.742800
WASH_TRADE,T0492,SOLUSDT,2026-01-06T14:08:28.104233,94.32,60,2,HIGH,2026-03-04T17:24:51.743125
WASH_TRADE,T0492,SOLUSDT,2026-01-06T15:08:03.560233,96.14,36,2,MEDIUM,2026-03-04T17:24:51.745090
WASH_TRADE,T0492,SOLUSDT,2026-01-06T16:04:12.210233,93.01,56,2,HIGH,2026-03-04T17:24:51.747636
WASH_TRADE,T0493,BTCUSDT,2026-01-06T14:23:15.843233,41998.21,34,2,MEDIUM,2026-03-04T17:24:51.751023
WASH_TRADE,T0493,BTCUSDT,2026-01-06T14:24:56.817233,42002.71,50,2,MEDIUM,2026-03-04T17:24:51.751113
WASH_TRADE,T0493,BTCUSDT,2026-01-06T15:00:43.404233,41997.87,40,2,MEDIUM,2026-03-04T17:24:51.753082
WASH_TRADE,T0493,BTCUSDT,2026-01-06T15:56:27.353233,41997.4,60,2,HIGH,2026-03-04T17:24:51.755266
WASH_TRADE,T0493,BTCUSDT,2026-01-06T16:06:09.861233,42002.14,58,2,HIGH,2026-03-04T17:24:51.755568
WASH_TRADE,T0493,ETHUSDT,2026-01-06T13:27:45.633233,2299.93,22,2,MEDIUM,2026-03-04T17:24:51.756549
WASH_TRADE,T0493,ETHUSDT,2026-01-06T13:37:58.511233,2297.18,52,2,HIGH,2026-03-04T17:24:51.756905
WASH_TRADE,T0493,ETHUSDT,2026-01-06T14:13:49.217233,2300.34,22,2,MEDIUM,2026-03-04T17:24:51.758676
WASH_TRADE,T0493,SOLUSDT,2026-01-06T13:33:19.572233,94.7,28,2,MEDIUM,2026-03-04T17:24:51.763290
WASH_TRADE,T0494,BTCUSDT,2026-01-06T13:22:11.668233,42006.74,20,2,MEDIUM,2026-03-04T17:24:51.769790
WASH_TRADE,T0494,BTCUSDT,2026-01-06T14:47:31.292233,41998.43,28,2,MEDIUM,2026-03-04T17:24:51.772649
WASH_TRADE,T0494,ETHUSDT,2026-01-06T13:43:42.911233,2302.38,38,2,MEDIUM,2026-03-04T17:24:51.776965
WASH_TRADE,T0494,ETHUSDT,2026-01-06T14:05:41.817233,2299.68,52,2,HIGH,2026-03-04T17:24:51.777676
WASH_TRADE,T0494,ETHUSDT,2026-01-06T14:44:44.004233,2299.36,22,2,MEDIUM,2026-03-04T17:24:51.778805
WASH_TRADE,T0494,ETHUSDT,2026-01-06T15:38:29.141233,2299.84,32,2,MEDIUM,2026-03-04T17:24:51.780794
WASH_TRADE,T0495,BTCUSDT,2026-01-06T14:01:52.052233,41998.32,28,2,MEDIUM,2026-03-04T17:24:51.790721
WASH_TRADE,T0495,BTCUSDT,2026-01-06T14:36:41.555233,42003.55,60,2,HIGH,2026-03-04T17:24:51.792006
WASH_TRADE,T0495,BTCUSDT,2026-01-06T15:42:31.053233,42002.05,26,2,MEDIUM,2026-03-04T17:24:51.794183
WASH_TRADE,T0495,ETHUSDT,2026-01-06T13:26:45.980233,2293.85,60,2,HIGH,2026-03-04T17:24:51.795833
WASH_TRADE,T0495,ETHUSDT,2026-01-06T13:36:48.189233,2296.98,50,2,MEDIUM,2026-03-04T17:24:51.796154
WASH_TRADE,T0495,ETHUSDT,2026-01-06T15:29:41.702233,2301.11,56,2,HIGH,2026-03-04T17:24:51.799992
WASH_TRADE,T0495,ETHUSDT,2026-01-06T15:54:03.149233,2299.55,36,2,MEDIUM,2026-03-04T17:24:51.801133
WASH_TRADE,T0495,SOLUSDT,2026-01-06T13:31:35.472233,93.85,20,2,MEDIUM,2026-03-04T17:24:51.802647
WASH_TRADE,T0495,SOLUSDT,2026-01-06T13:57:47.411233,93.11,22,2,MEDIUM,2026-03-04T17:24:51.803464
WASH_TRADE,T0495,SOLUSDT,2026-01-06T15:26:21.429233,94.2,26,2,MEDIUM,2026-03-04T17:24:51.807291
WASH_TRADE,T0495,SOLUSDT,2026-01-06T15:38:43.224233,92.99,38,2,MEDIUM,2026-03-04T17:24:51.807564
WASH_TRADE,T0495,SOLUSDT,2026-01-06T16:09:38.189233,94.66,42,2,MEDIUM,2026-03-04T17:24:51.808575
WASH_TRADE,T0496,BTCUSDT,2026-01-06T13:12:50.074233,42002.39,48,2,MEDIUM,2026-03-04T17:24:51.809110
WASH_TRADE,T0496,BTCUSDT,2026-01-06T15:46:42.502233,41999.88,38,2,MEDIUM,2026-03-04T17:24:51.814541
WASH_TRADE,T0496,BTCUSDT,2026-01-06T16:15:13.411233,41999.86,38,2,MEDIUM,2026-03-04T17:24:51.815853
WASH_TRADE,T0496,ETHUSDT,2026-01-06T15:53:39.630233,2301.62,44,2,MEDIUM,2026-03-04T17:24:51.822165
WASH_TRADE,T0496,ETHUSDT,2026-01-06T16:07:27.498233,2301.11,40,2,MEDIUM,2026-03-04T17:24:51.823069
WASH_TRADE,T0496,ETHUSDT,2026-01-06T16:13:12.543233,2300.17,24,2,MEDIUM,2026-03-04T17:24:51.823314
WASH_TRADE,T0496,SOLUSDT,2026-01-06T13:13:55.402233,95.89,20,2,MEDIUM,2026-03-04T17:24:51.823763
WASH_TRADE,T0496,SOLUSDT,2026-01-06T13:37:01.019233,95.42,42,2,MEDIUM,2026-03-04T17:24:51.824665
WASH_TRADE,T0496,SOLUSDT,2026-01-06T15:07:42.521233,94.52,50,2,MEDIUM,2026-03-04T17:24:51.827972
WASH_TRADE,T0496,SOLUSDT,2026-01-06T15:39:17.707233,95.79,24,2,MEDIUM,2026-03-04T17:24:51.829202
WASH_TRADE,T0497,BTCUSDT,2026-01-06T15:17:19.579233,42001.93,52,2,HIGH,2026-03-04T17:24:51.835809
WASH_TRADE,T0497,ETHUSDT,2026-01-06T14:28:00.475233,2300.65,24,2,MEDIUM,2026-03-04T17:24:51.840924
WASH_TRADE,T0497,ETHUSDT,2026-01-06T14:57:12.263233,2300.19,20,2,MEDIUM,2026-03-04T17:24:51.841769
WASH_TRADE,T0497,SOLUSDT,2026-01-06T13:17:11.565233,97.09,34,2,MEDIUM,2026-03-04T17:24:51.844418
WASH_TRADE,T0497,SOLUSDT,2026-01-06T13:24:28.452233,92.74,22,2,MEDIUM,2026-03-04T17:24:51.844778
WASH_TRADE,T0497,SOLUSDT,2026-01-06T14:14:54.514233,93.1,56,2,HIGH,2026-03-04T17:24:51.847215
WASH_TRADE,T0497,SOLUSDT,2026-01-06T15:37:30.702233,96.38,52,2,HIGH,2026-03-04T17:24:51.850047
WASH_TRADE,T0498,BTCUSDT,2026-01-06T13:31:37.439233,41999.68,38,2,MEDIUM,2026-03-04T17:24:51.852262
WASH_TRADE,T0498,ETHUSDT,2026-01-06T13:39:58.253233,2303.38,54,2,HIGH,2026-03-04T17:24:51.860072
WASH_TRADE,T0498,ETHUSDT,2026-01-06T14:46:28.372233,2301.48,36,2,MEDIUM,2026-03-04T17:24:51.862365
WASH_TRADE,T0498,ETHUSDT,2026-01-06T15:00:04.625233,2299.06,42,2,MEDIUM,2026-03-04T17:24:51.862950
WASH_TRADE,T0498,ETHUSDT,2026-01-06T15:45:07.778233,2299.99,30,2,MEDIUM,2026-03-04T17:24:51.864785
WASH_TRADE,T0498,SOLUSDT,2026-01-06T13:27:07.036233,95.54,44,2,MEDIUM,2026-03-04T17:24:51.866964
WASH_TRADE,T0498,SOLUSDT,2026-01-06T14:01:21.699233,95.21,26,2,MEDIUM,2026-03-04T17:24:51.868199
WASH_TRADE,T0498,SOLUSDT,2026-01-06T14:50:06.150233,95.59,42,2,MEDIUM,2026-03-04T17:24:51.870437
WASH_TRADE,T0498,SOLUSDT,2026-01-06T15:45:42.667233,95.68,52,2,HIGH,2026-03-04T17:24:51.872984
WASH_TRADE,T0499,BTCUSDT,2026-01-06T13:32:41.836233,41999.37,30,2,MEDIUM,2026-03-04T17:24:51.874880
WASH_TRADE,T0499,BTCUSDT,2026-01-06T14:12:34.393233,42004.02,34,2,MEDIUM,2026-03-04T17:24:51.876705
WASH_TRADE,T0499,BTCUSDT,2026-01-06T14:14:56.844233,41997.27,56,2,HIGH,2026-03-04T17:24:51.876851
WASH_TRADE,T0499,BTCUSDT,2026-01-06T14:30:07.354233,41999.16,48,2,MEDIUM,2026-03-04T17:24:51.878245
WASH_TRADE,T0499,BTCUSDT,2026-01-06T15:04:09.666233,42000.37,44,2,MEDIUM,2026-03-04T17:24:51.879364
WASH_TRADE,T0499,ETHUSDT,2026-01-06T13:35:22.513233,2295.72,54,2,HIGH,2026-03-04T17:24:51.882535
WASH_TRADE,T0499,ETHUSDT,2026-01-06T13:47:23.326233,2299.75,50,2,MEDIUM,2026-03-04T17:24:51.882837
WASH_TRADE,T0499,ETHUSDT,2026-01-06T15:32:01.876233,2298.82,24,2,MEDIUM,2026-03-04T17:24:51.886908
WASH_TRADE,T0499,ETHUSDT,2026-01-06T15:56:53.319233,2298.06,36,2,MEDIUM,2026-03-04T17:24:51.888182
WASH_TRADE,T0499,ETHUSDT,2026-01-06T16:11:38.604233,2301.56,50,2,MEDIUM,2026-03-04T17:24:51.889174
WASH_TRADE,T0499,SOLUSDT,2026-01-06T14:57:38.897233,94.34,56,2,HIGH,2026-03-04T17:24:51.893162
WASH_TRADE,T0499,SOLUSDT,2026-01-06T15:25:47.691233,98.17,36,2,MEDIUM,2026-03-04T17:24:51.894106
WASH_TRADE,T0500,BTCUSDT,2026-01-06T13:15:24.771233,42001.09,24,2,MEDIUM,2026-03-04T17:24:51.895439
WASH_TRADE,T0500,BTCUSDT,2026-01-06T13:42:35.024233,41998.67,54,2,HIGH,2026-03-04T17:24:51.896896
WASH_TRADE,T0500,SOLUSDT,2026-01-06T13:53:47.251233,93.68,30,2,MEDIUM,2026-03-04T17:24:51.909308
WASH_TRADE,T0500,SOLUSDT,2026-01-06T14:18:44.874233,93.29,30,2,MEDIUM,2026-03-04T17:24:51.910142
WASH_TRADE,T0500,SOLUSDT,2026-01-06T15:27:22.905233,97.39,50,2,MEDIUM,2026-03-04T17:24:51.912457
