alert_type,severity,detected_at,details
WASH_TRADE,MEDIUM,2026-03-03T19:34:32.568684,Trader T0001 | BTCUSDT | Price 42002.24 | Qty 48
WASH_TRADE,MEDIUM,2026-03-03T19:34:32.568805,Trader T0001 | BTCUSDT | Price 41996.48 | Qty 24
WASH_TRADE,MEDIUM,2026-03-03T19:34:32.570197,Trader T0001 | BTCUSDT | Price 42000.49 | Qty 48
WASH_TRADE,MEDIUM,2026-03-03T19:34:32.570408,Trader T0001 | BTCUSDT | Price 41999.8 | Qty 42
WASH_TRADE,MEDIUM,2026-03-03T19:34:32.573525,Trader T0001 | BTCUSDT | Price 42000.19 | Qty 30
WASH_TRADE,HIGH,2026-03-03T19:34:32.575456,Trader T0001 | ETHUSDT | Price 2301.09 | Qty 60
WASH_TRADE,HIGH,2026-03-03T19:34:32.577679,Trader T0001 | ETHUSDT | Price 2303.25 | Qty 60
WASH_TRADE,MEDIUM,2026-03-03T19:34:32.580125,Trader T0001 | SOLUSDT | Price 91.43 | Qty 34
WASH_TRADE,MEDIUM,2026-03-03T19:34:32.580220,Trader T0001 | SOLUSDT | Price 97.87 | Qty 38
WASH_TRADE,MEDIUM,2026-03-03T19:34:32.580850,Trader T0001 | SOLUSDT | Price 94.17 | Qty 46
WASH_TRADE,HIGH,2026-03-03T19:34:32.581758,Trader T0001 | SOLUSDT | Price 94.52 | Qty 58
WASH_TRADE,HIGH,2026-03-03T19:34:32.582731,Trader T0001 | SOLUSDT | Price 94.88 | Qty 52
WASH_TRADE,MEDIUM,2026-03-03T19:34:32.582915,Trader T0001 | SOLUSDT | Price 94.63 | Qty 22
WASH_TRADE,MEDIUM,2026-03-03T19:34:32.588502,Trader T0002 | BTCUSDT | Price 42000.32 | Qty 44
WASH_TRADE,MEDIUM,2026-03-03T19:34:32.591428,Trader T0002 | BTCUSDT | Price 42000.0 | Qty 28
WASH_TRADE,MEDIUM,2026-03-03T19:34:32.593052,Trader T0002 | ETHUSDT | Price 2297.74 | Qty 28
WASH_TRADE,HIGH,2026-03-03T19:34:32.595507,Trader T0002 | ETHUSDT | Price 2296.63 | Qty 54
WASH_TRADE,MEDIUM,2026-03-03T19:34:32.596168,Trader T0002 | ETHUSDT | Price 2301.19 | Qty 26
WASH_TRADE,MEDIUM,2026-03-03T19:34:32.596236,Trader T0002 | ETHUSDT | Price 2301.47 | Qty 20
WASH_TRADE,MEDIUM,2026-03-03T19:34:32.596558,Trader T0002 | ETHUSDT | Price 2303.11 | Qty 38
WASH_TRADE,MEDIUM,2026-03-03T19:34:32.598726,Trader T0002 | SOLUSDT | Price 94.91 | Qty 34
WASH_TRADE,MEDIUM,2026-03-03T19:34:32.598803,Trader T0002 | SOLUSDT | Price 96.83 | Qty 48
WASH_TRADE,MEDIUM,2026-03-03T19:34:32.598911,Trader T0002 | SOLUSDT | Price 94.58 | Qty 32
WASH_TRADE,MEDIUM,2026-03-03T19:34:32.600388,Trader T0002 | SOLUSDT | Price 96.61 | Qty 20
WASH_TRADE,HIGH,2026-03-03T19:34:32.600581,Trader T0002 | SOLUSDT | Price 95.09 | Qty 54
WASH_TRADE,MEDIUM,2026-03-03T19:34:32.602807,Trader T0002 | SOLUSDT | Price 92.94 | Qty 30
WASH_TRADE,HIGH,2026-03-03T19:34:32.604068,Trader T0002 | SOLUSDT | Price 94.99 | Qty 56
WASH_TRADE,HIGH,2026-03-03T19:34:32.607347,Trader T0003 | BTCUSDT | Price 42000.38 | Qty 56
WASH_TRADE,MEDIUM,2026-03-03T19:34:32.607508,Trader T0003 | BTCUSDT | Price 41999.67 | Qty 46
WASH_TRADE,MEDIUM,2026-03-03T19:34:32.607651,Trader T0003 | BTCUSDT | Price 42001.59 | Qty 36
WASH_TRADE,MEDIUM,2026-03-03T19:34:32.608139,Trader T0003 | BTCUSDT | Price 42002.56 | Qty 48
WASH_TRADE,MEDIUM,2026-03-03T19:34:32.611632,Trader T0003 | ETHUSDT | Price 2300.78 | Qty 50
WASH_TRADE,HIGH,2026-03-03T19:34:32.613186,Trader T0003 | ETHUSDT | Price 2300.26 | Qty 58
WASH_TRADE,MEDIUM,2026-03-03T19:34:32.616508,Trader T0003 | SOLUSDT | Price 93.55 | Qty 20
WASH_TRADE,MEDIUM,2026-03-03T19:34:32.620850,Trader T0003 | SOLUSDT | Price 90.24 | Qty 30
WASH_TRADE,MEDIUM,2026-03-03T19:34:32.622016,Trader T0003 | SOLUSDT | Price 94.65 | Qty 42
WASH_TRADE,MEDIUM,2026-03-03T19:34:32.623795,Trader T0004 | BTCUSDT | Price 42000.17 | Qty 22
WASH_TRADE,MEDIUM,2026-03-03T19:34:32.625072,Trader T0004 | BTCUSDT | Price 41998.7 | Qty 38
WASH_TRADE,MEDIUM,2026-03-03T19:34:32.627989,Trader T0004 | BTCUSDT | Price 41998.01 | Qty 40
WASH_TRADE,MEDIUM,2026-03-03T19:34:32.629351,Trader T0004 | ETHUSDT | Price 2299.49 | Qty 44
WASH_TRADE,MEDIUM,2026-03-03T19:34:32.629558,Trader T0004 | ETHUSDT | Price 2299.3 | Qty 20
WASH_TRADE,MEDIUM,2026-03-03T19:34:32.632169,Trader T0004 | ETHUSDT | Price 2301.94 | Qty 32
WASH_TRADE,MEDIUM,2026-03-03T19:34:32.636750,Trader T0004 | SOLUSDT | Price 95.76 | Qty 22
WASH_TRADE,MEDIUM,2026-03-03T19:34:32.641715,Trader T0004 | SOLUSDT | Price 95.24 | Qty 42
WASH_TRADE,MEDIUM,2026-03-03T19:34:32.643386,Trader T0004 | SOLUSDT | Price 95.97 | Qty 38
WASH_TRADE,MEDIUM,2026-03-03T19:34:32.643762,Trader T0004 | SOLUSDT | Price 95.8 | Qty 22
WASH_TRADE,MEDIUM,2026-03-03T19:34:32.644275,Trader T0004 | SOLUSDT | Price 99.78 | Qty 50
WASH_TRADE,MEDIUM,2026-03-03T19:34:32.646252,Trader T0005 | BTCUSDT | Price 41999.06 | Qty 24
WASH_TRADE,MEDIUM,2026-03-03T19:34:32.647512,Trader T0005 | BTCUSDT | Price 41999.81 | Qty 46
WASH_TRADE,MEDIUM,2026-03-03T19:34:32.647972,Trader T0005 | BTCUSDT | Price 41997.6 | Qty 22
WASH_TRADE,MEDIUM,2026-03-03T19:34:32.658838,Trader T0005 | SOLUSDT | Price 99.11 | Qty 44
WASH_TRADE,MEDIUM,2026-03-03T19:34:32.659701,Trader T0005 | SOLUSDT | Price 98.52 | Qty 44
WASH_TRADE,MEDIUM,2026-03-03T19:34:32.660582,Trader T0005 | SOLUSDT | Price 93.62 | Qty 30
WASH_TRADE,MEDIUM,2026-03-03T19:34:32.664394,Trader T0006 | BTCUSDT | Price 42001.68 | Qty 26
WASH_TRADE,MEDIUM,2026-03-03T19:34:32.665272,Trader T0006 | BTCUSDT | Price 42000.65 | Qty 24
WASH_TRADE,MEDIUM,2026-03-03T19:34:32.666931,Trader T0006 | BTCUSDT | Price 41999.76 | Qty 48
WASH_TRADE,MEDIUM,2026-03-03T19:34:32.671264,Trader T0006 | ETHUSDT | Price 2300.38 | Qty 48
WASH_TRADE,HIGH,2026-03-03T19:34:32.672690,Trader T0006 | ETHUSDT | Price 2301.11 | Qty 60
WASH_TRADE,MEDIUM,2026-03-03T19:34:32.673990,Trader T0006 | ETHUSDT | Price 2299.05 | Qty 40
WASH_TRADE,MEDIUM,2026-03-03T19:34:32.674294,Trader T0006 | ETHUSDT | Price 2298.77 | Qty 46
WASH_TRADE,HIGH,2026-03-03T19:34:32.674500,Trader T0006 | ETHUSDT | Price 2299.57 | Qty 56
WASH_TRADE,MEDIUM,2026-03-03T19:34:32.674897,Trader T0006 | ETHUSDT | Price 2298.61 | Qty 24
WASH_TRADE,HIGH,2026-03-03T19:34:32.678948,Trader T0006 | SOLUSDT | Price 96.45 | Qty 60
WASH_TRADE,HIGH,2026-03-03T19:34:32.682823,Trader T0006 | SOLUSDT | Price 93.76 | Qty 60
WASH_TRADE,MEDIUM,2026-03-03T19:34:32.683677,Trader T0006 | SOLUSDT | Price 92.31 | Qty 20
WASH_TRADE,MEDIUM,2026-03-03T19:34:32.688057,Trader T0007 | BTCUSDT | Price 42000.43 | Qty 50
WASH_TRADE,MEDIUM,2026-03-03T19:34:32.692164,Trader T0007 | ETHUSDT | Price 2298.56 | Qty 50
WASH_TRADE,MEDIUM,2026-03-03T19:34:32.704906,Trader T0008 | BTCUSDT | Price 41997.39 | Qty 38
WASH_TRADE,MEDIUM,2026-03-03T19:34:32.705341,Trader T0008 | BTCUSDT | Price 42002.88 | Qty 30
WASH_TRADE,MEDIUM,2026-03-03T19:34:32.707032,Trader T0008 | BTCUSDT | Price 41997.49 | Qty 30
WASH_TRADE,HIGH,2026-03-03T19:34:32.707573,Trader T0008 | BTCUSDT | Price 41999.59 | Qty 60
WASH_TRADE,MEDIUM,2026-03-03T19:34:32.708848,Trader T0008 | ETHUSDT | Price 2300.34 | Qty 44
WASH_TRADE,MEDIUM,2026-03-03T19:34:32.709908,Trader T0008 | ETHUSDT | Price 2297.81 | Qty 44
WASH_TRADE,MEDIUM,2026-03-03T19:34:32.711954,Trader T0008 | ETHUSDT | Price 2300.58 | Qty 50
WASH_TRADE,HIGH,2026-03-03T19:34:32.719619,Trader T0008 | SOLUSDT | Price 99.53 | Qty 56
WASH_TRADE,MEDIUM,2026-03-03T19:34:32.719851,Trader T0008 | SOLUSDT | Price 94.75 | Qty 22
WASH_TRADE,MEDIUM,2026-03-03T19:34:32.723373,Trader T0009 | BTCUSDT | Price 41998.36 | Qty 20
WASH_TRADE,MEDIUM,2026-03-03T19:34:32.724583,Trader T0009 | BTCUSDT | Price 41998.39 | Qty 26
WASH_TRADE,HIGH,2026-03-03T19:34:32.728548,Trader T0009 | ETHUSDT | Price 2301.71 | Qty 54
WASH_TRADE,HIGH,2026-03-03T19:34:32.729212,Trader T0009 | ETHUSDT | Price 2301.28 | Qty 60
WASH_TRADE,HIGH,2026-03-03T19:34:32.733071,Trader T0009 | ETHUSDT | Price 2298.58 | Qty 52
WASH_TRADE,MEDIUM,2026-03-03T19:34:32.737066,Trader T0009 | SOLUSDT | Price 95.33 | Qty 28
WASH_TRADE,MEDIUM,2026-03-03T19:34:32.738508,Trader T0009 | SOLUSDT | Price 95.47 | Qty 50
WASH_TRADE,HIGH,2026-03-03T19:34:32.742463,Trader T0010 | BTCUSDT | Price 41999.75 | Qty 52
WASH_TRADE,MEDIUM,2026-03-03T19:34:32.742782,Trader T0010 | BTCUSDT | Price 41999.73 | Qty 48
WASH_TRADE,MEDIUM,2026-03-03T19:34:32.746371,Trader T0010 | BTCUSDT | Price 41999.88 | Qty 42
WASH_TRADE,MEDIUM,2026-03-03T19:34:32.747758,Trader T0010 | BTCUSDT | Price 42000.17 | Qty 40
WASH_TRADE,MEDIUM,2026-03-03T19:34:32.751734,Trader T0010 | ETHUSDT | Price 2300.49 | Qty 32
WASH_TRADE,MEDIUM,2026-03-03T19:34:32.753518,Trader T0010 | ETHUSDT | Price 2298.16 | Qty 48
WASH_TRADE,HIGH,2026-03-03T19:34:32.754253,Trader T0010 | ETHUSDT | Price 2295.47 | Qty 54
WASH_TRADE,MEDIUM,2026-03-03T19:34:32.758110,Trader T0010 | SOLUSDT | Price 94.6 | Qty 48
WASH_TRADE,HIGH,2026-03-03T19:34:32.761228,Trader T0010 | SOLUSDT | Price 93.64 | Qty 56
WASH_TRADE,HIGH,2026-03-03T19:34:32.762042,Trader T0010 | SOLUSDT | Price 89.39 | Qty 52
WASH_TRADE,HIGH,2026-03-03T19:34:32.766768,Trader T0011 | BTCUSDT | Price 42002.16 | Qty 52
WASH_TRADE,MEDIUM,2026-03-03T19:34:32.767134,Trader T0011 | BTCUSDT | Price 42001.83 | Qty 40
WASH_TRADE,MEDIUM,2026-03-03T19:34:32.775836,Trader T0011 | ETHUSDT | Price 2298.58 | Qty 48
WASH_TRADE,MEDIUM,2026-03-03T19:34:32.779693,Trader T0011 | SOLUSDT | Price 94.86 | Qty 22
WASH_TRADE,HIGH,2026-03-03T19:34:32.780864,Trader T0011 | SOLUSDT | Price 96.1 | Qty 56
WASH_TRADE,MEDIUM,2026-03-03T19:34:32.783653,Trader T0011 | SOLUSDT | Price 93.55 | Qty 36
WASH_TRADE,MEDIUM,2026-03-03T19:34:32.784372,Trader T0012 | BTCUSDT | Price 42003.05 | Qty 46
WASH_TRADE,MEDIUM,2026-03-03T19:34:32.787549,Trader T0012 | BTCUSDT | Price 41996.95 | Qty 48
WASH_TRADE,MEDIUM,2026-03-03T19:34:32.790553,Trader T0012 | BTCUSDT | Price 41996.85 | Qty 38
WASH_TRADE,MEDIUM,2026-03-03T19:34:32.792541,Trader T0012 | ETHUSDT | Price 2299.66 | Qty 38
WASH_TRADE,MEDIUM,2026-03-03T19:34:32.796172,Trader T0012 | ETHUSDT | Price 2299.25 | Qty 26
WASH_TRADE,MEDIUM,2026-03-03T19:34:32.798317,Trader T0012 | SOLUSDT | Price 93.09 | Qty 44
WASH_TRADE,MEDIUM,2026-03-03T19:34:32.798371,Trader T0012 | SOLUSDT | Price 96.85 | Qty 48
WASH_TRADE,MEDIUM,2026-03-03T19:34:32.798541,Trader T0012 | SOLUSDT | Price 93.94 | Qty 34
WASH_TRADE,MEDIUM,2026-03-03T19:34:32.801619,Trader T0012 | SOLUSDT | Price 92.51 | Qty 20
WASH_TRADE,HIGH,2026-03-03T19:34:32.806401,Trader T0013 | BTCUSDT | Price 42003.57 | Qty 52
WASH_TRADE,MEDIUM,2026-03-03T19:34:32.807594,Trader T0013 | BTCUSDT | Price 41999.45 | Qty 40
WASH_TRADE,MEDIUM,2026-03-03T19:34:32.808524,Trader T0013 | BTCUSDT | Price 42000.03 | Qty 32
WASH_TRADE,MEDIUM,2026-03-03T19:34:32.810669,Trader T0013 | ETHUSDT | Price 2301.09 | Qty 22
WASH_TRADE,MEDIUM,2026-03-03T19:34:32.812551,Trader T0013 | ETHUSDT | Price 2303.78 | Qty 32
WASH_TRADE,MEDIUM,2026-03-03T19:34:32.813345,Trader T0013 | ETHUSDT | Price 2300.08 | Qty 24
WASH_TRADE,HIGH,2026-03-03T19:34:32.813499,Trader T0013 | ETHUSDT | Price 2295.56 | Qty 56
WASH_TRADE,MEDIUM,2026-03-03T19:34:32.815298,Trader T0013 | ETHUSDT | Price 2299.23 | Qty 40
WASH_TRADE,HIGH,2026-03-03T19:34:32.815668,Trader T0013 | SOLUSDT | Price 95.2 | Qty 54
WASH_TRADE,HIGH,2026-03-03T19:34:32.825901,Trader T0014 | BTCUSDT | Price 42002.36 | Qty 52
WASH_TRADE,HIGH,2026-03-03T19:34:32.831739,Trader T0014 | ETHUSDT | Price 2305.47 | Qty 56
WASH_TRADE,MEDIUM,2026-03-03T19:34:32.835154,Trader T0014 | SOLUSDT | Price 94.93 | Qty 22
WASH_TRADE,MEDIUM,2026-03-03T19:34:32.835426,Trader T0014 | SOLUSDT | Price 95.64 | Qty 26
WASH_TRADE,MEDIUM,2026-03-03T19:34:32.838542,Trader T0014 | SOLUSDT | Price 93.19 | Qty 20
WASH_TRADE,MEDIUM,2026-03-03T19:34:32.839624,Trader T0014 | SOLUSDT | Price 97.9 | Qty 40
WASH_TRADE,MEDIUM,2026-03-03T19:34:32.841182,Trader T0015 | BTCUSDT | Price 42001.26 | Qty 24
WASH_TRADE,HIGH,2026-03-03T19:34:32.841508,Trader T0015 | BTCUSDT | Price 41999.53 | Qty 52
WASH_TRADE,HIGH,2026-03-03T19:34:32.846686,Trader T0015 | BTCUSDT | Price 42002.33 | Qty 54
WASH_TRADE,MEDIUM,2026-03-03T19:34:32.849410,Trader T0015 | ETHUSDT | Price 2296.54 | Qty 48
WASH_TRADE,MEDIUM,2026-03-03T19:34:32.849642,Trader T0015 | ETHUSDT | Price 2301.42 | Qty 24
WASH_TRADE,MEDIUM,2026-03-03T19:34:32.849885,Trader T0015 | ETHUSDT | Price 2299.72 | Qty 30
WASH_TRADE,MEDIUM,2026-03-03T19:34:32.850744,Trader T0015 | ETHUSDT | Price 2299.06 | Qty 30
WASH_TRADE,MEDIUM,2026-03-03T19:34:32.850944,Trader T0015 | ETHUSDT | Price 2299.82 | Qty 20
WASH_TRADE,MEDIUM,2026-03-03T19:34:32.854897,Trader T0015 | SOLUSDT | Price 94.81 | Qty 34
WASH_TRADE,MEDIUM,2026-03-03T19:34:32.855588,Trader T0015 | SOLUSDT | Price 97.15 | Qty 42
WASH_TRADE,HIGH,2026-03-03T19:34:32.857660,Trader T0015 | SOLUSDT | Price 93.2 | Qty 52
WASH_TRADE,HIGH,2026-03-03T19:34:32.863271,Trader T0016 | BTCUSDT | Price 42001.09 | Qty 52
WASH_TRADE,MEDIUM,2026-03-03T19:34:32.863989,Trader T0016 | BTCUSDT | Price 42001.65 | Qty 36
WASH_TRADE,HIGH,2026-03-03T19:34:32.864094,Trader T0016 | BTCUSDT | Price 41997.96 | Qty 56
WASH_TRADE,HIGH,2026-03-03T19:34:32.870215,Trader T0016 | ETHUSDT | Price 2302.22 | Qty 58
WASH_TRADE,HIGH,2026-03-03T19:34:32.871992,Trader T0016 | ETHUSDT | Price 2297.43 | Qty 54
WASH_TRADE,MEDIUM,2026-03-03T19:34:32.872115,Trader T0016 | ETHUSDT | Price 2299.08 | Qty 20
WASH_TRADE,MEDIUM,2026-03-03T19:34:32.874284,Trader T0016 | SOLUSDT | Price 94.64 | Qty 28
WASH_TRADE,MEDIUM,2026-03-03T19:34:32.876280,Trader T0016 | SOLUSDT | Price 93.7 | Qty 30
WASH_TRADE,HIGH,2026-03-03T19:34:32.883187,Trader T0017 | BTCUSDT | Price 42003.8 | Qty 60
WASH_TRADE,MEDIUM,2026-03-03T19:34:32.883386,Trader T0017 | BTCUSDT | Price 42000.53 | Qty 36
WASH_TRADE,MEDIUM,2026-03-03T19:34:32.885677,Trader T0017 | BTCUSDT | Price 41997.46 | Qty 46
WASH_TRADE,HIGH,2026-03-03T19:34:32.885724,Trader T0017 | BTCUSDT | Price 41994.93 | Qty 56
WASH_TRADE,HIGH,2026-03-03T19:34:32.888691,Trader T0017 | ETHUSDT | Price 2299.05 | Qty 52
WASH_TRADE,HIGH,2026-03-03T19:34:32.889048,Trader T0017 | ETHUSDT | Price 2296.46 | Qty 52
WASH_TRADE,MEDIUM,2026-03-03T19:34:32.890855,Trader T0017 | ETHUSDT | Price 2299.88 | Qty 34
WASH_TRADE,HIGH,2026-03-03T19:34:32.891084,Trader T0017 | ETHUSDT | Price 2301.17 | Qty 60
WASH_TRADE,MEDIUM,2026-03-03T19:34:32.893006,Trader T0017 | ETHUSDT | Price 2301.45 | Qty 36
WASH_TRADE,MEDIUM,2026-03-03T19:34:32.897008,Trader T0017 | SOLUSDT | Price 92.88 | Qty 24
WASH_TRADE,HIGH,2026-03-03T19:34:32.897726,Trader T0017 | SOLUSDT | Price 93.03 | Qty 52
WASH_TRADE,MEDIUM,2026-03-03T19:34:32.901733,Trader T0018 | BTCUSDT | Price 41997.8 | Qty 24
WASH_TRADE,MEDIUM,2026-03-03T19:34:32.903209,Trader T0018 | BTCUSDT | Price 41999.45 | Qty 50
WASH_TRADE,HIGH,2026-03-03T19:34:32.909027,Trader T0018 | ETHUSDT | Price 2299.0 | Qty 54
WASH_TRADE,MEDIUM,2026-03-03T19:34:32.913080,Trader T0018 | SOLUSDT | Price 96.38 | Qty 48
WASH_TRADE,MEDIUM,2026-03-03T19:34:32.918966,Trader T0018 | SOLUSDT | Price 98.07 | Qty 24
WASH_TRADE,MEDIUM,2026-03-03T19:34:32.921029,Trader T0019 | BTCUSDT | Price 41999.04 | Qty 32
WASH_TRADE,MEDIUM,2026-03-03T19:34:32.924470,Trader T0019 | BTCUSDT | Price 42001.82 | Qty 20
WASH_TRADE,MEDIUM,2026-03-03T19:34:32.929788,Trader T0019 | ETHUSDT | Price 2299.49 | Qty 34
WASH_TRADE,MEDIUM,2026-03-03T19:34:32.931287,Trader T0019 | SOLUSDT | Price 91.95 | Qty 34
WASH_TRADE,HIGH,2026-03-03T19:34:32.932621,Trader T0019 | SOLUSDT | Price 97.95 | Qty 56
WASH_TRADE,MEDIUM,2026-03-03T19:34:32.939804,Trader T0020 | BTCUSDT | Price 41998.07 | Qty 38
WASH_TRADE,MEDIUM,2026-03-03T19:34:32.940591,Trader T0020 | BTCUSDT | Price 42002.25 | Qty 50
WASH_TRADE,MEDIUM,2026-03-03T19:34:32.940724,Trader T0020 | BTCUSDT | Price 41999.63 | Qty 36
WASH_TRADE,MEDIUM,2026-03-03T19:34:32.943945,Trader T0020 | BTCUSDT | Price 41996.98 | Qty 32
WASH_TRADE,MEDIUM,2026-03-03T19:34:32.944108,Trader T0020 | BTCUSDT | Price 42002.35 | Qty 50
WASH_TRADE,HIGH,2026-03-03T19:34:32.944971,Trader T0020 | ETHUSDT | Price 2301.61 | Qty 60
WASH_TRADE,HIGH,2026-03-03T19:34:32.947502,Trader T0020 | ETHUSDT | Price 2301.36 | Qty 60
WASH_TRADE,MEDIUM,2026-03-03T19:34:32.947996,Trader T0020 | ETHUSDT | Price 2300.11 | Qty 26
WASH_TRADE,HIGH,2026-03-03T19:34:32.949321,Trader T0020 | ETHUSDT | Price 2301.47 | Qty 52
WASH_TRADE,MEDIUM,2026-03-03T19:34:32.953630,Trader T0020 | SOLUSDT | Price 96.63 | Qty 32
WASH_TRADE,MEDIUM,2026-03-03T19:34:32.956100,Trader T0020 | SOLUSDT | Price 94.32 | Qty 42
WASH_TRADE,MEDIUM,2026-03-03T19:34:32.958403,Trader T0021 | BTCUSDT | Price 42000.3 | Qty 22
WASH_TRADE,HIGH,2026-03-03T19:34:32.966022,Trader T0021 | ETHUSDT | Price 2301.37 | Qty 58
WASH_TRADE,MEDIUM,2026-03-03T19:34:32.967705,Trader T0021 | ETHUSDT | Price 2301.45 | Qty 30
WASH_TRADE,HIGH,2026-03-03T19:34:32.970076,Trader T0021 | ETHUSDT | Price 2298.88 | Qty 58
WASH_TRADE,MEDIUM,2026-03-03T19:34:32.970453,Trader T0021 | ETHUSDT | Price 2298.98 | Qty 24
WASH_TRADE,MEDIUM,2026-03-03T19:34:32.970833,Trader T0021 | ETHUSDT | Price 2299.57 | Qty 50
WASH_TRADE,MEDIUM,2026-03-03T19:34:32.976918,Trader T0021 | SOLUSDT | Price 92.42 | Qty 38
WASH_TRADE,MEDIUM,2026-03-03T19:34:32.994591,Trader T0022 | SOLUSDT | Price 94.55 | Qty 36
WASH_TRADE,MEDIUM,2026-03-03T19:34:32.997572,Trader T0022 | SOLUSDT | Price 97.12 | Qty 46
WASH_TRADE,HIGH,2026-03-03T19:34:32.998001,Trader T0022 | SOLUSDT | Price 96.09 | Qty 52
WASH_TRADE,MEDIUM,2026-03-03T19:34:32.999435,Trader T0022 | SOLUSDT | Price 95.01 | Qty 26
WASH_TRADE,HIGH,2026-03-03T19:34:33.002453,Trader T0023 | BTCUSDT | Price 42003.04 | Qty 58
WASH_TRADE,MEDIUM,2026-03-03T19:34:33.002947,Trader T0023 | BTCUSDT | Price 42001.13 | Qty 44
WASH_TRADE,MEDIUM,2026-03-03T19:34:33.003537,Trader T0023 | BTCUSDT | Price 41999.77 | Qty 30
WASH_TRADE,MEDIUM,2026-03-03T19:34:33.003584,Trader T0023 | BTCUSDT | Price 42002.16 | Qty 34
WASH_TRADE,MEDIUM,2026-03-03T19:34:33.006797,Trader T0023 | ETHUSDT | Price 2296.2 | Qty 30
WASH_TRADE,MEDIUM,2026-03-03T19:34:33.008635,Trader T0023 | ETHUSDT | Price 2294.86 | Qty 48
WASH_TRADE,MEDIUM,2026-03-03T19:34:33.011569,Trader T0023 | ETHUSDT | Price 2298.62 | Qty 26
WASH_TRADE,MEDIUM,2026-03-03T19:34:33.012843,Trader T0023 | ETHUSDT | Price 2300.61 | Qty 46
WASH_TRADE,MEDIUM,2026-03-03T19:34:33.014165,Trader T0023 | SOLUSDT | Price 98.29 | Qty 26
WASH_TRADE,HIGH,2026-03-03T19:34:33.014486,Trader T0023 | SOLUSDT | Price 93.43 | Qty 58
WASH_TRADE,MEDIUM,2026-03-03T19:34:33.014782,Trader T0023 | SOLUSDT | Price 100.22 | Qty 42
WASH_TRADE,HIGH,2026-03-03T19:34:33.017051,Trader T0023 | SOLUSDT | Price 93.69 | Qty 58
WASH_TRADE,MEDIUM,2026-03-03T19:34:33.017867,Trader T0023 | SOLUSDT | Price 95.8 | Qty 36
WASH_TRADE,MEDIUM,2026-03-03T19:34:33.021703,Trader T0024 | BTCUSDT | Price 41997.4 | Qty 24
WASH_TRADE,MEDIUM,2026-03-03T19:34:33.025305,Trader T0024 | BTCUSDT | Price 42000.3 | Qty 50
WASH_TRADE,MEDIUM,2026-03-03T19:34:33.029310,Trader T0024 | ETHUSDT | Price 2297.23 | Qty 30
WASH_TRADE,MEDIUM,2026-03-03T19:34:33.031550,Trader T0024 | SOLUSDT | Price 92.85 | Qty 24
WASH_TRADE,HIGH,2026-03-03T19:34:33.032501,Trader T0024 | SOLUSDT | Price 92.41 | Qty 60
WASH_TRADE,MEDIUM,2026-03-03T19:34:33.033822,Trader T0024 | SOLUSDT | Price 94.14 | Qty 44
WASH_TRADE,MEDIUM,2026-03-03T19:34:33.034139,Trader T0024 | SOLUSDT | Price 94.12 | Qty 50
WASH_TRADE,MEDIUM,2026-03-03T19:34:33.039966,Trader T0025 | BTCUSDT | Price 42003.32 | Qty 48
WASH_TRADE,HIGH,2026-03-03T19:34:33.040289,Trader T0025 | BTCUSDT | Price 42001.42 | Qty 52
WASH_TRADE,MEDIUM,2026-03-03T19:34:33.040981,Trader T0025 | BTCUSDT | Price 42002.9 | Qty 28
WASH_TRADE,MEDIUM,2026-03-03T19:34:33.041669,Trader T0025 | BTCUSDT | Price 41999.78 | Qty 46
WASH_TRADE,MEDIUM,2026-03-03T19:34:33.043586,Trader T0025 | BTCUSDT | Price 42000.91 | Qty 46
WASH_TRADE,MEDIUM,2026-03-03T19:34:33.043846,Trader T0025 | BTCUSDT | Price 41997.95 | Qty 40
WASH_TRADE,MEDIUM,2026-03-03T19:34:33.045040,Trader T0025 | ETHUSDT | Price 2298.9 | Qty 36
WASH_TRADE,MEDIUM,2026-03-03T19:34:33.045311,Trader T0025 | ETHUSDT | Price 2301.37 | Qty 44
WASH_TRADE,MEDIUM,2026-03-03T19:34:33.048236,Trader T0025 | ETHUSDT | Price 2300.43 | Qty 28
WASH_TRADE,MEDIUM,2026-03-03T19:34:33.048871,Trader T0025 | ETHUSDT | Price 2301.83 | Qty 22
WASH_TRADE,MEDIUM,2026-03-03T19:34:33.051087,Trader T0025 | ETHUSDT | Price 2296.18 | Qty 42
WASH_TRADE,MEDIUM,2026-03-03T19:34:33.051555,Trader T0025 | ETHUSDT | Price 2301.87 | Qty 36
WASH_TRADE,MEDIUM,2026-03-03T19:34:33.061621,Trader T0026 | BTCUSDT | Price 41999.31 | Qty 32
WASH_TRADE,MEDIUM,2026-03-03T19:34:33.063965,Trader T0026 | BTCUSDT | Price 41997.81 | Qty 50
WASH_TRADE,MEDIUM,2026-03-03T19:34:33.064128,Trader T0026 | BTCUSDT | Price 42000.84 | Qty 28
WASH_TRADE,HIGH,2026-03-03T19:34:33.065367,Trader T0026 | ETHUSDT | Price 2297.9 | Qty 54
WASH_TRADE,MEDIUM,2026-03-03T19:34:33.067876,Trader T0026 | ETHUSDT | Price 2297.04 | Qty 20
WASH_TRADE,MEDIUM,2026-03-03T19:34:33.069355,Trader T0026 | ETHUSDT | Price 2302.27 | Qty 40
WASH_TRADE,MEDIUM,2026-03-03T19:34:33.074701,Trader T0026 | SOLUSDT | Price 93.03 | Qty 28
WASH_TRADE,HIGH,2026-03-03T19:34:33.075573,Trader T0026 | SOLUSDT | Price 91.37 | Qty 54
WASH_TRADE,MEDIUM,2026-03-03T19:34:33.079239,Trader T0027 | BTCUSDT | Price 42003.42 | Qty 28
WASH_TRADE,HIGH,2026-03-03T19:34:33.081262,Trader T0027 | BTCUSDT | Price 42001.76 | Qty 54
WASH_TRADE,MEDIUM,2026-03-03T19:34:33.082655,Trader T0027 | BTCUSDT | Price 41999.31 | Qty 24
WASH_TRADE,HIGH,2026-03-03T19:34:33.085754,Trader T0027 | ETHUSDT | Price 2298.6 | Qty 52
WASH_TRADE,MEDIUM,2026-03-03T19:34:33.091353,Trader T0027 | SOLUSDT | Price 94.41 | Qty 34
WASH_TRADE,MEDIUM,2026-03-03T19:34:33.093433,Trader T0027 | SOLUSDT | Price 94.06 | Qty 42
WASH_TRADE,MEDIUM,2026-03-03T19:34:33.095037,Trader T0027 | SOLUSDT | Price 94.59 | Qty 34
WASH_TRADE,MEDIUM,2026-03-03T19:34:33.095789,Trader T0027 | SOLUSDT | Price 93.32 | Qty 32
WASH_TRADE,MEDIUM,2026-03-03T19:34:33.103503,Trader T0028 | BTCUSDT | Price 42003.06 | Qty 36
WASH_TRADE,MEDIUM,2026-03-03T19:34:33.103701,Trader T0028 | BTCUSDT | Price 41999.34 | Qty 46
WASH_TRADE,MEDIUM,2026-03-03T19:34:33.104751,Trader T0028 | BTCUSDT | Price 41998.73 | Qty 30
WASH_TRADE,MEDIUM,2026-03-03T19:34:33.110682,Trader T0028 | ETHUSDT | Price 2298.94 | Qty 40
WASH_TRADE,MEDIUM,2026-03-03T19:34:33.110898,Trader T0028 | ETHUSDT | Price 2300.52 | Qty 28
WASH_TRADE,HIGH,2026-03-03T19:34:33.111201,Trader T0028 | SOLUSDT | Price 93.49 | Qty 52
WASH_TRADE,MEDIUM,2026-03-03T19:34:33.111355,Trader T0028 | SOLUSDT | Price 91.84 | Qty 36
WASH_TRADE,MEDIUM,2026-03-03T19:34:33.125190,Trader T0029 | BTCUSDT | Price 42000.93 | Qty 30
WASH_TRADE,MEDIUM,2026-03-03T19:34:33.128912,Trader T0029 | ETHUSDT | Price 2299.51 | Qty 48
WASH_TRADE,MEDIUM,2026-03-03T19:34:33.134245,Trader T0029 | SOLUSDT | Price 94.95 | Qty 20
WASH_TRADE,MEDIUM,2026-03-03T19:34:33.137843,Trader T0029 | SOLUSDT | Price 92.99 | Qty 34
WASH_TRADE,MEDIUM,2026-03-03T19:34:33.141807,Trader T0030 | BTCUSDT | Price 41999.2 | Qty 30
WASH_TRADE,HIGH,2026-03-03T19:34:33.142365,Trader T0030 | BTCUSDT | Price 42004.3 | Qty 60
WASH_TRADE,HIGH,2026-03-03T19:34:33.145544,Trader T0030 | BTCUSDT | Price 42001.72 | Qty 60
WASH_TRADE,MEDIUM,2026-03-03T19:34:33.153998,Trader T0030 | SOLUSDT | Price 99.18 | Qty 34
WASH_TRADE,MEDIUM,2026-03-03T19:34:33.158998,Trader T0030 | SOLUSDT | Price 95.61 | Qty 22
WASH_TRADE,MEDIUM,2026-03-03T19:34:33.160098,Trader T0030 | SOLUSDT | Price 94.34 | Qty 50
WASH_TRADE,MEDIUM,2026-03-03T19:34:33.163218,Trader T0031 | BTCUSDT | Price 42000.98 | Qty 30
WASH_TRADE,MEDIUM,2026-03-03T19:34:33.166314,Trader T0031 | BTCUSDT | Price 42002.42 | Qty 46
WASH_TRADE,HIGH,2026-03-03T19:34:33.168631,Trader T0031 | ETHUSDT | Price 2304.24 | Qty 58
WASH_TRADE,MEDIUM,2026-03-03T19:34:33.169382,Trader T0031 | ETHUSDT | Price 2302.71 | Qty 36
WASH_TRADE,MEDIUM,2026-03-03T19:34:33.169539,Trader T0031 | ETHUSDT | Price 2299.32 | Qty 34
WASH_TRADE,MEDIUM,2026-03-03T19:34:33.171948,Trader T0031 | ETHUSDT | Price 2299.0 | Qty 40
WASH_TRADE,MEDIUM,2026-03-03T19:34:33.177634,Trader T0031 | SOLUSDT | Price 93.73 | Qty 48
WASH_TRADE,MEDIUM,2026-03-03T19:34:33.177707,Trader T0031 | SOLUSDT | Price 93.49 | Qty 44
WASH_TRADE,HIGH,2026-03-03T19:34:33.185928,Trader T0032 | ETHUSDT | Price 2297.22 | Qty 56
WASH_TRADE,HIGH,2026-03-03T19:34:33.187059,Trader T0032 | ETHUSDT | Price 2294.93 | Qty 60
WASH_TRADE,HIGH,2026-03-03T19:34:33.187534,Trader T0032 | ETHUSDT | Price 2300.65 | Qty 60
WASH_TRADE,MEDIUM,2026-03-03T19:34:33.187660,Trader T0032 | ETHUSDT | Price 2298.69 | Qty 48
WASH_TRADE,HIGH,2026-03-03T19:34:33.188954,Trader T0032 | ETHUSDT | Price 2297.98 | Qty 58
WASH_TRADE,MEDIUM,2026-03-03T19:34:33.189138,Trader T0032 | ETHUSDT | Price 2301.66 | Qty 24
WASH_TRADE,MEDIUM,2026-03-03T19:34:33.191678,Trader T0032 | ETHUSDT | Price 2296.47 | Qty 44
WASH_TRADE,MEDIUM,2026-03-03T19:34:33.192181,Trader T0032 | ETHUSDT | Price 2299.18 | Qty 48
WASH_TRADE,MEDIUM,2026-03-03T19:34:33.194530,Trader T0032 | SOLUSDT | Price 92.63 | Qty 46
WASH_TRADE,MEDIUM,2026-03-03T19:34:33.194963,Trader T0032 | SOLUSDT | Price 98.22 | Qty 44
WASH_TRADE,MEDIUM,2026-03-03T19:34:33.198302,Trader T0032 | SOLUSDT | Price 91.67 | Qty 50
WASH_TRADE,MEDIUM,2026-03-03T19:34:33.199392,Trader T0032 | SOLUSDT | Price 93.87 | Qty 42
WASH_TRADE,MEDIUM,2026-03-03T19:34:33.199580,Trader T0032 | SOLUSDT | Price 95.39 | Qty 26
WASH_TRADE,MEDIUM,2026-03-03T19:34:33.200228,Trader T0033 | BTCUSDT | Price 41998.56 | Qty 22
WASH_TRADE,MEDIUM,2026-03-03T19:34:33.200383,Trader T0033 | BTCUSDT | Price 41997.61 | Qty 42
WASH_TRADE,MEDIUM,2026-03-03T19:34:33.201289,Trader T0033 | BTCUSDT | Price 41999.05 | Qty 20
WASH_TRADE,MEDIUM,2026-03-03T19:34:33.201598,Trader T0033 | BTCUSDT | Price 42000.84 | Qty 34
WASH_TRADE,MEDIUM,2026-03-03T19:34:33.207758,Trader T0033 | ETHUSDT | Price 2299.26 | Qty 40
WASH_TRADE,HIGH,2026-03-03T19:34:33.208564,Trader T0033 | ETHUSDT | Price 2304.14 | Qty 52
WASH_TRADE,MEDIUM,2026-03-03T19:34:33.217897,Trader T0033 | SOLUSDT | Price 93.48 | Qty 44
WASH_TRADE,MEDIUM,2026-03-03T19:34:33.218707,Trader T0033 | SOLUSDT | Price 90.7 | Qty 38
WASH_TRADE,HIGH,2026-03-03T19:34:33.219644,Trader T0033 | SOLUSDT | Price 95.56 | Qty 52
WASH_TRADE,MEDIUM,2026-03-03T19:34:33.220009,Trader T0034 | BTCUSDT | Price 42001.11 | Qty 46
WASH_TRADE,HIGH,2026-03-03T19:34:33.227438,Trader T0034 | ETHUSDT | Price 2301.77 | Qty 58
WASH_TRADE,HIGH,2026-03-03T19:34:33.228974,Trader T0034 | ETHUSDT | Price 2300.0 | Qty 56
WASH_TRADE,MEDIUM,2026-03-03T19:34:33.229072,Trader T0034 | ETHUSDT | Price 2302.32 | Qty 36
WASH_TRADE,MEDIUM,2026-03-03T19:34:33.230017,Trader T0034 | ETHUSDT | Price 2300.38 | Qty 22
WASH_TRADE,MEDIUM,2026-03-03T19:34:33.235399,Trader T0034 | SOLUSDT | Price 96.52 | Qty 30
WASH_TRADE,MEDIUM,2026-03-03T19:34:33.239575,Trader T0034 | SOLUSDT | Price 96.25 | Qty 50
WASH_TRADE,HIGH,2026-03-03T19:34:33.239655,Trader T0034 | SOLUSDT | Price 94.37 | Qty 54
WASH_TRADE,MEDIUM,2026-03-03T19:34:33.241599,Trader T0035 | BTCUSDT | Price 41997.49 | Qty 28
WASH_TRADE,HIGH,2026-03-03T19:34:33.242469,Trader T0035 | BTCUSDT | Price 41999.6 | Qty 54
WASH_TRADE,MEDIUM,2026-03-03T19:34:33.245118,Trader T0035 | BTCUSDT | Price 42001.76 | Qty 32
WASH_TRADE,MEDIUM,2026-03-03T19:34:33.247710,Trader T0035 | ETHUSDT | Price 2295.52 | Qty 34
WASH_TRADE,HIGH,2026-03-03T19:34:33.251256,Trader T0035 | ETHUSDT | Price 2299.44 | Qty 60
WASH_TRADE,MEDIUM,2026-03-03T19:34:33.252402,Trader T0035 | ETHUSDT | Price 2301.34 | Qty 46
WASH_TRADE,MEDIUM,2026-03-03T19:34:33.254146,Trader T0035 | SOLUSDT | Price 93.7 | Qty 48
WASH_TRADE,MEDIUM,2026-03-03T19:34:33.255717,Trader T0035 | SOLUSDT | Price 94.7 | Qty 22
WASH_TRADE,MEDIUM,2026-03-03T19:34:33.256340,Trader T0035 | SOLUSDT | Price 93.53 | Qty 44
WASH_TRADE,HIGH,2026-03-03T19:34:33.260239,Trader T0035 | SOLUSDT | Price 93.27 | Qty 56
WASH_TRADE,MEDIUM,2026-03-03T19:34:33.261628,Trader T0036 | BTCUSDT | Price 42000.06 | Qty 30
WASH_TRADE,HIGH,2026-03-03T19:34:33.263718,Trader T0036 | BTCUSDT | Price 41997.51 | Qty 56
WASH_TRADE,MEDIUM,2026-03-03T19:34:33.265194,Trader T0036 | BTCUSDT | Price 42000.12 | Qty 28
WASH_TRADE,MEDIUM,2026-03-03T19:34:33.268912,Trader T0036 | ETHUSDT | Price 2299.93 | Qty 30
WASH_TRADE,MEDIUM,2026-03-03T19:34:33.270483,Trader T0036 | ETHUSDT | Price 2299.78 | Qty 20
WASH_TRADE,HIGH,2026-03-03T19:34:33.272439,Trader T0036 | ETHUSDT | Price 2296.21 | Qty 58
WASH_TRADE,MEDIUM,2026-03-03T19:34:33.272736,Trader T0036 | ETHUSDT | Price 2304.72 | Qty 24
WASH_TRADE,HIGH,2026-03-03T19:34:33.279895,Trader T0037 | BTCUSDT | Price 41999.62 | Qty 52
WASH_TRADE,MEDIUM,2026-03-03T19:34:33.280018,Trader T0037 | BTCUSDT | Price 41998.84 | Qty 48
WASH_TRADE,HIGH,2026-03-03T19:34:33.280289,Trader T0037 | BTCUSDT | Price 41998.62 | Qty 60
WASH_TRADE,MEDIUM,2026-03-03T19:34:33.280974,Trader T0037 | BTCUSDT | Price 42002.02 | Qty 50
WASH_TRADE,MEDIUM,2026-03-03T19:34:33.289794,Trader T0037 | ETHUSDT | Price 2297.73 | Qty 24
WASH_TRADE,HIGH,2026-03-03T19:34:33.291483,Trader T0037 | ETHUSDT | Price 2301.24 | Qty 54
WASH_TRADE,HIGH,2026-03-03T19:34:33.296275,Trader T0037 | SOLUSDT | Price 94.05 | Qty 54
WASH_TRADE,MEDIUM,2026-03-03T19:34:33.302239,Trader T0038 | BTCUSDT | Price 42002.53 | Qty 20
WASH_TRADE,HIGH,2026-03-03T19:34:33.302802,Trader T0038 | BTCUSDT | Price 41997.92 | Qty 52
WASH_TRADE,MEDIUM,2026-03-03T19:34:33.303953,Trader T0038 | BTCUSDT | Price 42001.17 | Qty 38
WASH_TRADE,MEDIUM,2026-03-03T19:34:33.310474,Trader T0038 | ETHUSDT | Price 2297.57 | Qty 40
WASH_TRADE,MEDIUM,2026-03-03T19:34:33.310778,Trader T0038 | ETHUSDT | Price 2301.3 | Qty 48
WASH_TRADE,MEDIUM,2026-03-03T19:34:33.315225,Trader T0038 | SOLUSDT | Price 94.55 | Qty 32
WASH_TRADE,HIGH,2026-03-03T19:34:33.315578,Trader T0038 | SOLUSDT | Price 91.7 | Qty 54
WASH_TRADE,MEDIUM,2026-03-03T19:34:33.317750,Trader T0038 | SOLUSDT | Price 95.37 | Qty 36
WASH_TRADE,HIGH,2026-03-03T19:34:33.318228,Trader T0038 | SOLUSDT | Price 94.13 | Qty 60
WASH_TRADE,MEDIUM,2026-03-03T19:34:33.322229,Trader T0039 | BTCUSDT | Price 42000.56 | Qty 50
WASH_TRADE,MEDIUM,2026-03-03T19:34:33.329653,Trader T0039 | ETHUSDT | Price 2297.54 | Qty 30
WASH_TRADE,MEDIUM,2026-03-03T19:34:33.330501,Trader T0039 | ETHUSDT | Price 2296.76 | Qty 22
WASH_TRADE,MEDIUM,2026-03-03T19:34:33.330906,Trader T0039 | ETHUSDT | Price 2299.86 | Qty 36
WASH_TRADE,MEDIUM,2026-03-03T19:34:33.337902,Trader T0039 | SOLUSDT | Price 92.79 | Qty 40
WASH_TRADE,MEDIUM,2026-03-03T19:34:33.338757,Trader T0039 | SOLUSDT | Price 97.07 | Qty 32
WASH_TRADE,HIGH,2026-03-03T19:34:33.340104,Trader T0039 | SOLUSDT | Price 96.78 | Qty 52
WASH_TRADE,HIGH,2026-03-03T19:34:33.342654,Trader T0040 | BTCUSDT | Price 42001.17 | Qty 60
WASH_TRADE,MEDIUM,2026-03-03T19:34:33.344654,Trader T0040 | BTCUSDT | Price 42003.01 | Qty 20
WASH_TRADE,MEDIUM,2026-03-03T19:34:33.344702,Trader T0040 | BTCUSDT | Price 42001.39 | Qty 46
WASH_TRADE,MEDIUM,2026-03-03T19:34:33.345638,Trader T0040 | BTCUSDT | Price 41997.62 | Qty 48
WASH_TRADE,MEDIUM,2026-03-03T19:34:33.350029,Trader T0040 | ETHUSDT | Price 2298.67 | Qty 36
WASH_TRADE,HIGH,2026-03-03T19:34:33.353235,Trader T0040 | ETHUSDT | Price 2300.05 | Qty 54
WASH_TRADE,MEDIUM,2026-03-03T19:34:33.356750,Trader T0040 | SOLUSDT | Price 93.63 | Qty 20
WASH_TRADE,MEDIUM,2026-03-03T19:34:33.362001,Trader T0041 | BTCUSDT | Price 42000.68 | Qty 26
WASH_TRADE,MEDIUM,2026-03-03T19:34:33.365427,Trader T0041 | BTCUSDT | Price 41999.5 | Qty 20
WASH_TRADE,MEDIUM,2026-03-03T19:34:33.369742,Trader T0041 | ETHUSDT | Price 2299.16 | Qty 32
WASH_TRADE,MEDIUM,2026-03-03T19:34:33.371836,Trader T0041 | ETHUSDT | Price 2301.1 | Qty 32
WASH_TRADE,MEDIUM,2026-03-03T19:34:33.372188,Trader T0041 | SOLUSDT | Price 94.91 | Qty 20
WASH_TRADE,MEDIUM,2026-03-03T19:34:33.373250,Trader T0041 | SOLUSDT | Price 92.34 | Qty 30
WASH_TRADE,MEDIUM,2026-03-03T19:34:33.374687,Trader T0041 | SOLUSDT | Price 96.48 | Qty 40
WASH_TRADE,HIGH,2026-03-03T19:34:33.375057,Trader T0041 | SOLUSDT | Price 94.48 | Qty 56
WASH_TRADE,HIGH,2026-03-03T19:34:33.375407,Trader T0041 | SOLUSDT | Price 95.61 | Qty 54
WASH_TRADE,HIGH,2026-03-03T19:34:33.381584,Trader T0042 | BTCUSDT | Price 42001.76 | Qty 52
WASH_TRADE,HIGH,2026-03-03T19:34:33.386094,Trader T0042 | ETHUSDT | Price 2298.43 | Qty 52
WASH_TRADE,MEDIUM,2026-03-03T19:34:33.391187,Trader T0042 | SOLUSDT | Price 93.38 | Qty 50
WASH_TRADE,HIGH,2026-03-03T19:34:33.391642,Trader T0042 | SOLUSDT | Price 96.45 | Qty 52
WASH_TRADE,MEDIUM,2026-03-03T19:34:33.391713,Trader T0042 | SOLUSDT | Price 92.54 | Qty 50
WASH_TRADE,MEDIUM,2026-03-03T19:34:33.393053,Trader T0042 | SOLUSDT | Price 96.98 | Qty 40
WASH_TRADE,HIGH,2026-03-03T19:34:33.393330,Trader T0042 | SOLUSDT | Price 95.68 | Qty 52
WASH_TRADE,HIGH,2026-03-03T19:34:33.394072,Trader T0042 | SOLUSDT | Price 95.14 | Qty 58
WASH_TRADE,HIGH,2026-03-03T19:34:33.394602,Trader T0042 | SOLUSDT | Price 94.43 | Qty 52
WASH_TRADE,HIGH,2026-03-03T19:34:33.396849,Trader T0043 | BTCUSDT | Price 42000.91 | Qty 54
WASH_TRADE,MEDIUM,2026-03-03T19:34:33.400954,Trader T0043 | BTCUSDT | Price 41996.09 | Qty 46
WASH_TRADE,HIGH,2026-03-03T19:34:33.401985,Trader T0043 | BTCUSDT | Price 42000.67 | Qty 60
WASH_TRADE,HIGH,2026-03-03T19:34:33.404049,Trader T0043 | ETHUSDT | Price 2301.38 | Qty 56
WASH_TRADE,MEDIUM,2026-03-03T19:34:33.414627,Trader T0043 | SOLUSDT | Price 93.83 | Qty 24
WASH_TRADE,MEDIUM,2026-03-03T19:34:33.418597,Trader T0044 | BTCUSDT | Price 42000.34 | Qty 36
WASH_TRADE,MEDIUM,2026-03-03T19:34:33.420266,Trader T0044 | BTCUSDT | Price 42000.18 | Qty 22
WASH_TRADE,HIGH,2026-03-03T19:34:33.423762,Trader T0044 | ETHUSDT | Price 2299.11 | Qty 52
WASH_TRADE,MEDIUM,2026-03-03T19:34:33.434781,Trader T0044 | SOLUSDT | Price 93.71 | Qty 22
WASH_TRADE,MEDIUM,2026-03-03T19:34:33.436825,Trader T0045 | BTCUSDT | Price 41999.97 | Qty 30
WASH_TRADE,MEDIUM,2026-03-03T19:34:33.436905,Trader T0045 | BTCUSDT | Price 42000.13 | Qty 50
WASH_TRADE,MEDIUM,2026-03-03T19:34:33.437578,Trader T0045 | BTCUSDT | Price 41999.23 | Qty 22
WASH_TRADE,HIGH,2026-03-03T19:34:33.440440,Trader T0045 | BTCUSDT | Price 41999.28 | Qty 60
WASH_TRADE,MEDIUM,2026-03-03T19:34:33.445475,Trader T0045 | ETHUSDT | Price 2299.43 | Qty 36
WASH_TRADE,MEDIUM,2026-03-03T19:34:33.447435,Trader T0045 | ETHUSDT | Price 2302.77 | Qty 38
WASH_TRADE,MEDIUM,2026-03-03T19:34:33.447594,Trader T0045 | ETHUSDT | Price 2296.82 | Qty 46
WASH_TRADE,MEDIUM,2026-03-03T19:34:33.448002,Trader T0045 | ETHUSDT | Price 2299.35 | Qty 24
WASH_TRADE,MEDIUM,2026-03-03T19:34:33.451052,Trader T0045 | SOLUSDT | Price 92.47 | Qty 38
WASH_TRADE,MEDIUM,2026-03-03T19:34:33.460142,Trader T0046 | BTCUSDT | Price 41995.99 | Qty 22
WASH_TRADE,MEDIUM,2026-03-03T19:34:33.463865,Trader T0046 | ETHUSDT | Price 2295.59 | Qty 46
WASH_TRADE,HIGH,2026-03-03T19:34:33.470751,Trader T0046 | SOLUSDT | Price 95.8 | Qty 60
WASH_TRADE,HIGH,2026-03-03T19:34:33.470802,Trader T0046 | SOLUSDT | Price 97.33 | Qty 60
WASH_TRADE,MEDIUM,2026-03-03T19:34:33.472094,Trader T0046 | SOLUSDT | Price 94.65 | Qty 28
WASH_TRADE,HIGH,2026-03-03T19:34:33.473849,Trader T0046 | SOLUSDT | Price 94.42 | Qty 60
WASH_TRADE,HIGH,2026-03-03T19:34:33.480517,Trader T0047 | BTCUSDT | Price 42002.3 | Qty 52
WASH_TRADE,MEDIUM,2026-03-03T19:34:33.484388,Trader T0047 | ETHUSDT | Price 2302.4 | Qty 46
WASH_TRADE,MEDIUM,2026-03-03T19:34:33.485750,Trader T0047 | ETHUSDT | Price 2297.89 | Qty 36
WASH_TRADE,MEDIUM,2026-03-03T19:34:33.488413,Trader T0047 | SOLUSDT | Price 92.75 | Qty 24
WASH_TRADE,MEDIUM,2026-03-03T19:34:33.490520,Trader T0047 | SOLUSDT | Price 94.38 | Qty 50
WASH_TRADE,MEDIUM,2026-03-03T19:34:33.493805,Trader T0048 | BTCUSDT | Price 41996.48 | Qty 30
WASH_TRADE,MEDIUM,2026-03-03T19:34:33.494640,Trader T0048 | BTCUSDT | Price 42001.0 | Qty 34
WASH_TRADE,MEDIUM,2026-03-03T19:34:33.501385,Trader T0048 | ETHUSDT | Price 2300.41 | Qty 36
WASH_TRADE,HIGH,2026-03-03T19:34:33.503786,Trader T0048 | ETHUSDT | Price 2301.7 | Qty 58
WASH_TRADE,MEDIUM,2026-03-03T19:34:33.504984,Trader T0048 | ETHUSDT | Price 2302.16 | Qty 20
WASH_TRADE,MEDIUM,2026-03-03T19:34:33.507430,Trader T0048 | SOLUSDT | Price 93.0 | Qty 28
WASH_TRADE,MEDIUM,2026-03-03T19:34:33.507504,Trader T0048 | SOLUSDT | Price 96.45 | Qty 30
WASH_TRADE,MEDIUM,2026-03-03T19:34:33.507631,Trader T0048 | SOLUSDT | Price 95.85 | Qty 26
WASH_TRADE,MEDIUM,2026-03-03T19:34:33.507913,Trader T0048 | SOLUSDT | Price 94.58 | Qty 42
WASH_TRADE,HIGH,2026-03-03T19:34:33.511970,Trader T0048 | SOLUSDT | Price 96.02 | Qty 60
WASH_TRADE,MEDIUM,2026-03-03T19:34:33.514364,Trader T0048 | SOLUSDT | Price 93.99 | Qty 28
WASH_TRADE,MEDIUM,2026-03-03T19:34:33.517738,Trader T0049 | BTCUSDT | Price 41997.6 | Qty 42
WASH_TRADE,HIGH,2026-03-03T19:34:33.519696,Trader T0049 | BTCUSDT | Price 42000.54 | Qty 58
WASH_TRADE,HIGH,2026-03-03T19:34:33.526388,Trader T0049 | SOLUSDT | Price 96.23 | Qty 54
WASH_TRADE,HIGH,2026-03-03T19:34:33.532322,Trader T0049 | SOLUSDT | Price 97.69 | Qty 52
WASH_TRADE,MEDIUM,2026-03-03T19:34:33.533516,Trader T0050 | BTCUSDT | Price 42000.1 | Qty 42
WASH_TRADE,MEDIUM,2026-03-03T19:34:33.538563,Trader T0050 | BTCUSDT | Price 41999.95 | Qty 38
WASH_TRADE,HIGH,2026-03-03T19:34:33.541011,Trader T0050 | ETHUSDT | Price 2302.98 | Qty 56
WASH_TRADE,MEDIUM,2026-03-03T19:34:33.547268,Trader T0050 | SOLUSDT | Price 95.41 | Qty 48
WASH_TRADE,MEDIUM,2026-03-03T19:34:33.547521,Trader T0050 | SOLUSDT | Price 94.52 | Qty 22
WASH_TRADE,MEDIUM,2026-03-03T19:34:33.548177,Trader T0050 | SOLUSDT | Price 94.91 | Qty 48
WASH_TRADE,MEDIUM,2026-03-03T19:34:33.548282,Trader T0050 | SOLUSDT | Price 92.43 | Qty 44
WASH_TRADE,HIGH,2026-03-03T19:34:33.554777,Trader T0051 | BTCUSDT | Price 42000.83 | Qty 56
WASH_TRADE,HIGH,2026-03-03T19:34:33.554904,Trader T0051 | BTCUSDT | Price 41999.63 | Qty 58
WASH_TRADE,MEDIUM,2026-03-03T19:34:33.557538,Trader T0051 | BTCUSDT | Price 41999.85 | Qty 46
WASH_TRADE,MEDIUM,2026-03-03T19:34:33.563610,Trader T0051 | ETHUSDT | Price 2300.44 | Qty 24
WASH_TRADE,MEDIUM,2026-03-03T19:34:33.566520,Trader T0051 | SOLUSDT | Price 97.62 | Qty 30
WASH_TRADE,MEDIUM,2026-03-03T19:34:33.569854,Trader T0051 | SOLUSDT | Price 95.71 | Qty 44
WASH_TRADE,HIGH,2026-03-03T19:34:33.578239,Trader T0052 | BTCUSDT | Price 42000.36 | Qty 52
WASH_TRADE,MEDIUM,2026-03-03T19:34:33.580136,Trader T0052 | ETHUSDT | Price 2295.44 | Qty 20
WASH_TRADE,MEDIUM,2026-03-03T19:34:33.584531,Trader T0052 | ETHUSDT | Price 2300.28 | Qty 44
WASH_TRADE,MEDIUM,2026-03-03T19:34:33.587814,Trader T0052 | SOLUSDT | Price 91.78 | Qty 48
WASH_TRADE,HIGH,2026-03-03T19:34:33.590366,Trader T0052 | SOLUSDT | Price 96.32 | Qty 54
WASH_TRADE,MEDIUM,2026-03-03T19:34:33.591886,Trader T0052 | SOLUSDT | Price 94.36 | Qty 36
WASH_TRADE,MEDIUM,2026-03-03T19:34:33.592876,Trader T0052 | SOLUSDT | Price 94.83 | Qty 46
WASH_TRADE,MEDIUM,2026-03-03T19:34:33.593399,Trader T0052 | SOLUSDT | Price 95.26 | Qty 20
WASH_TRADE,MEDIUM,2026-03-03T19:34:33.594477,Trader T0053 | BTCUSDT | Price 42000.72 | Qty 22
WASH_TRADE,MEDIUM,2026-03-03T19:34:33.600173,Trader T0053 | BTCUSDT | Price 42004.31 | Qty 20
WASH_TRADE,MEDIUM,2026-03-03T19:34:33.602076,Trader T0053 | ETHUSDT | Price 2300.88 | Qty 46
WASH_TRADE,MEDIUM,2026-03-03T19:34:33.607621,Trader T0053 | ETHUSDT | Price 2298.81 | Qty 24
WASH_TRADE,MEDIUM,2026-03-03T19:34:33.608714,Trader T0053 | SOLUSDT | Price 93.63 | Qty 26
WASH_TRADE,MEDIUM,2026-03-03T19:34:33.612106,Trader T0053 | SOLUSDT | Price 97.16 | Qty 42
WASH_TRADE,MEDIUM,2026-03-03T19:34:33.613693,Trader T0053 | SOLUSDT | Price 95.74 | Qty 50
WASH_TRADE,HIGH,2026-03-03T19:34:33.618750,Trader T0054 | BTCUSDT | Price 41998.43 | Qty 52
WASH_TRADE,HIGH,2026-03-03T19:34:33.618957,Trader T0054 | BTCUSDT | Price 42000.82 | Qty 60
WASH_TRADE,HIGH,2026-03-03T19:34:33.619982,Trader T0054 | BTCUSDT | Price 42003.48 | Qty 52
WASH_TRADE,MEDIUM,2026-03-03T19:34:33.625781,Trader T0054 | ETHUSDT | Price 2299.51 | Qty 28
WASH_TRADE,MEDIUM,2026-03-03T19:34:33.626865,Trader T0054 | ETHUSDT | Price 2298.92 | Qty 26
WASH_TRADE,MEDIUM,2026-03-03T19:34:33.630393,Trader T0054 | ETHUSDT | Price 2303.36 | Qty 38
WASH_TRADE,MEDIUM,2026-03-03T19:34:33.630497,Trader T0054 | ETHUSDT | Price 2298.28 | Qty 32
WASH_TRADE,MEDIUM,2026-03-03T19:34:33.632485,Trader T0054 | SOLUSDT | Price 98.03 | Qty 40
WASH_TRADE,MEDIUM,2026-03-03T19:34:33.632588,Trader T0054 | SOLUSDT | Price 94.01 | Qty 26
WASH_TRADE,HIGH,2026-03-03T19:34:33.634127,Trader T0054 | SOLUSDT | Price 92.57 | Qty 56
WASH_TRADE,MEDIUM,2026-03-03T19:34:33.639308,Trader T0055 | BTCUSDT | Price 42003.97 | Qty 40
WASH_TRADE,MEDIUM,2026-03-03T19:34:33.639846,Trader T0055 | BTCUSDT | Price 41999.07 | Qty 24
WASH_TRADE,MEDIUM,2026-03-03T19:34:33.640272,Trader T0055 | BTCUSDT | Price 41997.9 | Qty 28
WASH_TRADE,MEDIUM,2026-03-03T19:34:33.640457,Trader T0055 | BTCUSDT | Price 41998.17 | Qty 44
WASH_TRADE,MEDIUM,2026-03-03T19:34:33.640769,Trader T0055 | BTCUSDT | Price 41999.97 | Qty 44
WASH_TRADE,HIGH,2026-03-03T19:34:33.658188,Trader T0055 | BTCUSDT | Price 41998.34 | Qty 54
WASH_TRADE,MEDIUM,2026-03-03T19:34:33.658487,Trader T0055 | BTCUSDT | Price 41995.87 | Qty 24
WASH_TRADE,MEDIUM,2026-03-03T19:34:33.660739,Trader T0055 | BTCUSDT | Price 42000.09 | Qty 38
WASH_TRADE,HIGH,2026-03-03T19:34:33.661837,Trader T0055 | ETHUSDT | Price 2300.73 | Qty 56
WASH_TRADE,MEDIUM,2026-03-03T19:34:33.667823,Trader T0055 | SOLUSDT | Price 91.87 | Qty 36
WASH_TRADE,MEDIUM,2026-03-03T19:34:33.669279,Trader T0055 | SOLUSDT | Price 94.27 | Qty 48
WASH_TRADE,MEDIUM,2026-03-03T19:34:33.676119,Trader T0056 | BTCUSDT | Price 41997.14 | Qty 38
WASH_TRADE,MEDIUM,2026-03-03T19:34:33.676517,Trader T0056 | BTCUSDT | Price 42000.48 | Qty 42
WASH_TRADE,MEDIUM,2026-03-03T19:34:33.677059,Trader T0056 | BTCUSDT | Price 41997.45 | Qty 48
WASH_TRADE,MEDIUM,2026-03-03T19:34:33.678117,Trader T0056 | BTCUSDT | Price 42004.21 | Qty 26
WASH_TRADE,MEDIUM,2026-03-03T19:34:33.680215,Trader T0056 | ETHUSDT | Price 2297.78 | Qty 42
WASH_TRADE,MEDIUM,2026-03-03T19:34:33.682322,Trader T0056 | ETHUSDT | Price 2297.08 | Qty 26
WASH_TRADE,MEDIUM,2026-03-03T19:34:33.687317,Trader T0056 | SOLUSDT | Price 97.78 | Qty 44
WASH_TRADE,MEDIUM,2026-03-03T19:34:33.688751,Trader T0056 | SOLUSDT | Price 93.88 | Qty 20
WASH_TRADE,HIGH,2026-03-03T19:34:33.691404,Trader T0056 | SOLUSDT | Price 93.97 | Qty 52
WASH_TRADE,MEDIUM,2026-03-03T19:34:33.698371,Trader T0057 | BTCUSDT | Price 41999.55 | Qty 38
WASH_TRADE,MEDIUM,2026-03-03T19:34:33.701481,Trader T0057 | ETHUSDT | Price 2300.27 | Qty 50
WASH_TRADE,MEDIUM,2026-03-03T19:34:33.703654,Trader T0057 | ETHUSDT | Price 2299.88 | Qty 40
WASH_TRADE,HIGH,2026-03-03T19:34:33.705347,Trader T0057 | ETHUSDT | Price 2302.02 | Qty 54
WASH_TRADE,MEDIUM,2026-03-03T19:34:33.708304,Trader T0057 | SOLUSDT | Price 94.66 | Qty 26
WASH_TRADE,MEDIUM,2026-03-03T19:34:33.708627,Trader T0057 | SOLUSDT | Price 96.71 | Qty 48
WASH_TRADE,MEDIUM,2026-03-03T19:34:33.712477,Trader T0057 | SOLUSDT | Price 94.5 | Qty 40
WASH_TRADE,MEDIUM,2026-03-03T19:34:33.712894,Trader T0057 | SOLUSDT | Price 97.92 | Qty 34
WASH_TRADE,HIGH,2026-03-03T19:34:33.714926,Trader T0058 | BTCUSDT | Price 41999.18 | Qty 58
WASH_TRADE,MEDIUM,2026-03-03T19:34:33.721540,Trader T0058 | ETHUSDT | Price 2294.99 | Qty 36
WASH_TRADE,MEDIUM,2026-03-03T19:34:33.724038,Trader T0058 | ETHUSDT | Price 2300.54 | Qty 44
WASH_TRADE,MEDIUM,2026-03-03T19:34:33.726897,Trader T0058 | SOLUSDT | Price 97.13 | Qty 24
WASH_TRADE,MEDIUM,2026-03-03T19:34:33.727730,Trader T0058 | SOLUSDT | Price 92.49 | Qty 26
WASH_TRADE,HIGH,2026-03-03T19:34:33.730977,Trader T0058 | SOLUSDT | Price 98.39 | Qty 52
WASH_TRADE,MEDIUM,2026-03-03T19:34:33.735614,Trader T0059 | BTCUSDT | Price 42000.92 | Qty 26
WASH_TRADE,MEDIUM,2026-03-03T19:34:33.742193,Trader T0059 | ETHUSDT | Price 2300.5 | Qty 32
WASH_TRADE,MEDIUM,2026-03-03T19:34:33.744358,Trader T0059 | ETHUSDT | Price 2301.96 | Qty 32
WASH_TRADE,MEDIUM,2026-03-03T19:34:33.744999,Trader T0059 | SOLUSDT | Price 95.13 | Qty 50
WASH_TRADE,MEDIUM,2026-03-03T19:34:33.750529,Trader T0059 | SOLUSDT | Price 94.89 | Qty 44
WASH_TRADE,MEDIUM,2026-03-03T19:34:33.751744,Trader T0059 | SOLUSDT | Price 91.57 | Qty 26
WASH_TRADE,HIGH,2026-03-03T19:34:33.752613,Trader T0060 | BTCUSDT | Price 41997.99 | Qty 58
WASH_TRADE,HIGH,2026-03-03T19:34:33.752864,Trader T0060 | BTCUSDT | Price 41996.1 | Qty 60
WASH_TRADE,MEDIUM,2026-03-03T19:34:33.755584,Trader T0060 | BTCUSDT | Price 42001.67 | Qty 38
WASH_TRADE,MEDIUM,2026-03-03T19:34:33.756738,Trader T0060 | BTCUSDT | Price 41999.51 | Qty 24
WASH_TRADE,MEDIUM,2026-03-03T19:34:33.762304,Trader T0060 | ETHUSDT | Price 2301.2 | Qty 46
WASH_TRADE,MEDIUM,2026-03-03T19:34:33.763092,Trader T0060 | ETHUSDT | Price 2300.74 | Qty 42
WASH_TRADE,MEDIUM,2026-03-03T19:34:33.765266,Trader T0060 | SOLUSDT | Price 93.44 | Qty 44
WASH_TRADE,HIGH,2026-03-03T19:34:33.766273,Trader T0060 | SOLUSDT | Price 94.43 | Qty 52
WASH_TRADE,MEDIUM,2026-03-03T19:34:33.767915,Trader T0060 | SOLUSDT | Price 95.51 | Qty 34
WASH_TRADE,MEDIUM,2026-03-03T19:34:33.773810,Trader T0061 | BTCUSDT | Price 41998.89 | Qty 30
WASH_TRADE,MEDIUM,2026-03-03T19:34:33.776964,Trader T0061 | BTCUSDT | Price 41998.5 | Qty 32
WASH_TRADE,HIGH,2026-03-03T19:34:33.778703,Trader T0061 | ETHUSDT | Price 2298.88 | Qty 56
WASH_TRADE,MEDIUM,2026-03-03T19:34:33.780976,Trader T0061 | ETHUSDT | Price 2303.66 | Qty 26
WASH_TRADE,MEDIUM,2026-03-03T19:34:33.781356,Trader T0061 | ETHUSDT | Price 2299.52 | Qty 48
WASH_TRADE,MEDIUM,2026-03-03T19:34:33.784280,Trader T0061 | ETHUSDT | Price 2301.96 | Qty 20
WASH_TRADE,HIGH,2026-03-03T19:34:33.791350,Trader T0061 | SOLUSDT | Price 98.0 | Qty 54
WASH_TRADE,MEDIUM,2026-03-03T19:34:33.794143,Trader T0062 | BTCUSDT | Price 41997.77 | Qty 28
WASH_TRADE,HIGH,2026-03-03T19:34:33.794259,Trader T0062 | BTCUSDT | Price 41998.87 | Qty 56
WASH_TRADE,MEDIUM,2026-03-03T19:34:33.798266,Trader T0062 | ETHUSDT | Price 2301.88 | Qty 38
WASH_TRADE,HIGH,2026-03-03T19:34:33.799480,Trader T0062 | ETHUSDT | Price 2298.93 | Qty 60
WASH_TRADE,HIGH,2026-03-03T19:34:33.799984,Trader T0062 | ETHUSDT | Price 2304.14 | Qty 52
WASH_TRADE,MEDIUM,2026-03-03T19:34:33.800493,Trader T0062 | ETHUSDT | Price 2297.16 | Qty 42
WASH_TRADE,MEDIUM,2026-03-03T19:34:33.802694,Trader T0062 | ETHUSDT | Price 2298.15 | Qty 26
WASH_TRADE,MEDIUM,2026-03-03T19:34:33.803795,Trader T0062 | ETHUSDT | Price 2298.43 | Qty 20
WASH_TRADE,MEDIUM,2026-03-03T19:34:33.807075,Trader T0062 | SOLUSDT | Price 92.48 | Qty 20
WASH_TRADE,MEDIUM,2026-03-03T19:34:33.809387,Trader T0062 | SOLUSDT | Price 94.22 | Qty 24
WASH_TRADE,MEDIUM,2026-03-03T19:34:33.812883,Trader T0063 | BTCUSDT | Price 42000.34 | Qty 40
WASH_TRADE,HIGH,2026-03-03T19:34:33.814251,Trader T0063 | BTCUSDT | Price 42001.43 | Qty 56
WASH_TRADE,HIGH,2026-03-03T19:34:33.815300,Trader T0063 | BTCUSDT | Price 42002.66 | Qty 56
WASH_TRADE,MEDIUM,2026-03-03T19:34:33.815594,Trader T0063 | BTCUSDT | Price 41998.72 | Qty 34
WASH_TRADE,MEDIUM,2026-03-03T19:34:33.816016,Trader T0063 | ETHUSDT | Price 2298.73 | Qty 34
WASH_TRADE,HIGH,2026-03-03T19:34:33.818238,Trader T0063 | ETHUSDT | Price 2296.84 | Qty 60
WASH_TRADE,HIGH,2026-03-03T19:34:33.819357,Trader T0063 | ETHUSDT | Price 2300.92 | Qty 60
WASH_TRADE,MEDIUM,2026-03-03T19:34:33.822039,Trader T0063 | SOLUSDT | Price 92.96 | Qty 50
WASH_TRADE,HIGH,2026-03-03T19:34:33.826340,Trader T0063 | SOLUSDT | Price 98.57 | Qty 52
WASH_TRADE,HIGH,2026-03-03T19:34:33.831588,Trader T0064 | BTCUSDT | Price 42002.03 | Qty 54
WASH_TRADE,MEDIUM,2026-03-03T19:34:33.838150,Trader T0064 | ETHUSDT | Price 2301.15 | Qty 46
WASH_TRADE,HIGH,2026-03-03T19:34:33.838350,Trader T0064 | ETHUSDT | Price 2298.35 | Qty 58
WASH_TRADE,MEDIUM,2026-03-03T19:34:33.838571,Trader T0064 | ETHUSDT | Price 2301.97 | Qty 42
WASH_TRADE,MEDIUM,2026-03-03T19:34:33.839167,Trader T0064 | SOLUSDT | Price 92.06 | Qty 38
WASH_TRADE,MEDIUM,2026-03-03T19:34:33.842207,Trader T0064 | SOLUSDT | Price 92.47 | Qty 32
WASH_TRADE,MEDIUM,2026-03-03T19:34:33.843318,Trader T0064 | SOLUSDT | Price 92.05 | Qty 46
WASH_TRADE,MEDIUM,2026-03-03T19:34:33.843479,Trader T0064 | SOLUSDT | Price 95.02 | Qty 36
WASH_TRADE,HIGH,2026-03-03T19:34:33.848205,Trader T0065 | BTCUSDT | Price 42000.12 | Qty 60
WASH_TRADE,MEDIUM,2026-03-03T19:34:33.850140,Trader T0065 | BTCUSDT | Price 42001.47 | Qty 32
WASH_TRADE,MEDIUM,2026-03-03T19:34:33.852699,Trader T0065 | ETHUSDT | Price 2302.62 | Qty 40
WASH_TRADE,MEDIUM,2026-03-03T19:34:33.857821,Trader T0065 | ETHUSDT | Price 2299.06 | Qty 26
WASH_TRADE,MEDIUM,2026-03-03T19:34:33.858090,Trader T0065 | ETHUSDT | Price 2297.56 | Qty 50
WASH_TRADE,MEDIUM,2026-03-03T19:34:33.858184,Trader T0065 | ETHUSDT | Price 2301.23 | Qty 40
WASH_TRADE,MEDIUM,2026-03-03T19:34:33.859812,Trader T0065 | SOLUSDT | Price 96.71 | Qty 38
WASH_TRADE,HIGH,2026-03-03T19:34:33.862757,Trader T0065 | SOLUSDT | Price 96.55 | Qty 56
WASH_TRADE,HIGH,2026-03-03T19:34:33.866297,Trader T0066 | BTCUSDT | Price 41999.68 | Qty 52
WASH_TRADE,MEDIUM,2026-03-03T19:34:33.866760,Trader T0066 | BTCUSDT | Price 41999.55 | Qty 34
WASH_TRADE,MEDIUM,2026-03-03T19:34:33.871449,Trader T0066 | ETHUSDT | Price 2302.0 | Qty 28
WASH_TRADE,MEDIUM,2026-03-03T19:34:33.871541,Trader T0066 | ETHUSDT | Price 2297.25 | Qty 44
WASH_TRADE,MEDIUM,2026-03-03T19:34:33.871911,Trader T0066 | ETHUSDT | Price 2296.74 | Qty 32
WASH_TRADE,HIGH,2026-03-03T19:34:33.873648,Trader T0066 | ETHUSDT | Price 2299.98 | Qty 52
WASH_TRADE,MEDIUM,2026-03-03T19:34:33.874779,Trader T0066 | ETHUSDT | Price 2300.78 | Qty 40
WASH_TRADE,MEDIUM,2026-03-03T19:34:33.875497,Trader T0066 | ETHUSDT | Price 2297.14 | Qty 26
WASH_TRADE,MEDIUM,2026-03-03T19:34:33.875635,Trader T0066 | ETHUSDT | Price 2300.44 | Qty 32
WASH_TRADE,MEDIUM,2026-03-03T19:34:33.879045,Trader T0066 | SOLUSDT | Price 96.12 | Qty 48
WASH_TRADE,MEDIUM,2026-03-03T19:34:33.880972,Trader T0066 | SOLUSDT | Price 95.36 | Qty 44
WASH_TRADE,MEDIUM,2026-03-03T19:34:33.883482,Trader T0067 | BTCUSDT | Price 41998.49 | Qty 24
WASH_TRADE,MEDIUM,2026-03-03T19:34:33.885859,Trader T0067 | BTCUSDT | Price 41996.99 | Qty 38
WASH_TRADE,HIGH,2026-03-03T19:34:33.886459,Trader T0067 | BTCUSDT | Price 41997.44 | Qty 60
WASH_TRADE,MEDIUM,2026-03-03T19:34:33.886782,Trader T0067 | BTCUSDT | Price 42001.71 | Qty 38
WASH_TRADE,MEDIUM,2026-03-03T19:34:33.888026,Trader T0067 | ETHUSDT | Price 2299.31 | Qty 36
WASH_TRADE,MEDIUM,2026-03-03T19:34:33.890418,Trader T0067 | ETHUSDT | Price 2298.48 | Qty 20
WASH_TRADE,MEDIUM,2026-03-03T19:34:33.897721,Trader T0067 | SOLUSDT | Price 94.79 | Qty 48
WASH_TRADE,MEDIUM,2026-03-03T19:34:33.899732,Trader T0067 | SOLUSDT | Price 98.18 | Qty 30
WASH_TRADE,MEDIUM,2026-03-03T19:34:33.900032,Trader T0067 | SOLUSDT | Price 96.13 | Qty 26
WASH_TRADE,HIGH,2026-03-03T19:34:33.902469,Trader T0068 | BTCUSDT | Price 41999.8 | Qty 58
WASH_TRADE,HIGH,2026-03-03T19:34:33.904847,Trader T0068 | BTCUSDT | Price 41997.79 | Qty 54
WASH_TRADE,MEDIUM,2026-03-03T19:34:33.905008,Trader T0068 | BTCUSDT | Price 42002.28 | Qty 22
WASH_TRADE,MEDIUM,2026-03-03T19:34:33.907219,Trader T0068 | ETHUSDT | Price 2303.22 | Qty 40
WASH_TRADE,MEDIUM,2026-03-03T19:34:33.909356,Trader T0068 | ETHUSDT | Price 2299.98 | Qty 34
WASH_TRADE,MEDIUM,2026-03-03T19:34:33.910222,Trader T0068 | ETHUSDT | Price 2299.7 | Qty 34
WASH_TRADE,MEDIUM,2026-03-03T19:34:33.911028,Trader T0068 | ETHUSDT | Price 2304.58 | Qty 40
WASH_TRADE,HIGH,2026-03-03T19:34:33.918983,Trader T0068 | SOLUSDT | Price 94.59 | Qty 52
WASH_TRADE,MEDIUM,2026-03-03T19:34:33.920122,Trader T0069 | BTCUSDT | Price 41998.93 | Qty 40
WASH_TRADE,MEDIUM,2026-03-03T19:34:33.926635,Trader T0069 | ETHUSDT | Price 2300.44 | Qty 50
WASH_TRADE,MEDIUM,2026-03-03T19:34:33.928020,Trader T0069 | ETHUSDT | Price 2300.36 | Qty 44
WASH_TRADE,MEDIUM,2026-03-03T19:34:33.928065,Trader T0069 | ETHUSDT | Price 2301.01 | Qty 42
WASH_TRADE,MEDIUM,2026-03-03T19:34:33.928377,Trader T0069 | ETHUSDT | Price 2298.17 | Qty 40
WASH_TRADE,MEDIUM,2026-03-03T19:34:33.930868,Trader T0069 | ETHUSDT | Price 2302.06 | Qty 42
WASH_TRADE,MEDIUM,2026-03-03T19:34:33.931509,Trader T0069 | SOLUSDT | Price 92.76 | Qty 22
WASH_TRADE,MEDIUM,2026-03-03T19:34:33.933886,Trader T0069 | SOLUSDT | Price 94.08 | Qty 40
WASH_TRADE,MEDIUM,2026-03-03T19:34:33.935106,Trader T0069 | SOLUSDT | Price 96.28 | Qty 36
WASH_TRADE,HIGH,2026-03-03T19:34:33.937323,Trader T0070 | BTCUSDT | Price 41999.34 | Qty 58
WASH_TRADE,MEDIUM,2026-03-03T19:34:33.938839,Trader T0070 | BTCUSDT | Price 42003.43 | Qty 34
WASH_TRADE,MEDIUM,2026-03-03T19:34:33.939580,Trader T0070 | BTCUSDT | Price 41999.97 | Qty 42
WASH_TRADE,MEDIUM,2026-03-03T19:34:33.943995,Trader T0070 | BTCUSDT | Price 41997.93 | Qty 22
WASH_TRADE,MEDIUM,2026-03-03T19:34:33.944882,Trader T0070 | ETHUSDT | Price 2301.88 | Qty 40
WASH_TRADE,MEDIUM,2026-03-03T19:34:33.944951,Trader T0070 | ETHUSDT | Price 2300.87 | Qty 30
WASH_TRADE,MEDIUM,2026-03-03T19:34:33.946487,Trader T0070 | ETHUSDT | Price 2299.95 | Qty 48
WASH_TRADE,MEDIUM,2026-03-03T19:34:33.947248,Trader T0070 | ETHUSDT | Price 2300.22 | Qty 28
WASH_TRADE,MEDIUM,2026-03-03T19:34:33.951251,Trader T0070 | SOLUSDT | Price 97.41 | Qty 44
WASH_TRADE,MEDIUM,2026-03-03T19:34:33.954433,Trader T0070 | SOLUSDT | Price 95.2 | Qty 30
WASH_TRADE,MEDIUM,2026-03-03T19:34:33.954632,Trader T0070 | SOLUSDT | Price 97.58 | Qty 26
WASH_TRADE,HIGH,2026-03-03T19:34:33.955623,Trader T0070 | SOLUSDT | Price 93.52 | Qty 54
WASH_TRADE,MEDIUM,2026-03-03T19:34:33.957289,Trader T0071 | BTCUSDT | Price 42004.09 | Qty 40
WASH_TRADE,MEDIUM,2026-03-03T19:34:33.963427,Trader T0071 | ETHUSDT | Price 2296.6 | Qty 24
WASH_TRADE,MEDIUM,2026-03-03T19:34:33.964230,Trader T0071 | ETHUSDT | Price 2297.64 | Qty 42
WASH_TRADE,MEDIUM,2026-03-03T19:34:33.964570,Trader T0071 | ETHUSDT | Price 2298.8 | Qty 36
WASH_TRADE,MEDIUM,2026-03-03T19:34:33.964725,Trader T0071 | ETHUSDT | Price 2297.61 | Qty 48
WASH_TRADE,MEDIUM,2026-03-03T19:34:33.964882,Trader T0071 | ETHUSDT | Price 2301.35 | Qty 38
WASH_TRADE,MEDIUM,2026-03-03T19:34:33.969164,Trader T0071 | SOLUSDT | Price 91.75 | Qty 44
WASH_TRADE,MEDIUM,2026-03-03T19:34:33.971474,Trader T0071 | SOLUSDT | Price 100.65 | Qty 32
WASH_TRADE,MEDIUM,2026-03-03T19:34:33.972265,Trader T0071 | SOLUSDT | Price 93.79 | Qty 48
WASH_TRADE,MEDIUM,2026-03-03T19:34:33.974440,Trader T0071 | SOLUSDT | Price 99.8 | Qty 30
WASH_TRADE,MEDIUM,2026-03-03T19:34:33.976533,Trader T0072 | BTCUSDT | Price 41998.06 | Qty 28
WASH_TRADE,MEDIUM,2026-03-03T19:34:33.978289,Trader T0072 | BTCUSDT | Price 41999.54 | Qty 22
WASH_TRADE,MEDIUM,2026-03-03T19:34:33.981549,Trader T0072 | ETHUSDT | Price 2300.39 | Qty 34
WASH_TRADE,MEDIUM,2026-03-03T19:34:33.982412,Trader T0072 | ETHUSDT | Price 2297.48 | Qty 20
WASH_TRADE,HIGH,2026-03-03T19:34:33.983193,Trader T0072 | ETHUSDT | Price 2300.78 | Qty 52
WASH_TRADE,MEDIUM,2026-03-03T19:34:33.986685,Trader T0072 | ETHUSDT | Price 2302.86 | Qty 50
WASH_TRADE,MEDIUM,2026-03-03T19:34:33.989718,Trader T0072 | SOLUSDT | Price 91.41 | Qty 26
WASH_TRADE,MEDIUM,2026-03-03T19:34:33.990340,Trader T0072 | SOLUSDT | Price 93.35 | Qty 44
WASH_TRADE,MEDIUM,2026-03-03T19:34:33.991478,Trader T0072 | SOLUSDT | Price 96.93 | Qty 32
WASH_TRADE,HIGH,2026-03-03T19:34:33.997670,Trader T0073 | BTCUSDT | Price 42002.02 | Qty 54
WASH_TRADE,HIGH,2026-03-03T19:34:33.999603,Trader T0073 | BTCUSDT | Price 41999.95 | Qty 60
WASH_TRADE,MEDIUM,2026-03-03T19:34:34.001016,Trader T0073 | ETHUSDT | Price 2302.5 | Qty 42
WASH_TRADE,HIGH,2026-03-03T19:34:34.001990,Trader T0073 | ETHUSDT | Price 2298.53 | Qty 58
WASH_TRADE,MEDIUM,2026-03-03T19:34:34.006471,Trader T0073 | SOLUSDT | Price 92.12 | Qty 30
WASH_TRADE,MEDIUM,2026-03-03T19:34:34.007598,Trader T0073 | SOLUSDT | Price 94.23 | Qty 24
WASH_TRADE,MEDIUM,2026-03-03T19:34:34.013107,Trader T0074 | BTCUSDT | Price 42002.07 | Qty 42
WASH_TRADE,MEDIUM,2026-03-03T19:34:34.014422,Trader T0074 | BTCUSDT | Price 41998.47 | Qty 34
WASH_TRADE,MEDIUM,2026-03-03T19:34:34.017704,Trader T0074 | ETHUSDT | Price 2303.03 | Qty 40
WASH_TRADE,MEDIUM,2026-03-03T19:34:34.019831,Trader T0074 | ETHUSDT | Price 2301.59 | Qty 50
WASH_TRADE,HIGH,2026-03-03T19:34:34.020085,Trader T0074 | ETHUSDT | Price 2300.62 | Qty 60
WASH_TRADE,MEDIUM,2026-03-03T19:34:34.020641,Trader T0074 | ETHUSDT | Price 2295.39 | Qty 28
WASH_TRADE,HIGH,2026-03-03T19:34:34.022416,Trader T0074 | ETHUSDT | Price 2297.4 | Qty 56
WASH_TRADE,MEDIUM,2026-03-03T19:34:34.026078,Trader T0074 | SOLUSDT | Price 94.73 | Qty 46
WASH_TRADE,MEDIUM,2026-03-03T19:34:34.031409,Trader T0075 | BTCUSDT | Price 42004.03 | Qty 44
WASH_TRADE,MEDIUM,2026-03-03T19:34:34.034268,Trader T0075 | BTCUSDT | Price 42000.21 | Qty 24
WASH_TRADE,MEDIUM,2026-03-03T19:34:34.035063,Trader T0075 | ETHUSDT | Price 2298.89 | Qty 44
WASH_TRADE,HIGH,2026-03-03T19:34:34.035966,Trader T0075 | ETHUSDT | Price 2302.73 | Qty 54
WASH_TRADE,HIGH,2026-03-03T19:34:34.039641,Trader T0075 | ETHUSDT | Price 2305.64 | Qty 52
WASH_TRADE,MEDIUM,2026-03-03T19:34:34.042692,Trader T0075 | SOLUSDT | Price 94.21 | Qty 30
WASH_TRADE,MEDIUM,2026-03-03T19:34:34.044762,Trader T0075 | SOLUSDT | Price 95.71 | Qty 30
WASH_TRADE,HIGH,2026-03-03T19:34:34.046666,Trader T0076 | BTCUSDT | Price 41998.47 | Qty 60
WASH_TRADE,HIGH,2026-03-03T19:34:34.048635,Trader T0076 | BTCUSDT | Price 42000.7 | Qty 52
WASH_TRADE,HIGH,2026-03-03T19:34:34.049250,Trader T0076 | BTCUSDT | Price 42000.62 | Qty 60
WASH_TRADE,HIGH,2026-03-03T19:34:34.053323,Trader T0076 | ETHUSDT | Price 2300.33 | Qty 54
WASH_TRADE,MEDIUM,2026-03-03T19:34:34.054668,Trader T0076 | ETHUSDT | Price 2300.98 | Qty 34
WASH_TRADE,MEDIUM,2026-03-03T19:34:34.057958,Trader T0076 | ETHUSDT | Price 2300.76 | Qty 22
WASH_TRADE,MEDIUM,2026-03-03T19:34:34.063765,Trader T0076 | SOLUSDT | Price 96.86 | Qty 36
WASH_TRADE,HIGH,2026-03-03T19:34:34.065915,Trader T0077 | BTCUSDT | Price 41999.64 | Qty 58
WASH_TRADE,MEDIUM,2026-03-03T19:34:34.066147,Trader T0077 | BTCUSDT | Price 41998.19 | Qty 30
WASH_TRADE,MEDIUM,2026-03-03T19:34:34.074459,Trader T0077 | ETHUSDT | Price 2304.19 | Qty 46
WASH_TRADE,MEDIUM,2026-03-03T19:34:34.077180,Trader T0077 | ETHUSDT | Price 2299.14 | Qty 30
WASH_TRADE,MEDIUM,2026-03-03T19:34:34.077762,Trader T0077 | ETHUSDT | Price 2305.99 | Qty 30
WASH_TRADE,MEDIUM,2026-03-03T19:34:34.078241,Trader T0077 | ETHUSDT | Price 2301.18 | Qty 20
WASH_TRADE,MEDIUM,2026-03-03T19:34:34.080680,Trader T0077 | SOLUSDT | Price 90.43 | Qty 50
WASH_TRADE,MEDIUM,2026-03-03T19:34:34.082278,Trader T0077 | SOLUSDT | Price 93.12 | Qty 22
WASH_TRADE,MEDIUM,2026-03-03T19:34:34.082753,Trader T0077 | SOLUSDT | Price 93.96 | Qty 34
WASH_TRADE,MEDIUM,2026-03-03T19:34:34.084734,Trader T0077 | SOLUSDT | Price 96.28 | Qty 46
WASH_TRADE,MEDIUM,2026-03-03T19:34:34.086258,Trader T0078 | BTCUSDT | Price 41999.09 | Qty 24
WASH_TRADE,MEDIUM,2026-03-03T19:34:34.086637,Trader T0078 | BTCUSDT | Price 41998.5 | Qty 48
WASH_TRADE,HIGH,2026-03-03T19:34:34.089281,Trader T0078 | BTCUSDT | Price 41998.5 | Qty 58
WASH_TRADE,MEDIUM,2026-03-03T19:34:34.091328,Trader T0078 | BTCUSDT | Price 41996.95 | Qty 38
WASH_TRADE,MEDIUM,2026-03-03T19:34:34.096554,Trader T0078 | ETHUSDT | Price 2298.9 | Qty 38
WASH_TRADE,MEDIUM,2026-03-03T19:34:34.101311,Trader T0078 | SOLUSDT | Price 96.21 | Qty 38
WASH_TRADE,MEDIUM,2026-03-03T19:34:34.101578,Trader T0078 | SOLUSDT | Price 91.04 | Qty 40
WASH_TRADE,MEDIUM,2026-03-03T19:34:34.102873,Trader T0078 | SOLUSDT | Price 97.89 | Qty 44
WASH_TRADE,MEDIUM,2026-03-03T19:34:34.108727,Trader T0079 | BTCUSDT | Price 42003.43 | Qty 36
WASH_TRADE,MEDIUM,2026-03-03T19:34:34.112163,Trader T0079 | ETHUSDT | Price 2303.73 | Qty 28
WASH_TRADE,MEDIUM,2026-03-03T19:34:34.117359,Trader T0079 | SOLUSDT | Price 90.94 | Qty 24
WASH_TRADE,MEDIUM,2026-03-03T19:34:34.117429,Trader T0079 | SOLUSDT | Price 92.28 | Qty 48
WASH_TRADE,HIGH,2026-03-03T19:34:34.119002,Trader T0079 | SOLUSDT | Price 95.58 | Qty 60
WASH_TRADE,MEDIUM,2026-03-03T19:34:34.126661,Trader T0080 | BTCUSDT | Price 42002.54 | Qty 30
WASH_TRADE,HIGH,2026-03-03T19:34:34.127222,Trader T0080 | BTCUSDT | Price 42001.06 | Qty 52
WASH_TRADE,MEDIUM,2026-03-03T19:34:34.127339,Trader T0080 | BTCUSDT | Price 42001.55 | Qty 26
WASH_TRADE,HIGH,2026-03-03T19:34:34.128650,Trader T0080 | ETHUSDT | Price 2299.53 | Qty 56
WASH_TRADE,MEDIUM,2026-03-03T19:34:34.131334,Trader T0080 | ETHUSDT | Price 2298.24 | Qty 28
WASH_TRADE,MEDIUM,2026-03-03T19:34:34.132421,Trader T0080 | ETHUSDT | Price 2297.79 | Qty 42
WASH_TRADE,MEDIUM,2026-03-03T19:34:34.134161,Trader T0080 | ETHUSDT | Price 2301.67 | Qty 46
WASH_TRADE,MEDIUM,2026-03-03T19:34:34.135198,Trader T0080 | SOLUSDT | Price 98.86 | Qty 46
WASH_TRADE,MEDIUM,2026-03-03T19:34:34.137864,Trader T0080 | SOLUSDT | Price 93.95 | Qty 32
WASH_TRADE,MEDIUM,2026-03-03T19:34:34.138948,Trader T0080 | SOLUSDT | Price 91.87 | Qty 40
WASH_TRADE,MEDIUM,2026-03-03T19:34:34.142832,Trader T0081 | BTCUSDT | Price 42002.12 | Qty 38
WASH_TRADE,MEDIUM,2026-03-03T19:34:34.143368,Trader T0081 | BTCUSDT | Price 41999.54 | Qty 50
WASH_TRADE,HIGH,2026-03-03T19:34:34.144476,Trader T0081 | BTCUSDT | Price 42002.59 | Qty 54
WASH_TRADE,HIGH,2026-03-03T19:34:34.147029,Trader T0081 | ETHUSDT | Price 2298.72 | Qty 60
WASH_TRADE,HIGH,2026-03-03T19:34:34.147920,Trader T0081 | ETHUSDT | Price 2298.92 | Qty 52
WASH_TRADE,MEDIUM,2026-03-03T19:34:34.148955,Trader T0081 | ETHUSDT | Price 2298.46 | Qty 32
WASH_TRADE,HIGH,2026-03-03T19:34:34.149398,Trader T0081 | ETHUSDT | Price 2298.21 | Qty 52
WASH_TRADE,HIGH,2026-03-03T19:34:34.153802,Trader T0081 | SOLUSDT | Price 95.44 | Qty 54
WASH_TRADE,MEDIUM,2026-03-03T19:34:34.160913,Trader T0082 | BTCUSDT | Price 41999.63 | Qty 24
WASH_TRADE,HIGH,2026-03-03T19:34:34.161506,Trader T0082 | BTCUSDT | Price 42000.77 | Qty 52
WASH_TRADE,MEDIUM,2026-03-03T19:34:34.163121,Trader T0082 | BTCUSDT | Price 41999.98 | Qty 44
WASH_TRADE,HIGH,2026-03-03T19:34:34.173063,Trader T0082 | SOLUSDT | Price 94.78 | Qty 56
WASH_TRADE,MEDIUM,2026-03-03T19:34:34.176110,Trader T0082 | SOLUSDT | Price 93.7 | Qty 40
WASH_TRADE,HIGH,2026-03-03T19:34:34.178797,Trader T0083 | BTCUSDT | Price 41996.08 | Qty 54
WASH_TRADE,MEDIUM,2026-03-03T19:34:34.179778,Trader T0083 | BTCUSDT | Price 42002.43 | Qty 22
WASH_TRADE,MEDIUM,2026-03-03T19:34:34.184612,Trader T0083 | BTCUSDT | Price 42000.71 | Qty 50
WASH_TRADE,MEDIUM,2026-03-03T19:34:34.185569,Trader T0083 | ETHUSDT | Price 2297.46 | Qty 40
WASH_TRADE,MEDIUM,2026-03-03T19:34:34.188768,Trader T0083 | ETHUSDT | Price 2300.25 | Qty 50
WASH_TRADE,MEDIUM,2026-03-03T19:34:34.196293,Trader T0083 | SOLUSDT | Price 93.45 | Qty 28
WASH_TRADE,MEDIUM,2026-03-03T19:34:34.196341,Trader T0083 | SOLUSDT | Price 96.27 | Qty 34
WASH_TRADE,HIGH,2026-03-03T19:34:34.197960,Trader T0083 | SOLUSDT | Price 93.84 | Qty 58
WASH_TRADE,MEDIUM,2026-03-03T19:34:34.198008,Trader T0083 | SOLUSDT | Price 93.96 | Qty 30
WASH_TRADE,HIGH,2026-03-03T19:34:34.198818,Trader T0083 | SOLUSDT | Price 91.89 | Qty 56
WASH_TRADE,MEDIUM,2026-03-03T19:34:34.204016,Trader T0084 | BTCUSDT | Price 42002.13 | Qty 20
WASH_TRADE,MEDIUM,2026-03-03T19:34:34.216135,Trader T0084 | SOLUSDT | Price 96.96 | Qty 46
WASH_TRADE,HIGH,2026-03-03T19:34:34.216884,Trader T0084 | SOLUSDT | Price 94.93 | Qty 56
WASH_TRADE,HIGH,2026-03-03T19:34:34.217926,Trader T0084 | SOLUSDT | Price 96.2 | Qty 60
WASH_TRADE,MEDIUM,2026-03-03T19:34:34.219978,Trader T0084 | SOLUSDT | Price 97.93 | Qty 28
WASH_TRADE,MEDIUM,2026-03-03T19:34:34.221797,Trader T0085 | BTCUSDT | Price 42000.02 | Qty 38
WASH_TRADE,MEDIUM,2026-03-03T19:34:34.223227,Trader T0085 | BTCUSDT | Price 42003.33 | Qty 26
WASH_TRADE,HIGH,2026-03-03T19:34:34.226337,Trader T0085 | BTCUSDT | Price 42000.08 | Qty 52
WASH_TRADE,MEDIUM,2026-03-03T19:34:34.227622,Trader T0085 | ETHUSDT | Price 2298.79 | Qty 28
WASH_TRADE,MEDIUM,2026-03-03T19:34:34.230022,Trader T0085 | ETHUSDT | Price 2299.01 | Qty 46
WASH_TRADE,MEDIUM,2026-03-03T19:34:34.238515,Trader T0085 | SOLUSDT | Price 92.05 | Qty 34
WASH_TRADE,MEDIUM,2026-03-03T19:34:34.240214,Trader T0085 | SOLUSDT | Price 96.91 | Qty 44
WASH_TRADE,HIGH,2026-03-03T19:34:34.243722,Trader T0086 | BTCUSDT | Price 41996.36 | Qty 60
WASH_TRADE,MEDIUM,2026-03-03T19:34:34.243860,Trader T0086 | BTCUSDT | Price 42000.1 | Qty 42
WASH_TRADE,MEDIUM,2026-03-03T19:34:34.249379,Trader T0086 | ETHUSDT | Price 2302.94 | Qty 40
WASH_TRADE,MEDIUM,2026-03-03T19:34:34.249593,Trader T0086 | ETHUSDT | Price 2297.24 | Qty 50
WASH_TRADE,MEDIUM,2026-03-03T19:34:34.252594,Trader T0086 | ETHUSDT | Price 2299.08 | Qty 20
WASH_TRADE,HIGH,2026-03-03T19:34:34.253826,Trader T0086 | SOLUSDT | Price 93.38 | Qty 60
WASH_TRADE,MEDIUM,2026-03-03T19:34:34.258427,Trader T0086 | SOLUSDT | Price 96.39 | Qty 20
WASH_TRADE,MEDIUM,2026-03-03T19:34:34.260141,Trader T0086 | SOLUSDT | Price 94.93 | Qty 26
WASH_TRADE,MEDIUM,2026-03-03T19:34:34.261436,Trader T0087 | BTCUSDT | Price 41998.75 | Qty 46
WASH_TRADE,MEDIUM,2026-03-03T19:34:34.261509,Trader T0087 | BTCUSDT | Price 42000.27 | Qty 42
WASH_TRADE,MEDIUM,2026-03-03T19:34:34.263423,Trader T0087 | BTCUSDT | Price 41996.9 | Qty 22
WASH_TRADE,MEDIUM,2026-03-03T19:34:34.268491,Trader T0087 | ETHUSDT | Price 2301.61 | Qty 28
WASH_TRADE,HIGH,2026-03-03T19:34:34.274301,Trader T0087 | SOLUSDT | Price 92.12 | Qty 54
WASH_TRADE,MEDIUM,2026-03-03T19:34:34.278974,Trader T0088 | BTCUSDT | Price 42002.3 | Qty 32
WASH_TRADE,MEDIUM,2026-03-03T19:34:34.282275,Trader T0088 | BTCUSDT | Price 42000.95 | Qty 20
WASH_TRADE,MEDIUM,2026-03-03T19:34:34.282488,Trader T0088 | BTCUSDT | Price 41999.23 | Qty 40
WASH_TRADE,MEDIUM,2026-03-03T19:34:34.283354,Trader T0088 | BTCUSDT | Price 42000.61 | Qty 36
WASH_TRADE,HIGH,2026-03-03T19:34:34.285784,Trader T0088 | BTCUSDT | Price 41997.32 | Qty 60
WASH_TRADE,MEDIUM,2026-03-03T19:34:34.286380,Trader T0088 | ETHUSDT | Price 2299.7 | Qty 46
WASH_TRADE,HIGH,2026-03-03T19:34:34.288564,Trader T0088 | ETHUSDT | Price 2301.56 | Qty 58
WASH_TRADE,MEDIUM,2026-03-03T19:34:34.291532,Trader T0088 | ETHUSDT | Price 2299.2 | Qty 50
WASH_TRADE,MEDIUM,2026-03-03T19:34:34.291866,Trader T0088 | ETHUSDT | Price 2297.75 | Qty 40
WASH_TRADE,MEDIUM,2026-03-03T19:34:34.294563,Trader T0088 | SOLUSDT | Price 95.36 | Qty 42
WASH_TRADE,HIGH,2026-03-03T19:34:34.294623,Trader T0088 | SOLUSDT | Price 94.24 | Qty 54
WASH_TRADE,MEDIUM,2026-03-03T19:34:34.296166,Trader T0088 | SOLUSDT | Price 96.5 | Qty 24
WASH_TRADE,MEDIUM,2026-03-03T19:34:34.296774,Trader T0088 | SOLUSDT | Price 90.98 | Qty 40
WASH_TRADE,MEDIUM,2026-03-03T19:34:34.297803,Trader T0088 | SOLUSDT | Price 95.99 | Qty 44
WASH_TRADE,MEDIUM,2026-03-03T19:34:34.300775,Trader T0089 | BTCUSDT | Price 41999.44 | Qty 50
WASH_TRADE,MEDIUM,2026-03-03T19:34:34.303503,Trader T0089 | BTCUSDT | Price 41999.9 | Qty 40
WASH_TRADE,MEDIUM,2026-03-03T19:34:34.306856,Trader T0089 | ETHUSDT | Price 2299.48 | Qty 34
WASH_TRADE,MEDIUM,2026-03-03T19:34:34.312879,Trader T0089 | SOLUSDT | Price 96.11 | Qty 50
WASH_TRADE,MEDIUM,2026-03-03T19:34:34.323619,Trader T0090 | BTCUSDT | Price 42000.19 | Qty 22
WASH_TRADE,HIGH,2026-03-03T19:34:34.327665,Trader T0090 | ETHUSDT | Price 2300.2 | Qty 56
WASH_TRADE,MEDIUM,2026-03-03T19:34:34.328592,Trader T0090 | ETHUSDT | Price 2300.21 | Qty 46
WASH_TRADE,MEDIUM,2026-03-03T19:34:34.331729,Trader T0090 | ETHUSDT | Price 2300.93 | Qty 44
WASH_TRADE,MEDIUM,2026-03-03T19:34:34.337334,Trader T0090 | SOLUSDT | Price 96.7 | Qty 38
WASH_TRADE,MEDIUM,2026-03-03T19:34:34.341626,Trader T0091 | BTCUSDT | Price 42001.11 | Qty 24
WASH_TRADE,MEDIUM,2026-03-03T19:34:34.341941,Trader T0091 | BTCUSDT | Price 42002.05 | Qty 40
WASH_TRADE,MEDIUM,2026-03-03T19:34:34.342183,Trader T0091 | BTCUSDT | Price 42002.27 | Qty 20
WASH_TRADE,MEDIUM,2026-03-03T19:34:34.346790,Trader T0091 | ETHUSDT | Price 2298.13 | Qty 26
WASH_TRADE,MEDIUM,2026-03-03T19:34:34.347151,Trader T0091 | ETHUSDT | Price 2304.46 | Qty 48
WASH_TRADE,MEDIUM,2026-03-03T19:34:34.350676,Trader T0091 | ETHUSDT | Price 2301.29 | Qty 28
WASH_TRADE,MEDIUM,2026-03-03T19:34:34.354059,Trader T0091 | SOLUSDT | Price 98.59 | Qty 38
WASH_TRADE,MEDIUM,2026-03-03T19:34:34.354463,Trader T0091 | SOLUSDT | Price 95.88 | Qty 48
WASH_TRADE,MEDIUM,2026-03-03T19:34:34.356760,Trader T0091 | SOLUSDT | Price 96.61 | Qty 42
WASH_TRADE,HIGH,2026-03-03T19:34:34.358365,Trader T0091 | SOLUSDT | Price 94.69 | Qty 54
WASH_TRADE,MEDIUM,2026-03-03T19:34:34.361393,Trader T0092 | BTCUSDT | Price 42005.05 | Qty 48
WASH_TRADE,MEDIUM,2026-03-03T19:34:34.365984,Trader T0092 | ETHUSDT | Price 2296.67 | Qty 32
WASH_TRADE,MEDIUM,2026-03-03T19:34:34.366581,Trader T0092 | ETHUSDT | Price 2300.19 | Qty 48
WASH_TRADE,HIGH,2026-03-03T19:34:34.368844,Trader T0092 | ETHUSDT | Price 2299.24 | Qty 56
WASH_TRADE,MEDIUM,2026-03-03T19:34:34.374445,Trader T0092 | SOLUSDT | Price 95.53 | Qty 42
WASH_TRADE,MEDIUM,2026-03-03T19:34:34.375624,Trader T0092 | SOLUSDT | Price 92.83 | Qty 34
WASH_TRADE,MEDIUM,2026-03-03T19:34:34.376086,Trader T0092 | SOLUSDT | Price 96.16 | Qty 22
WASH_TRADE,MEDIUM,2026-03-03T19:34:34.377743,Trader T0092 | SOLUSDT | Price 94.65 | Qty 40
WASH_TRADE,MEDIUM,2026-03-03T19:34:34.386309,Trader T0093 | ETHUSDT | Price 2300.9 | Qty 46
WASH_TRADE,MEDIUM,2026-03-03T19:34:34.386736,Trader T0093 | ETHUSDT | Price 2298.85 | Qty 48
WASH_TRADE,MEDIUM,2026-03-03T19:34:34.386934,Trader T0093 | ETHUSDT | Price 2300.67 | Qty 30
WASH_TRADE,MEDIUM,2026-03-03T19:34:34.387973,Trader T0093 | ETHUSDT | Price 2299.6 | Qty 36
WASH_TRADE,MEDIUM,2026-03-03T19:34:34.390548,Trader T0093 | ETHUSDT | Price 2300.95 | Qty 42
WASH_TRADE,HIGH,2026-03-03T19:34:34.392328,Trader T0093 | ETHUSDT | Price 2296.56 | Qty 58
WASH_TRADE,MEDIUM,2026-03-03T19:34:34.414176,Trader T0093 | SOLUSDT | Price 94.72 | Qty 42
WASH_TRADE,MEDIUM,2026-03-03T19:34:34.414388,Trader T0093 | SOLUSDT | Price 92.04 | Qty 48
WASH_TRADE,MEDIUM,2026-03-03T19:34:34.414633,Trader T0093 | SOLUSDT | Price 97.56 | Qty 34
WASH_TRADE,MEDIUM,2026-03-03T19:34:34.416063,Trader T0094 | BTCUSDT | Price 42000.48 | Qty 50
WASH_TRADE,MEDIUM,2026-03-03T19:34:34.420632,Trader T0094 | BTCUSDT | Price 41998.42 | Qty 46
WASH_TRADE,MEDIUM,2026-03-03T19:34:34.421252,Trader T0094 | ETHUSDT | Price 2302.75 | Qty 22
WASH_TRADE,HIGH,2026-03-03T19:34:34.424502,Trader T0094 | ETHUSDT | Price 2299.89 | Qty 60
WASH_TRADE,MEDIUM,2026-03-03T19:34:34.425187,Trader T0094 | ETHUSDT | Price 2297.31 | Qty 48
WASH_TRADE,MEDIUM,2026-03-03T19:34:34.426639,Trader T0094 | ETHUSDT | Price 2303.97 | Qty 46
WASH_TRADE,MEDIUM,2026-03-03T19:34:34.429531,Trader T0094 | SOLUSDT | Price 94.0 | Qty 20
WASH_TRADE,HIGH,2026-03-03T19:34:34.433652,Trader T0095 | BTCUSDT | Price 41997.45 | Qty 56
WASH_TRADE,MEDIUM,2026-03-03T19:34:34.437377,Trader T0095 | BTCUSDT | Price 42000.55 | Qty 46
WASH_TRADE,MEDIUM,2026-03-03T19:34:34.439678,Trader T0095 | ETHUSDT | Price 2298.22 | Qty 34
WASH_TRADE,HIGH,2026-03-03T19:34:34.442484,Trader T0095 | ETHUSDT | Price 2297.22 | Qty 54
WASH_TRADE,HIGH,2026-03-03T19:34:34.445067,Trader T0095 | ETHUSDT | Price 2301.43 | Qty 60
WASH_TRADE,MEDIUM,2026-03-03T19:34:34.446851,Trader T0095 | SOLUSDT | Price 95.12 | Qty 40
WASH_TRADE,MEDIUM,2026-03-03T19:34:34.447148,Trader T0095 | SOLUSDT | Price 97.63 | Qty 26
WASH_TRADE,HIGH,2026-03-03T19:34:34.447538,Trader T0095 | SOLUSDT | Price 96.73 | Qty 56
WASH_TRADE,HIGH,2026-03-03T19:34:34.447634,Trader T0095 | SOLUSDT | Price 94.56 | Qty 60
WASH_TRADE,HIGH,2026-03-03T19:34:34.450324,Trader T0095 | SOLUSDT | Price 98.02 | Qty 58
WASH_TRADE,MEDIUM,2026-03-03T19:34:34.452033,Trader T0095 | SOLUSDT | Price 97.62 | Qty 28
WASH_TRADE,MEDIUM,2026-03-03T19:34:34.458370,Trader T0096 | ETHUSDT | Price 2297.19 | Qty 38
WASH_TRADE,MEDIUM,2026-03-03T19:34:34.460109,Trader T0096 | ETHUSDT | Price 2299.81 | Qty 30
WASH_TRADE,MEDIUM,2026-03-03T19:34:34.462365,Trader T0096 | ETHUSDT | Price 2297.67 | Qty 48
WASH_TRADE,HIGH,2026-03-03T19:34:34.462829,Trader T0096 | ETHUSDT | Price 2302.72 | Qty 54
WASH_TRADE,HIGH,2026-03-03T19:34:34.475360,Trader T0097 | BTCUSDT | Price 42003.1 | Qty 58
WASH_TRADE,MEDIUM,2026-03-03T19:34:34.478728,Trader T0097 | ETHUSDT | Price 2298.44 | Qty 40
WASH_TRADE,MEDIUM,2026-03-03T19:34:34.497339,Trader T0098 | ETHUSDT | Price 2299.74 | Qty 24
WASH_TRADE,HIGH,2026-03-03T19:34:34.499815,Trader T0098 | ETHUSDT | Price 2297.02 | Qty 58
WASH_TRADE,MEDIUM,2026-03-03T19:34:34.503529,Trader T0098 | SOLUSDT | Price 93.86 | Qty 20
WASH_TRADE,MEDIUM,2026-03-03T19:34:34.503797,Trader T0098 | SOLUSDT | Price 96.72 | Qty 20
WASH_TRADE,MEDIUM,2026-03-03T19:34:34.504536,Trader T0098 | SOLUSDT | Price 96.37 | Qty 46
WASH_TRADE,MEDIUM,2026-03-03T19:34:34.505227,Trader T0098 | SOLUSDT | Price 92.15 | Qty 26
WASH_TRADE,HIGH,2026-03-03T19:34:34.508059,Trader T0099 | BTCUSDT | Price 42002.13 | Qty 52
WASH_TRADE,HIGH,2026-03-03T19:34:34.508135,Trader T0099 | BTCUSDT | Price 41995.17 | Qty 58
WASH_TRADE,MEDIUM,2026-03-03T19:34:34.508403,Trader T0099 | BTCUSDT | Price 42003.57 | Qty 42
WASH_TRADE,HIGH,2026-03-03T19:34:34.511518,Trader T0099 | BTCUSDT | Price 42000.35 | Qty 56
WASH_TRADE,MEDIUM,2026-03-03T19:34:34.514498,Trader T0099 | BTCUSDT | Price 42000.16 | Qty 26
WASH_TRADE,MEDIUM,2026-03-03T19:34:34.515526,Trader T0099 | ETHUSDT | Price 2300.91 | Qty 30
WASH_TRADE,MEDIUM,2026-03-03T19:34:34.515578,Trader T0099 | ETHUSDT | Price 2296.21 | Qty 42
WASH_TRADE,MEDIUM,2026-03-03T19:34:34.518930,Trader T0099 | ETHUSDT | Price 2303.07 | Qty 50
WASH_TRADE,MEDIUM,2026-03-03T19:34:34.525127,Trader T0099 | SOLUSDT | Price 95.18 | Qty 24
WASH_TRADE,MEDIUM,2026-03-03T19:34:34.525174,Trader T0099 | SOLUSDT | Price 97.22 | Qty 32
WASH_TRADE,MEDIUM,2026-03-03T19:34:34.527248,Trader T0099 | SOLUSDT | Price 94.45 | Qty 46
WASH_TRADE,MEDIUM,2026-03-03T19:34:34.527509,Trader T0099 | SOLUSDT | Price 94.97 | Qty 24
WASH_TRADE,MEDIUM,2026-03-03T19:34:34.529102,Trader T0100 | BTCUSDT | Price 41998.72 | Qty 26
WASH_TRADE,MEDIUM,2026-03-03T19:34:34.529419,Trader T0100 | BTCUSDT | Price 42001.07 | Qty 46
WASH_TRADE,HIGH,2026-03-03T19:34:34.535204,Trader T0100 | ETHUSDT | Price 2300.98 | Qty 52
WASH_TRADE,MEDIUM,2026-03-03T19:34:34.536185,Trader T0100 | ETHUSDT | Price 2299.14 | Qty 48
WASH_TRADE,MEDIUM,2026-03-03T19:34:34.536307,Trader T0100 | ETHUSDT | Price 2299.48 | Qty 22
WASH_TRADE,MEDIUM,2026-03-03T19:34:34.538678,Trader T0100 | ETHUSDT | Price 2300.55 | Qty 22
WASH_TRADE,MEDIUM,2026-03-03T19:34:34.545738,Trader T0100 | SOLUSDT | Price 93.89 | Qty 40
WASH_TRADE,MEDIUM,2026-03-03T19:34:34.546584,Trader T0100 | SOLUSDT | Price 99.09 | Qty 50
WASH_TRADE,HIGH,2026-03-03T19:34:34.548547,Trader T0101 | BTCUSDT | Price 41999.05 | Qty 54
WASH_TRADE,MEDIUM,2026-03-03T19:34:34.552241,Trader T0101 | BTCUSDT | Price 41997.68 | Qty 32
WASH_TRADE,HIGH,2026-03-03T19:34:34.555729,Trader T0101 | ETHUSDT | Price 2298.19 | Qty 56
WASH_TRADE,MEDIUM,2026-03-03T19:34:34.560448,Trader T0101 | SOLUSDT | Price 93.95 | Qty 32
WASH_TRADE,MEDIUM,2026-03-03T19:34:34.563997,Trader T0101 | SOLUSDT | Price 92.97 | Qty 26
WASH_TRADE,MEDIUM,2026-03-03T19:34:34.565518,Trader T0102 | BTCUSDT | Price 42001.07 | Qty 34
WASH_TRADE,HIGH,2026-03-03T19:34:34.567210,Trader T0102 | BTCUSDT | Price 41998.88 | Qty 58
WASH_TRADE,MEDIUM,2026-03-03T19:34:34.567374,Trader T0102 | BTCUSDT | Price 42001.67 | Qty 44
WASH_TRADE,MEDIUM,2026-03-03T19:34:34.575683,Trader T0102 | ETHUSDT | Price 2300.99 | Qty 48
WASH_TRADE,MEDIUM,2026-03-03T19:34:34.577490,Trader T0102 | ETHUSDT | Price 2301.34 | Qty 40
WASH_TRADE,MEDIUM,2026-03-03T19:34:34.578604,Trader T0102 | SOLUSDT | Price 97.07 | Qty 24
WASH_TRADE,HIGH,2026-03-03T19:34:34.578810,Trader T0102 | SOLUSDT | Price 95.33 | Qty 60
WASH_TRADE,MEDIUM,2026-03-03T19:34:34.579433,Trader T0102 | SOLUSDT | Price 95.99 | Qty 30
WASH_TRADE,MEDIUM,2026-03-03T19:34:34.579535,Trader T0102 | SOLUSDT | Price 93.67 | Qty 50
WASH_TRADE,MEDIUM,2026-03-03T19:34:34.580046,Trader T0102 | SOLUSDT | Price 93.92 | Qty 38
WASH_TRADE,MEDIUM,2026-03-03T19:34:34.583206,Trader T0102 | SOLUSDT | Price 95.26 | Qty 38
WASH_TRADE,MEDIUM,2026-03-03T19:34:34.583494,Trader T0102 | SOLUSDT | Price 96.2 | Qty 26
WASH_TRADE,MEDIUM,2026-03-03T19:34:34.588519,Trader T0103 | BTCUSDT | Price 41999.11 | Qty 50
WASH_TRADE,MEDIUM,2026-03-03T19:34:34.595522,Trader T0103 | ETHUSDT | Price 2297.32 | Qty 28
WASH_TRADE,HIGH,2026-03-03T19:34:34.596034,Trader T0103 | ETHUSDT | Price 2296.13 | Qty 54
WASH_TRADE,HIGH,2026-03-03T19:34:34.600607,Trader T0103 | SOLUSDT | Price 96.14 | Qty 54
WASH_TRADE,HIGH,2026-03-03T19:34:34.602646,Trader T0103 | SOLUSDT | Price 94.85 | Qty 54
WASH_TRADE,MEDIUM,2026-03-03T19:34:34.614337,Trader T0104 | ETHUSDT | Price 2298.75 | Qty 50
WASH_TRADE,HIGH,2026-03-03T19:34:34.616683,Trader T0104 | SOLUSDT | Price 94.62 | Qty 56
WASH_TRADE,MEDIUM,2026-03-03T19:34:34.617140,Trader T0104 | SOLUSDT | Price 97.0 | Qty 24
WASH_TRADE,MEDIUM,2026-03-03T19:34:34.618739,Trader T0104 | SOLUSDT | Price 96.51 | Qty 22
WASH_TRADE,MEDIUM,2026-03-03T19:34:34.625178,Trader T0105 | BTCUSDT | Price 41999.23 | Qty 42
WASH_TRADE,MEDIUM,2026-03-03T19:34:34.625558,Trader T0105 | BTCUSDT | Price 42001.61 | Qty 28
WASH_TRADE,MEDIUM,2026-03-03T19:34:34.625739,Trader T0105 | BTCUSDT | Price 42002.66 | Qty 40
WASH_TRADE,HIGH,2026-03-03T19:34:34.627239,Trader T0105 | BTCUSDT | Price 41995.52 | Qty 56
WASH_TRADE,MEDIUM,2026-03-03T19:34:34.628091,Trader T0105 | ETHUSDT | Price 2303.25 | Qty 34
WASH_TRADE,MEDIUM,2026-03-03T19:34:34.628588,Trader T0105 | ETHUSDT | Price 2298.56 | Qty 50
WASH_TRADE,MEDIUM,2026-03-03T19:34:34.629320,Trader T0105 | ETHUSDT | Price 2299.78 | Qty 50
WASH_TRADE,HIGH,2026-03-03T19:34:34.629503,Trader T0105 | ETHUSDT | Price 2298.92 | Qty 52
WASH_TRADE,HIGH,2026-03-03T19:34:34.634308,Trader T0105 | SOLUSDT | Price 95.7 | Qty 56
WASH_TRADE,MEDIUM,2026-03-03T19:34:34.634720,Trader T0105 | SOLUSDT | Price 93.68 | Qty 22
WASH_TRADE,HIGH,2026-03-03T19:34:34.634995,Trader T0105 | SOLUSDT | Price 95.31 | Qty 52
WASH_TRADE,MEDIUM,2026-03-03T19:34:34.637615,Trader T0105 | SOLUSDT | Price 95.12 | Qty 46
WASH_TRADE,MEDIUM,2026-03-03T19:34:34.637730,Trader T0105 | SOLUSDT | Price 91.41 | Qty 44
WASH_TRADE,HIGH,2026-03-03T19:34:34.641445,Trader T0106 | BTCUSDT | Price 42002.42 | Qty 56
WASH_TRADE,MEDIUM,2026-03-03T19:34:34.642711,Trader T0106 | BTCUSDT | Price 42001.82 | Qty 48
WASH_TRADE,MEDIUM,2026-03-03T19:34:34.648103,Trader T0106 | ETHUSDT | Price 2300.0 | Qty 50
WASH_TRADE,MEDIUM,2026-03-03T19:34:34.651176,Trader T0106 | ETHUSDT | Price 2299.17 | Qty 32
WASH_TRADE,MEDIUM,2026-03-03T19:34:34.652476,Trader T0106 | SOLUSDT | Price 91.73 | Qty 32
WASH_TRADE,MEDIUM,2026-03-03T19:34:34.654426,Trader T0106 | SOLUSDT | Price 96.6 | Qty 22
WASH_TRADE,MEDIUM,2026-03-03T19:34:34.657535,Trader T0106 | SOLUSDT | Price 93.14 | Qty 50
WASH_TRADE,MEDIUM,2026-03-03T19:34:34.660306,Trader T0107 | BTCUSDT | Price 42002.09 | Qty 50
WASH_TRADE,MEDIUM,2026-03-03T19:34:34.660439,Trader T0107 | BTCUSDT | Price 42000.15 | Qty 38
WASH_TRADE,HIGH,2026-03-03T19:34:34.662531,Trader T0107 | BTCUSDT | Price 41997.63 | Qty 54
WASH_TRADE,HIGH,2026-03-03T19:34:34.665027,Trader T0107 | ETHUSDT | Price 2297.75 | Qty 54
WASH_TRADE,MEDIUM,2026-03-03T19:34:34.667219,Trader T0107 | ETHUSDT | Price 2299.96 | Qty 20
WASH_TRADE,MEDIUM,2026-03-03T19:34:34.669369,Trader T0107 | ETHUSDT | Price 2297.05 | Qty 36
WASH_TRADE,MEDIUM,2026-03-03T19:34:34.671291,Trader T0107 | ETHUSDT | Price 2299.1 | Qty 44
WASH_TRADE,HIGH,2026-03-03T19:34:34.674061,Trader T0107 | SOLUSDT | Price 94.14 | Qty 56
WASH_TRADE,MEDIUM,2026-03-03T19:34:34.679360,Trader T0108 | BTCUSDT | Price 42000.07 | Qty 24
WASH_TRADE,HIGH,2026-03-03T19:34:34.682568,Trader T0108 | BTCUSDT | Price 41998.79 | Qty 60
WASH_TRADE,HIGH,2026-03-03T19:34:34.685239,Trader T0108 | ETHUSDT | Price 2300.22 | Qty 54
WASH_TRADE,MEDIUM,2026-03-03T19:34:34.685591,Trader T0108 | ETHUSDT | Price 2298.01 | Qty 36
WASH_TRADE,HIGH,2026-03-03T19:34:34.686182,Trader T0108 | ETHUSDT | Price 2304.53 | Qty 52
WASH_TRADE,MEDIUM,2026-03-03T19:34:34.690060,Trader T0108 | ETHUSDT | Price 2298.53 | Qty 20
WASH_TRADE,HIGH,2026-03-03T19:34:34.692812,Trader T0108 | SOLUSDT | Price 95.82 | Qty 60
WASH_TRADE,HIGH,2026-03-03T19:34:34.695276,Trader T0108 | SOLUSDT | Price 94.31 | Qty 56
WASH_TRADE,MEDIUM,2026-03-03T19:34:34.703419,Trader T0109 | BTCUSDT | Price 42000.96 | Qty 44
WASH_TRADE,MEDIUM,2026-03-03T19:34:34.706431,Trader T0109 | ETHUSDT | Price 2303.88 | Qty 36
WASH_TRADE,MEDIUM,2026-03-03T19:34:34.706872,Trader T0109 | ETHUSDT | Price 2298.39 | Qty 28
WASH_TRADE,MEDIUM,2026-03-03T19:34:34.707654,Trader T0109 | ETHUSDT | Price 2301.25 | Qty 40
WASH_TRADE,MEDIUM,2026-03-03T19:34:34.709758,Trader T0109 | ETHUSDT | Price 2298.87 | Qty 34
WASH_TRADE,MEDIUM,2026-03-03T19:34:34.712700,Trader T0109 | SOLUSDT | Price 90.97 | Qty 20
WASH_TRADE,MEDIUM,2026-03-03T19:34:34.718001,Trader T0110 | BTCUSDT | Price 42003.1 | Qty 30
WASH_TRADE,MEDIUM,2026-03-03T19:34:34.718896,Trader T0110 | BTCUSDT | Price 42000.16 | Qty 26
WASH_TRADE,HIGH,2026-03-03T19:34:34.719513,Trader T0110 | BTCUSDT | Price 42000.24 | Qty 58
WASH_TRADE,MEDIUM,2026-03-03T19:34:34.723149,Trader T0110 | BTCUSDT | Price 42002.51 | Qty 40
WASH_TRADE,MEDIUM,2026-03-03T19:34:34.724395,Trader T0110 | ETHUSDT | Price 2300.85 | Qty 32
WASH_TRADE,MEDIUM,2026-03-03T19:34:34.725515,Trader T0110 | ETHUSDT | Price 2296.87 | Qty 24
WASH_TRADE,MEDIUM,2026-03-03T19:34:34.727609,Trader T0110 | ETHUSDT | Price 2299.45 | Qty 40
WASH_TRADE,MEDIUM,2026-03-03T19:34:34.727821,Trader T0110 | ETHUSDT | Price 2299.16 | Qty 46
WASH_TRADE,MEDIUM,2026-03-03T19:34:34.728992,Trader T0110 | ETHUSDT | Price 2303.94 | Qty 48
WASH_TRADE,MEDIUM,2026-03-03T19:34:34.729408,Trader T0110 | ETHUSDT | Price 2301.75 | Qty 22
WASH_TRADE,MEDIUM,2026-03-03T19:34:34.731949,Trader T0110 | SOLUSDT | Price 91.92 | Qty 24
WASH_TRADE,MEDIUM,2026-03-03T19:34:34.733272,Trader T0110 | SOLUSDT | Price 95.69 | Qty 28
WASH_TRADE,MEDIUM,2026-03-03T19:34:34.733441,Trader T0110 | SOLUSDT | Price 97.08 | Qty 30
WASH_TRADE,MEDIUM,2026-03-03T19:34:34.733921,Trader T0110 | SOLUSDT | Price 97.65 | Qty 40
WASH_TRADE,MEDIUM,2026-03-03T19:34:34.735622,Trader T0110 | SOLUSDT | Price 92.77 | Qty 44
WASH_TRADE,MEDIUM,2026-03-03T19:34:34.735761,Trader T0110 | SOLUSDT | Price 93.34 | Qty 32
WASH_TRADE,MEDIUM,2026-03-03T19:34:34.741097,Trader T0111 | BTCUSDT | Price 41995.25 | Qty 24
WASH_TRADE,MEDIUM,2026-03-03T19:34:34.744344,Trader T0111 | BTCUSDT | Price 42000.14 | Qty 40
WASH_TRADE,MEDIUM,2026-03-03T19:34:34.747355,Trader T0111 | ETHUSDT | Price 2301.26 | Qty 38
WASH_TRADE,MEDIUM,2026-03-03T19:34:34.750773,Trader T0111 | ETHUSDT | Price 2302.8 | Qty 34
WASH_TRADE,MEDIUM,2026-03-03T19:34:34.752430,Trader T0111 | SOLUSDT | Price 96.42 | Qty 50
WASH_TRADE,HIGH,2026-03-03T19:34:34.753209,Trader T0111 | SOLUSDT | Price 93.7 | Qty 60
WASH_TRADE,MEDIUM,2026-03-03T19:34:34.755101,Trader T0111 | SOLUSDT | Price 94.61 | Qty 38
WASH_TRADE,HIGH,2026-03-03T19:34:34.760400,Trader T0112 | BTCUSDT | Price 41997.4 | Qty 52
WASH_TRADE,MEDIUM,2026-03-03T19:34:34.761100,Trader T0112 | BTCUSDT | Price 41997.54 | Qty 34
WASH_TRADE,MEDIUM,2026-03-03T19:34:34.762796,Trader T0112 | BTCUSDT | Price 42002.4 | Qty 26
WASH_TRADE,HIGH,2026-03-03T19:34:34.763386,Trader T0112 | BTCUSDT | Price 41996.93 | Qty 54
WASH_TRADE,MEDIUM,2026-03-03T19:34:34.766565,Trader T0112 | ETHUSDT | Price 2299.71 | Qty 22
WASH_TRADE,MEDIUM,2026-03-03T19:34:34.771186,Trader T0112 | ETHUSDT | Price 2301.63 | Qty 38
WASH_TRADE,HIGH,2026-03-03T19:34:34.773961,Trader T0112 | SOLUSDT | Price 93.43 | Qty 56
WASH_TRADE,MEDIUM,2026-03-03T19:34:34.779427,Trader T0113 | BTCUSDT | Price 41999.63 | Qty 24
WASH_TRADE,MEDIUM,2026-03-03T19:34:34.779601,Trader T0113 | BTCUSDT | Price 41998.59 | Qty 40
WASH_TRADE,MEDIUM,2026-03-03T19:34:34.780368,Trader T0113 | BTCUSDT | Price 41998.48 | Qty 20
WASH_TRADE,MEDIUM,2026-03-03T19:34:34.785698,Trader T0113 | ETHUSDT | Price 2301.15 | Qty 22
WASH_TRADE,MEDIUM,2026-03-03T19:34:34.792756,Trader T0113 | SOLUSDT | Price 93.23 | Qty 48
WASH_TRADE,MEDIUM,2026-03-03T19:34:34.798692,Trader T0114 | BTCUSDT | Price 42000.04 | Qty 48
WASH_TRADE,MEDIUM,2026-03-03T19:34:34.800511,Trader T0114 | BTCUSDT | Price 41996.78 | Qty 42
WASH_TRADE,MEDIUM,2026-03-03T19:34:34.801409,Trader T0114 | BTCUSDT | Price 42001.38 | Qty 48
WASH_TRADE,HIGH,2026-03-03T19:34:34.805463,Trader T0114 | ETHUSDT | Price 2298.27 | Qty 54
WASH_TRADE,MEDIUM,2026-03-03T19:34:34.806295,Trader T0114 | ETHUSDT | Price 2300.06 | Qty 28
WASH_TRADE,MEDIUM,2026-03-03T19:34:34.806831,Trader T0114 | ETHUSDT | Price 2302.65 | Qty 20
WASH_TRADE,MEDIUM,2026-03-03T19:34:34.806910,Trader T0114 | ETHUSDT | Price 2298.12 | Qty 24
WASH_TRADE,MEDIUM,2026-03-03T19:34:34.807865,Trader T0114 | ETHUSDT | Price 2300.43 | Qty 44
WASH_TRADE,MEDIUM,2026-03-03T19:34:34.808116,Trader T0114 | ETHUSDT | Price 2298.63 | Qty 50
WASH_TRADE,HIGH,2026-03-03T19:34:34.811647,Trader T0114 | SOLUSDT | Price 97.63 | Qty 60
WASH_TRADE,MEDIUM,2026-03-03T19:34:34.811929,Trader T0114 | SOLUSDT | Price 96.88 | Qty 48
WASH_TRADE,MEDIUM,2026-03-03T19:34:34.813222,Trader T0114 | SOLUSDT | Price 91.98 | Qty 34
WASH_TRADE,MEDIUM,2026-03-03T19:34:34.813433,Trader T0114 | SOLUSDT | Price 97.08 | Qty 30
WASH_TRADE,MEDIUM,2026-03-03T19:34:34.819368,Trader T0115 | BTCUSDT | Price 42002.35 | Qty 30
WASH_TRADE,MEDIUM,2026-03-03T19:34:34.820610,Trader T0115 | BTCUSDT | Price 42001.71 | Qty 36
WASH_TRADE,MEDIUM,2026-03-03T19:34:34.820967,Trader T0115 | BTCUSDT | Price 42000.15 | Qty 24
WASH_TRADE,HIGH,2026-03-03T19:34:34.824689,Trader T0115 | BTCUSDT | Price 41996.34 | Qty 58
WASH_TRADE,MEDIUM,2026-03-03T19:34:34.827039,Trader T0115 | ETHUSDT | Price 2299.63 | Qty 20
WASH_TRADE,MEDIUM,2026-03-03T19:34:34.832448,Trader T0115 | ETHUSDT | Price 2300.12 | Qty 46
WASH_TRADE,HIGH,2026-03-03T19:34:34.832989,Trader T0115 | ETHUSDT | Price 2301.22 | Qty 52
WASH_TRADE,MEDIUM,2026-03-03T19:34:34.833181,Trader T0115 | ETHUSDT | Price 2305.4 | Qty 24
WASH_TRADE,MEDIUM,2026-03-03T19:34:34.833824,Trader T0115 | SOLUSDT | Price 94.71 | Qty 50
WASH_TRADE,MEDIUM,2026-03-03T19:34:34.834062,Trader T0115 | SOLUSDT | Price 97.81 | Qty 46
WASH_TRADE,HIGH,2026-03-03T19:34:34.835006,Trader T0115 | SOLUSDT | Price 98.05 | Qty 60
WASH_TRADE,HIGH,2026-03-03T19:34:34.838481,Trader T0115 | SOLUSDT | Price 97.74 | Qty 56
WASH_TRADE,MEDIUM,2026-03-03T19:34:34.841215,Trader T0116 | BTCUSDT | Price 41999.74 | Qty 38
WASH_TRADE,MEDIUM,2026-03-03T19:34:34.841289,Trader T0116 | BTCUSDT | Price 42001.79 | Qty 30
WASH_TRADE,MEDIUM,2026-03-03T19:34:34.846404,Trader T0116 | ETHUSDT | Price 2299.29 | Qty 22
WASH_TRADE,MEDIUM,2026-03-03T19:34:34.849300,Trader T0116 | ETHUSDT | Price 2300.52 | Qty 48
WASH_TRADE,MEDIUM,2026-03-03T19:34:34.852973,Trader T0116 | SOLUSDT | Price 93.37 | Qty 34
WASH_TRADE,HIGH,2026-03-03T19:34:34.854042,Trader T0116 | SOLUSDT | Price 95.03 | Qty 56
WASH_TRADE,HIGH,2026-03-03T19:34:34.854118,Trader T0116 | SOLUSDT | Price 92.92 | Qty 56
WASH_TRADE,HIGH,2026-03-03T19:34:34.855782,Trader T0116 | SOLUSDT | Price 93.02 | Qty 52
WASH_TRADE,MEDIUM,2026-03-03T19:34:34.856232,Trader T0116 | SOLUSDT | Price 93.9 | Qty 28
WASH_TRADE,HIGH,2026-03-03T19:34:34.857700,Trader T0116 | SOLUSDT | Price 94.65 | Qty 60
WASH_TRADE,MEDIUM,2026-03-03T19:34:34.863660,Trader T0117 | BTCUSDT | Price 41999.03 | Qty 44
WASH_TRADE,MEDIUM,2026-03-03T19:34:34.865395,Trader T0117 | BTCUSDT | Price 41997.76 | Qty 24
WASH_TRADE,MEDIUM,2026-03-03T19:34:34.868083,Trader T0117 | ETHUSDT | Price 2302.04 | Qty 36
WASH_TRADE,MEDIUM,2026-03-03T19:34:34.870353,Trader T0117 | ETHUSDT | Price 2306.35 | Qty 24
WASH_TRADE,MEDIUM,2026-03-03T19:34:34.870400,Trader T0117 | ETHUSDT | Price 2296.67 | Qty 42
WASH_TRADE,MEDIUM,2026-03-03T19:34:34.873296,Trader T0117 | SOLUSDT | Price 95.53 | Qty 40
WASH_TRADE,HIGH,2026-03-03T19:34:34.874856,Trader T0117 | SOLUSDT | Price 97.27 | Qty 54
WASH_TRADE,HIGH,2026-03-03T19:34:34.875105,Trader T0117 | SOLUSDT | Price 93.46 | Qty 52
WASH_TRADE,MEDIUM,2026-03-03T19:34:34.875380,Trader T0117 | SOLUSDT | Price 95.38 | Qty 40
WASH_TRADE,MEDIUM,2026-03-03T19:34:34.876731,Trader T0117 | SOLUSDT | Price 95.14 | Qty 36
WASH_TRADE,MEDIUM,2026-03-03T19:34:34.882226,Trader T0118 | BTCUSDT | Price 42001.88 | Qty 20
WASH_TRADE,HIGH,2026-03-03T19:34:34.887304,Trader T0118 | ETHUSDT | Price 2304.5 | Qty 54
WASH_TRADE,MEDIUM,2026-03-03T19:34:34.887576,Trader T0118 | ETHUSDT | Price 2302.74 | Qty 36
WASH_TRADE,MEDIUM,2026-03-03T19:34:34.889136,Trader T0118 | ETHUSDT | Price 2301.35 | Qty 22
WASH_TRADE,MEDIUM,2026-03-03T19:34:34.890375,Trader T0118 | ETHUSDT | Price 2297.79 | Qty 42
WASH_TRADE,MEDIUM,2026-03-03T19:34:34.891858,Trader T0118 | SOLUSDT | Price 92.23 | Qty 20
WASH_TRADE,MEDIUM,2026-03-03T19:34:34.892737,Trader T0118 | SOLUSDT | Price 96.98 | Qty 34
WASH_TRADE,MEDIUM,2026-03-03T19:34:34.895271,Trader T0118 | SOLUSDT | Price 94.21 | Qty 50
WASH_TRADE,MEDIUM,2026-03-03T19:34:34.896823,Trader T0118 | SOLUSDT | Price 97.94 | Qty 20
WASH_TRADE,MEDIUM,2026-03-03T19:34:34.897447,Trader T0118 | SOLUSDT | Price 97.78 | Qty 34
WASH_TRADE,MEDIUM,2026-03-03T19:34:34.900760,Trader T0119 | BTCUSDT | Price 42000.56 | Qty 46
WASH_TRADE,MEDIUM,2026-03-03T19:34:34.904048,Trader T0119 | ETHUSDT | Price 2299.3 | Qty 28
WASH_TRADE,MEDIUM,2026-03-03T19:34:34.907273,Trader T0119 | ETHUSDT | Price 2296.77 | Qty 22
WASH_TRADE,HIGH,2026-03-03T19:34:34.909085,Trader T0119 | ETHUSDT | Price 2299.25 | Qty 60
WASH_TRADE,MEDIUM,2026-03-03T19:34:34.911286,Trader T0119 | SOLUSDT | Price 93.49 | Qty 22
WASH_TRADE,MEDIUM,2026-03-03T19:34:34.917762,Trader T0120 | BTCUSDT | Price 42001.17 | Qty 48
WASH_TRADE,HIGH,2026-03-03T19:34:34.918938,Trader T0120 | BTCUSDT | Price 42002.79 | Qty 54
WASH_TRADE,HIGH,2026-03-03T19:34:34.923908,Trader T0120 | ETHUSDT | Price 2300.24 | Qty 56
WASH_TRADE,MEDIUM,2026-03-03T19:34:34.925027,Trader T0120 | ETHUSDT | Price 2302.53 | Qty 24
WASH_TRADE,MEDIUM,2026-03-03T19:34:34.932398,Trader T0120 | SOLUSDT | Price 92.48 | Qty 50
WASH_TRADE,HIGH,2026-03-03T19:34:34.932994,Trader T0120 | SOLUSDT | Price 94.74 | Qty 52
WASH_TRADE,MEDIUM,2026-03-03T19:34:34.938844,Trader T0121 | BTCUSDT | Price 42000.09 | Qty 50
WASH_TRADE,MEDIUM,2026-03-03T19:34:34.939633,Trader T0121 | BTCUSDT | Price 41999.78 | Qty 22
WASH_TRADE,MEDIUM,2026-03-03T19:34:34.941088,Trader T0121 | BTCUSDT | Price 42000.75 | Qty 38
WASH_TRADE,MEDIUM,2026-03-03T19:34:34.941172,Trader T0121 | BTCUSDT | Price 42000.83 | Qty 44
WASH_TRADE,MEDIUM,2026-03-03T19:34:34.941546,Trader T0121 | BTCUSDT | Price 41998.61 | Qty 22
WASH_TRADE,MEDIUM,2026-03-03T19:34:34.942192,Trader T0121 | BTCUSDT | Price 41997.34 | Qty 46
WASH_TRADE,MEDIUM,2026-03-03T19:34:34.942720,Trader T0121 | BTCUSDT | Price 42000.93 | Qty 38
WASH_TRADE,MEDIUM,2026-03-03T19:34:34.944041,Trader T0121 | BTCUSDT | Price 41999.23 | Qty 30
WASH_TRADE,MEDIUM,2026-03-03T19:34:34.944196,Trader T0121 | BTCUSDT | Price 42001.15 | Qty 38
WASH_TRADE,HIGH,2026-03-03T19:34:34.947000,Trader T0121 | ETHUSDT | Price 2301.39 | Qty 60
WASH_TRADE,MEDIUM,2026-03-03T19:34:34.950198,Trader T0121 | ETHUSDT | Price 2298.7 | Qty 36
WASH_TRADE,MEDIUM,2026-03-03T19:34:34.950499,Trader T0121 | ETHUSDT | Price 2299.19 | Qty 24
WASH_TRADE,HIGH,2026-03-03T19:34:34.951387,Trader T0121 | SOLUSDT | Price 94.59 | Qty 56
WASH_TRADE,MEDIUM,2026-03-03T19:34:34.954535,Trader T0121 | SOLUSDT | Price 94.46 | Qty 48
WASH_TRADE,MEDIUM,2026-03-03T19:34:34.955491,Trader T0121 | SOLUSDT | Price 96.73 | Qty 42
WASH_TRADE,MEDIUM,2026-03-03T19:34:34.959407,Trader T0122 | BTCUSDT | Price 42004.19 | Qty 46
WASH_TRADE,HIGH,2026-03-03T19:34:34.966718,Trader T0122 | ETHUSDT | Price 2302.97 | Qty 56
WASH_TRADE,MEDIUM,2026-03-03T19:34:34.968285,Trader T0122 | ETHUSDT | Price 2305.69 | Qty 50
WASH_TRADE,MEDIUM,2026-03-03T19:34:34.969235,Trader T0122 | ETHUSDT | Price 2299.91 | Qty 44
WASH_TRADE,MEDIUM,2026-03-03T19:34:34.973198,Trader T0122 | SOLUSDT | Price 92.8 | Qty 22
WASH_TRADE,MEDIUM,2026-03-03T19:34:34.973677,Trader T0122 | SOLUSDT | Price 92.33 | Qty 44
WASH_TRADE,MEDIUM,2026-03-03T19:34:34.980965,Trader T0123 | BTCUSDT | Price 42002.28 | Qty 26
WASH_TRADE,MEDIUM,2026-03-03T19:34:34.981672,Trader T0123 | BTCUSDT | Price 42001.19 | Qty 44
WASH_TRADE,HIGH,2026-03-03T19:34:34.985900,Trader T0123 | ETHUSDT | Price 2299.47 | Qty 56
WASH_TRADE,HIGH,2026-03-03T19:34:34.987664,Trader T0123 | ETHUSDT | Price 2300.15 | Qty 60
WASH_TRADE,MEDIUM,2026-03-03T19:34:34.989027,Trader T0123 | ETHUSDT | Price 2300.44 | Qty 20
WASH_TRADE,MEDIUM,2026-03-03T19:34:34.989079,Trader T0123 | ETHUSDT | Price 2302.14 | Qty 50
WASH_TRADE,MEDIUM,2026-03-03T19:34:34.990799,Trader T0123 | ETHUSDT | Price 2302.05 | Qty 22
WASH_TRADE,MEDIUM,2026-03-03T19:34:34.991439,Trader T0123 | ETHUSDT | Price 2296.6 | Qty 38
WASH_TRADE,MEDIUM,2026-03-03T19:34:34.993506,Trader T0123 | SOLUSDT | Price 95.29 | Qty 44
WASH_TRADE,MEDIUM,2026-03-03T19:34:34.998600,Trader T0123 | SOLUSDT | Price 92.43 | Qty 36
WASH_TRADE,MEDIUM,2026-03-03T19:34:34.999594,Trader T0123 | SOLUSDT | Price 92.75 | Qty 44
WASH_TRADE,HIGH,2026-03-03T19:34:35.000255,Trader T0124 | BTCUSDT | Price 42001.4 | Qty 60
WASH_TRADE,HIGH,2026-03-03T19:34:35.005404,Trader T0124 | BTCUSDT | Price 41995.77 | Qty 52
WASH_TRADE,MEDIUM,2026-03-03T19:34:35.006416,Trader T0124 | ETHUSDT | Price 2299.71 | Qty 30
WASH_TRADE,MEDIUM,2026-03-03T19:34:35.007210,Trader T0124 | ETHUSDT | Price 2300.7 | Qty 48
WASH_TRADE,HIGH,2026-03-03T19:34:35.008137,Trader T0124 | ETHUSDT | Price 2298.61 | Qty 54
WASH_TRADE,MEDIUM,2026-03-03T19:34:35.010730,Trader T0124 | ETHUSDT | Price 2297.83 | Qty 40
WASH_TRADE,MEDIUM,2026-03-03T19:34:35.011982,Trader T0124 | ETHUSDT | Price 2302.03 | Qty 32
WASH_TRADE,MEDIUM,2026-03-03T19:34:35.012545,Trader T0124 | SOLUSDT | Price 95.45 | Qty 50
WASH_TRADE,HIGH,2026-03-03T19:34:35.012752,Trader T0124 | SOLUSDT | Price 94.97 | Qty 52
WASH_TRADE,HIGH,2026-03-03T19:34:35.012931,Trader T0124 | SOLUSDT | Price 94.19 | Qty 54
WASH_TRADE,MEDIUM,2026-03-03T19:34:35.015240,Trader T0124 | SOLUSDT | Price 97.23 | Qty 32
WASH_TRADE,MEDIUM,2026-03-03T19:34:35.016717,Trader T0124 | SOLUSDT | Price 96.39 | Qty 38
WASH_TRADE,HIGH,2026-03-03T19:34:35.018250,Trader T0124 | SOLUSDT | Price 91.31 | Qty 60
WASH_TRADE,MEDIUM,2026-03-03T19:34:35.018298,Trader T0124 | SOLUSDT | Price 96.99 | Qty 48
WASH_TRADE,MEDIUM,2026-03-03T19:34:35.018870,Trader T0125 | BTCUSDT | Price 42004.04 | Qty 28
WASH_TRADE,HIGH,2026-03-03T19:34:35.019176,Trader T0125 | BTCUSDT | Price 41998.21 | Qty 54
WASH_TRADE,HIGH,2026-03-03T19:34:35.020454,Trader T0125 | BTCUSDT | Price 42000.45 | Qty 54
WASH_TRADE,MEDIUM,2026-03-03T19:34:35.022162,Trader T0125 | BTCUSDT | Price 41999.15 | Qty 40
WASH_TRADE,HIGH,2026-03-03T19:34:35.027866,Trader T0125 | ETHUSDT | Price 2297.8 | Qty 52
WASH_TRADE,MEDIUM,2026-03-03T19:34:35.029281,Trader T0125 | ETHUSDT | Price 2299.47 | Qty 34
WASH_TRADE,MEDIUM,2026-03-03T19:34:35.029639,Trader T0125 | ETHUSDT | Price 2295.65 | Qty 28
WASH_TRADE,MEDIUM,2026-03-03T19:34:35.029895,Trader T0125 | ETHUSDT | Price 2301.05 | Qty 42
WASH_TRADE,MEDIUM,2026-03-03T19:34:35.030043,Trader T0125 | ETHUSDT | Price 2297.05 | Qty 34
WASH_TRADE,MEDIUM,2026-03-03T19:34:35.030902,Trader T0125 | ETHUSDT | Price 2297.05 | Qty 48
WASH_TRADE,MEDIUM,2026-03-03T19:34:35.032626,Trader T0125 | SOLUSDT | Price 94.41 | Qty 26
WASH_TRADE,MEDIUM,2026-03-03T19:34:35.040337,Trader T0126 | BTCUSDT | Price 41999.29 | Qty 44
WASH_TRADE,MEDIUM,2026-03-03T19:34:35.040943,Trader T0126 | BTCUSDT | Price 41995.97 | Qty 38
WASH_TRADE,HIGH,2026-03-03T19:34:35.042878,Trader T0126 | BTCUSDT | Price 42001.16 | Qty 60
WASH_TRADE,MEDIUM,2026-03-03T19:34:35.050798,Trader T0126 | ETHUSDT | Price 2299.72 | Qty 34
WASH_TRADE,MEDIUM,2026-03-03T19:34:35.054035,Trader T0126 | SOLUSDT | Price 95.79 | Qty 22
WASH_TRADE,MEDIUM,2026-03-03T19:34:35.056393,Trader T0126 | SOLUSDT | Price 95.36 | Qty 22
WASH_TRADE,MEDIUM,2026-03-03T19:34:35.064816,Trader T0127 | BTCUSDT | Price 42000.77 | Qty 24
WASH_TRADE,MEDIUM,2026-03-03T19:34:35.065340,Trader T0127 | BTCUSDT | Price 41997.81 | Qty 50
WASH_TRADE,MEDIUM,2026-03-03T19:34:35.065566,Trader T0127 | BTCUSDT | Price 41999.21 | Qty 36
WASH_TRADE,MEDIUM,2026-03-03T19:34:35.068830,Trader T0127 | ETHUSDT | Price 2303.81 | Qty 38
WASH_TRADE,MEDIUM,2026-03-03T19:34:35.073712,Trader T0127 | ETHUSDT | Price 2301.49 | Qty 48
WASH_TRADE,MEDIUM,2026-03-03T19:34:35.073821,Trader T0127 | ETHUSDT | Price 2301.17 | Qty 48
WASH_TRADE,MEDIUM,2026-03-03T19:34:35.078281,Trader T0127 | SOLUSDT | Price 93.85 | Qty 44
WASH_TRADE,MEDIUM,2026-03-03T19:34:35.079435,Trader T0127 | SOLUSDT | Price 97.57 | Qty 44
WASH_TRADE,HIGH,2026-03-03T19:34:35.079740,Trader T0127 | SOLUSDT | Price 90.52 | Qty 58
WASH_TRADE,MEDIUM,2026-03-03T19:34:35.081897,Trader T0128 | BTCUSDT | Price 41997.96 | Qty 40
WASH_TRADE,MEDIUM,2026-03-03T19:34:35.083720,Trader T0128 | BTCUSDT | Price 42006.78 | Qty 44
WASH_TRADE,HIGH,2026-03-03T19:34:35.084561,Trader T0128 | BTCUSDT | Price 42001.46 | Qty 58
WASH_TRADE,MEDIUM,2026-03-03T19:34:35.089946,Trader T0128 | ETHUSDT | Price 2296.83 | Qty 50
WASH_TRADE,MEDIUM,2026-03-03T19:34:35.092204,Trader T0128 | ETHUSDT | Price 2296.65 | Qty 28
WASH_TRADE,HIGH,2026-03-03T19:34:35.092688,Trader T0128 | ETHUSDT | Price 2302.42 | Qty 60
WASH_TRADE,HIGH,2026-03-03T19:34:35.094434,Trader T0128 | ETHUSDT | Price 2300.88 | Qty 60
WASH_TRADE,MEDIUM,2026-03-03T19:34:35.095194,Trader T0128 | ETHUSDT | Price 2303.17 | Qty 44
WASH_TRADE,MEDIUM,2026-03-03T19:34:35.097656,Trader T0128 | SOLUSDT | Price 95.57 | Qty 44
WASH_TRADE,HIGH,2026-03-03T19:34:35.098381,Trader T0128 | SOLUSDT | Price 95.79 | Qty 58
WASH_TRADE,MEDIUM,2026-03-03T19:34:35.100402,Trader T0128 | SOLUSDT | Price 96.97 | Qty 50
WASH_TRADE,HIGH,2026-03-03T19:34:35.100483,Trader T0128 | SOLUSDT | Price 92.52 | Qty 58
WASH_TRADE,MEDIUM,2026-03-03T19:34:35.101917,Trader T0128 | SOLUSDT | Price 95.48 | Qty 44
WASH_TRADE,MEDIUM,2026-03-03T19:34:35.102872,Trader T0128 | SOLUSDT | Price 94.46 | Qty 34
WASH_TRADE,HIGH,2026-03-03T19:34:35.103170,Trader T0128 | SOLUSDT | Price 94.71 | Qty 54
WASH_TRADE,MEDIUM,2026-03-03T19:34:35.114929,Trader T0129 | ETHUSDT | Price 2296.63 | Qty 36
WASH_TRADE,MEDIUM,2026-03-03T19:34:35.125117,Trader T0130 | BTCUSDT | Price 42002.59 | Qty 40
WASH_TRADE,MEDIUM,2026-03-03T19:34:35.126747,Trader T0130 | BTCUSDT | Price 41998.43 | Qty 40
WASH_TRADE,MEDIUM,2026-03-03T19:34:35.127680,Trader T0130 | BTCUSDT | Price 41997.83 | Qty 34
WASH_TRADE,MEDIUM,2026-03-03T19:34:35.132539,Trader T0130 | ETHUSDT | Price 2300.56 | Qty 42
WASH_TRADE,MEDIUM,2026-03-03T19:34:35.139637,Trader T0130 | SOLUSDT | Price 98.57 | Qty 36
WASH_TRADE,MEDIUM,2026-03-03T19:34:35.142045,Trader T0131 | BTCUSDT | Price 41999.22 | Qty 28
WASH_TRADE,MEDIUM,2026-03-03T19:34:35.144128,Trader T0131 | BTCUSDT | Price 42001.07 | Qty 36
WASH_TRADE,HIGH,2026-03-03T19:34:35.145535,Trader T0131 | BTCUSDT | Price 42000.39 | Qty 56
WASH_TRADE,MEDIUM,2026-03-03T19:34:35.145604,Trader T0131 | BTCUSDT | Price 41999.09 | Qty 26
WASH_TRADE,MEDIUM,2026-03-03T19:34:35.148095,Trader T0131 | ETHUSDT | Price 2299.22 | Qty 22
WASH_TRADE,HIGH,2026-03-03T19:34:35.151574,Trader T0131 | ETHUSDT | Price 2299.29 | Qty 60
WASH_TRADE,MEDIUM,2026-03-03T19:34:35.152217,Trader T0131 | SOLUSDT | Price 95.71 | Qty 46
WASH_TRADE,MEDIUM,2026-03-03T19:34:35.153992,Trader T0131 | SOLUSDT | Price 98.01 | Qty 44
WASH_TRADE,MEDIUM,2026-03-03T19:34:35.163101,Trader T0132 | BTCUSDT | Price 41996.6 | Qty 50
WASH_TRADE,MEDIUM,2026-03-03T19:34:35.163578,Trader T0132 | BTCUSDT | Price 42000.15 | Qty 44
WASH_TRADE,MEDIUM,2026-03-03T19:34:35.164476,Trader T0132 | BTCUSDT | Price 42001.18 | Qty 32
WASH_TRADE,MEDIUM,2026-03-03T19:34:35.167042,Trader T0132 | ETHUSDT | Price 2302.22 | Qty 30
WASH_TRADE,MEDIUM,2026-03-03T19:34:35.167190,Trader T0132 | ETHUSDT | Price 2300.83 | Qty 50
WASH_TRADE,MEDIUM,2026-03-03T19:34:35.169126,Trader T0132 | ETHUSDT | Price 2297.63 | Qty 30
WASH_TRADE,HIGH,2026-03-03T19:34:35.169172,Trader T0132 | ETHUSDT | Price 2301.89 | Qty 54
WASH_TRADE,MEDIUM,2026-03-03T19:34:35.170742,Trader T0132 | ETHUSDT | Price 2300.92 | Qty 22
WASH_TRADE,MEDIUM,2026-03-03T19:34:35.170859,Trader T0132 | ETHUSDT | Price 2296.55 | Qty 40
WASH_TRADE,MEDIUM,2026-03-03T19:34:35.174969,Trader T0132 | SOLUSDT | Price 93.5 | Qty 44
WASH_TRADE,HIGH,2026-03-03T19:34:35.178988,Trader T0133 | BTCUSDT | Price 42000.65 | Qty 52
WASH_TRADE,MEDIUM,2026-03-03T19:34:35.181370,Trader T0133 | BTCUSDT | Price 41995.78 | Qty 24
WASH_TRADE,MEDIUM,2026-03-03T19:34:35.185874,Trader T0133 | ETHUSDT | Price 2298.52 | Qty 34
WASH_TRADE,MEDIUM,2026-03-03T19:34:35.198124,Trader T0134 | BTCUSDT | Price 42001.07 | Qty 20
WASH_TRADE,MEDIUM,2026-03-03T19:34:35.207955,Trader T0134 | ETHUSDT | Price 2297.9 | Qty 46
WASH_TRADE,MEDIUM,2026-03-03T19:34:35.208462,Trader T0134 | ETHUSDT | Price 2300.41 | Qty 48
WASH_TRADE,MEDIUM,2026-03-03T19:34:35.210624,Trader T0134 | SOLUSDT | Price 97.29 | Qty 24
WASH_TRADE,MEDIUM,2026-03-03T19:34:35.218665,Trader T0135 | BTCUSDT | Price 42000.8 | Qty 30
WASH_TRADE,HIGH,2026-03-03T19:34:35.219146,Trader T0135 | BTCUSDT | Price 41999.1 | Qty 58
WASH_TRADE,MEDIUM,2026-03-03T19:34:35.219615,Trader T0135 | BTCUSDT | Price 42001.65 | Qty 26
WASH_TRADE,MEDIUM,2026-03-03T19:34:35.220140,Trader T0135 | BTCUSDT | Price 41997.94 | Qty 30
WASH_TRADE,MEDIUM,2026-03-03T19:34:35.231792,Trader T0135 | SOLUSDT | Price 96.4 | Qty 38
WASH_TRADE,MEDIUM,2026-03-03T19:34:35.234320,Trader T0136 | BTCUSDT | Price 41997.56 | Qty 40
WASH_TRADE,MEDIUM,2026-03-03T19:34:35.235567,Trader T0136 | BTCUSDT | Price 42000.09 | Qty 32
WASH_TRADE,MEDIUM,2026-03-03T19:34:35.236736,Trader T0136 | BTCUSDT | Price 42000.75 | Qty 40
WASH_TRADE,MEDIUM,2026-03-03T19:34:35.238281,Trader T0136 | BTCUSDT | Price 41998.05 | Qty 34
WASH_TRADE,MEDIUM,2026-03-03T19:34:35.239377,Trader T0136 | BTCUSDT | Price 42000.73 | Qty 30
WASH_TRADE,MEDIUM,2026-03-03T19:34:35.240155,Trader T0136 | ETHUSDT | Price 2302.84 | Qty 26
WASH_TRADE,HIGH,2026-03-03T19:34:35.242573,Trader T0136 | ETHUSDT | Price 2303.93 | Qty 60
WASH_TRADE,HIGH,2026-03-03T19:34:35.244355,Trader T0136 | ETHUSDT | Price 2296.46 | Qty 60
WASH_TRADE,MEDIUM,2026-03-03T19:34:35.244885,Trader T0136 | ETHUSDT | Price 2298.72 | Qty 50
WASH_TRADE,HIGH,2026-03-03T19:34:35.244982,Trader T0136 | ETHUSDT | Price 2299.84 | Qty 60
WASH_TRADE,HIGH,2026-03-03T19:34:35.248028,Trader T0136 | SOLUSDT | Price 94.07 | Qty 58
WASH_TRADE,MEDIUM,2026-03-03T19:34:35.248397,Trader T0136 | SOLUSDT | Price 97.81 | Qty 46
WASH_TRADE,MEDIUM,2026-03-03T19:34:35.250196,Trader T0136 | SOLUSDT | Price 92.97 | Qty 40
WASH_TRADE,HIGH,2026-03-03T19:34:35.254216,Trader T0137 | BTCUSDT | Price 42000.39 | Qty 52
WASH_TRADE,HIGH,2026-03-03T19:34:35.259659,Trader T0137 | BTCUSDT | Price 41996.79 | Qty 58
WASH_TRADE,MEDIUM,2026-03-03T19:34:35.279967,Trader T0137 | ETHUSDT | Price 2299.5 | Qty 42
WASH_TRADE,HIGH,2026-03-03T19:34:35.286782,Trader T0137 | SOLUSDT | Price 94.17 | Qty 60
WASH_TRADE,MEDIUM,2026-03-03T19:34:35.295566,Trader T0138 | BTCUSDT | Price 41998.76 | Qty 22
WASH_TRADE,MEDIUM,2026-03-03T19:34:35.298347,Trader T0138 | ETHUSDT | Price 2299.71 | Qty 36
WASH_TRADE,MEDIUM,2026-03-03T19:34:35.299041,Trader T0138 | ETHUSDT | Price 2298.76 | Qty 44
WASH_TRADE,MEDIUM,2026-03-03T19:34:35.310198,Trader T0139 | BTCUSDT | Price 41995.77 | Qty 44
WASH_TRADE,MEDIUM,2026-03-03T19:34:35.314456,Trader T0139 | BTCUSDT | Price 42002.34 | Qty 50
WASH_TRADE,MEDIUM,2026-03-03T19:34:35.317148,Trader T0139 | ETHUSDT | Price 2300.99 | Qty 36
WASH_TRADE,HIGH,2026-03-03T19:34:35.319927,Trader T0139 | ETHUSDT | Price 2298.53 | Qty 60
WASH_TRADE,MEDIUM,2026-03-03T19:34:35.320850,Trader T0139 | ETHUSDT | Price 2299.89 | Qty 32
WASH_TRADE,MEDIUM,2026-03-03T19:34:35.323107,Trader T0139 | SOLUSDT | Price 96.04 | Qty 30
WASH_TRADE,MEDIUM,2026-03-03T19:34:35.330363,Trader T0140 | BTCUSDT | Price 42003.62 | Qty 20
WASH_TRADE,MEDIUM,2026-03-03T19:34:35.332577,Trader T0140 | BTCUSDT | Price 41996.28 | Qty 38
WASH_TRADE,HIGH,2026-03-03T19:34:35.332934,Trader T0140 | BTCUSDT | Price 42000.48 | Qty 54
WASH_TRADE,MEDIUM,2026-03-03T19:34:35.333224,Trader T0140 | BTCUSDT | Price 42002.46 | Qty 20
WASH_TRADE,MEDIUM,2026-03-03T19:34:35.334038,Trader T0140 | BTCUSDT | Price 42001.1 | Qty 44
WASH_TRADE,HIGH,2026-03-03T19:34:35.335024,Trader T0140 | BTCUSDT | Price 42001.7 | Qty 60
WASH_TRADE,MEDIUM,2026-03-03T19:34:35.335466,Trader T0140 | BTCUSDT | Price 42002.56 | Qty 44
WASH_TRADE,MEDIUM,2026-03-03T19:34:35.336453,Trader T0140 | ETHUSDT | Price 2301.84 | Qty 30
WASH_TRADE,HIGH,2026-03-03T19:34:35.346467,Trader T0140 | SOLUSDT | Price 97.7 | Qty 54
WASH_TRADE,MEDIUM,2026-03-03T19:34:35.347208,Trader T0140 | SOLUSDT | Price 93.97 | Qty 32
WASH_TRADE,MEDIUM,2026-03-03T19:34:35.348211,Trader T0140 | SOLUSDT | Price 94.15 | Qty 34
WASH_TRADE,MEDIUM,2026-03-03T19:34:35.349855,Trader T0141 | BTCUSDT | Price 41997.32 | Qty 32
WASH_TRADE,MEDIUM,2026-03-03T19:34:35.353117,Trader T0141 | BTCUSDT | Price 41998.24 | Qty 30
WASH_TRADE,MEDIUM,2026-03-03T19:34:35.356374,Trader T0141 | ETHUSDT | Price 2302.1 | Qty 46
WASH_TRADE,MEDIUM,2026-03-03T19:34:35.356538,Trader T0141 | ETHUSDT | Price 2296.15 | Qty 32
WASH_TRADE,HIGH,2026-03-03T19:34:35.357666,Trader T0141 | ETHUSDT | Price 2301.35 | Qty 54
WASH_TRADE,HIGH,2026-03-03T19:34:35.361338,Trader T0141 | SOLUSDT | Price 95.71 | Qty 58
WASH_TRADE,MEDIUM,2026-03-03T19:34:35.362188,Trader T0141 | SOLUSDT | Price 91.01 | Qty 32
WASH_TRADE,HIGH,2026-03-03T19:34:35.369725,Trader T0142 | BTCUSDT | Price 41997.51 | Qty 56
WASH_TRADE,HIGH,2026-03-03T19:34:35.370212,Trader T0142 | BTCUSDT | Price 42000.58 | Qty 60
WASH_TRADE,HIGH,2026-03-03T19:34:35.373617,Trader T0142 | BTCUSDT | Price 42002.51 | Qty 56
WASH_TRADE,HIGH,2026-03-03T19:34:35.375387,Trader T0142 | ETHUSDT | Price 2300.56 | Qty 54
WASH_TRADE,MEDIUM,2026-03-03T19:34:35.375633,Trader T0142 | ETHUSDT | Price 2298.65 | Qty 38
WASH_TRADE,MEDIUM,2026-03-03T19:34:35.378113,Trader T0142 | ETHUSDT | Price 2301.31 | Qty 20
WASH_TRADE,MEDIUM,2026-03-03T19:34:35.381553,Trader T0142 | SOLUSDT | Price 93.33 | Qty 20
WASH_TRADE,MEDIUM,2026-03-03T19:34:35.382144,Trader T0142 | SOLUSDT | Price 95.46 | Qty 26
WASH_TRADE,HIGH,2026-03-03T19:34:35.382829,Trader T0142 | SOLUSDT | Price 94.51 | Qty 56
WASH_TRADE,HIGH,2026-03-03T19:34:35.383193,Trader T0142 | SOLUSDT | Price 95.89 | Qty 58
WASH_TRADE,MEDIUM,2026-03-03T19:34:35.386168,Trader T0142 | SOLUSDT | Price 94.87 | Qty 46
WASH_TRADE,MEDIUM,2026-03-03T19:34:35.392789,Trader T0143 | BTCUSDT | Price 41999.81 | Qty 44
WASH_TRADE,MEDIUM,2026-03-03T19:34:35.392974,Trader T0143 | BTCUSDT | Price 42002.73 | Qty 24
WASH_TRADE,MEDIUM,2026-03-03T19:34:35.393843,Trader T0143 | ETHUSDT | Price 2298.68 | Qty 20
WASH_TRADE,MEDIUM,2026-03-03T19:34:35.395518,Trader T0143 | ETHUSDT | Price 2299.67 | Qty 32
WASH_TRADE,HIGH,2026-03-03T19:34:35.396725,Trader T0143 | ETHUSDT | Price 2301.21 | Qty 60
WASH_TRADE,MEDIUM,2026-03-03T19:34:35.399108,Trader T0143 | ETHUSDT | Price 2297.24 | Qty 24
WASH_TRADE,MEDIUM,2026-03-03T19:34:35.403038,Trader T0143 | SOLUSDT | Price 100.57 | Qty 40
WASH_TRADE,MEDIUM,2026-03-03T19:34:35.403304,Trader T0143 | SOLUSDT | Price 97.14 | Qty 24
WASH_TRADE,MEDIUM,2026-03-03T19:34:35.405262,Trader T0143 | SOLUSDT | Price 94.73 | Qty 22
WASH_TRADE,HIGH,2026-03-03T19:34:35.406196,Trader T0143 | SOLUSDT | Price 95.06 | Qty 52
WASH_TRADE,MEDIUM,2026-03-03T19:34:35.406340,Trader T0144 | BTCUSDT | Price 42001.97 | Qty 44
WASH_TRADE,MEDIUM,2026-03-03T19:34:35.406956,Trader T0144 | BTCUSDT | Price 42002.97 | Qty 20
WASH_TRADE,MEDIUM,2026-03-03T19:34:35.415699,Trader T0144 | ETHUSDT | Price 2301.42 | Qty 34
WASH_TRADE,HIGH,2026-03-03T19:34:35.428440,Trader T0145 | BTCUSDT | Price 42004.07 | Qty 54
WASH_TRADE,MEDIUM,2026-03-03T19:34:35.429414,Trader T0145 | BTCUSDT | Price 42002.5 | Qty 24
WASH_TRADE,MEDIUM,2026-03-03T19:34:35.429848,Trader T0145 | BTCUSDT | Price 41997.08 | Qty 50
WASH_TRADE,HIGH,2026-03-03T19:34:35.436378,Trader T0145 | ETHUSDT | Price 2294.56 | Qty 56
WASH_TRADE,MEDIUM,2026-03-03T19:34:35.437560,Trader T0145 | SOLUSDT | Price 100.28 | Qty 36
WASH_TRADE,MEDIUM,2026-03-03T19:34:35.438204,Trader T0145 | SOLUSDT | Price 96.79 | Qty 38
WASH_TRADE,MEDIUM,2026-03-03T19:34:35.445279,Trader T0146 | BTCUSDT | Price 42000.35 | Qty 34
WASH_TRADE,MEDIUM,2026-03-03T19:34:35.449673,Trader T0146 | ETHUSDT | Price 2298.51 | Qty 26
WASH_TRADE,MEDIUM,2026-03-03T19:34:35.450260,Trader T0146 | ETHUSDT | Price 2296.91 | Qty 22
WASH_TRADE,HIGH,2026-03-03T19:34:35.451957,Trader T0146 | ETHUSDT | Price 2297.18 | Qty 60
WASH_TRADE,MEDIUM,2026-03-03T19:34:35.455117,Trader T0146 | ETHUSDT | Price 2299.15 | Qty 42
WASH_TRADE,HIGH,2026-03-03T19:34:35.457095,Trader T0146 | SOLUSDT | Price 96.82 | Qty 56
WASH_TRADE,MEDIUM,2026-03-03T19:34:35.465484,Trader T0147 | BTCUSDT | Price 41999.87 | Qty 46
WASH_TRADE,HIGH,2026-03-03T19:34:35.466250,Trader T0147 | BTCUSDT | Price 41998.6 | Qty 60
WASH_TRADE,MEDIUM,2026-03-03T19:34:35.469926,Trader T0147 | ETHUSDT | Price 2301.36 | Qty 36
WASH_TRADE,MEDIUM,2026-03-03T19:34:35.473971,Trader T0147 | ETHUSDT | Price 2303.82 | Qty 22
WASH_TRADE,MEDIUM,2026-03-03T19:34:35.478769,Trader T0147 | SOLUSDT | Price 94.81 | Qty 32
WASH_TRADE,MEDIUM,2026-03-03T19:34:35.481859,Trader T0147 | SOLUSDT | Price 95.75 | Qty 42
WASH_TRADE,MEDIUM,2026-03-03T19:34:35.490258,Trader T0148 | ETHUSDT | Price 2299.61 | Qty 40
WASH_TRADE,HIGH,2026-03-03T19:34:35.491567,Trader T0148 | ETHUSDT | Price 2297.45 | Qty 56
WASH_TRADE,MEDIUM,2026-03-03T19:34:35.492645,Trader T0148 | ETHUSDT | Price 2296.25 | Qty 20
WASH_TRADE,HIGH,2026-03-03T19:34:35.496872,Trader T0148 | SOLUSDT | Price 93.79 | Qty 54
WASH_TRADE,MEDIUM,2026-03-03T19:34:35.499002,Trader T0148 | SOLUSDT | Price 94.84 | Qty 28
WASH_TRADE,MEDIUM,2026-03-03T19:34:35.499935,Trader T0148 | SOLUSDT | Price 94.82 | Qty 22
WASH_TRADE,HIGH,2026-03-03T19:34:35.500268,Trader T0148 | SOLUSDT | Price 95.1 | Qty 54
WASH_TRADE,MEDIUM,2026-03-03T19:34:35.500536,Trader T0148 | SOLUSDT | Price 93.89 | Qty 28
WASH_TRADE,MEDIUM,2026-03-03T19:34:35.511833,Trader T0149 | ETHUSDT | Price 2300.71 | Qty 38
WASH_TRADE,HIGH,2026-03-03T19:34:35.515185,Trader T0149 | ETHUSDT | Price 2301.29 | Qty 56
WASH_TRADE,MEDIUM,2026-03-03T19:34:35.517563,Trader T0149 | SOLUSDT | Price 94.13 | Qty 38
WASH_TRADE,MEDIUM,2026-03-03T19:34:35.518672,Trader T0149 | SOLUSDT | Price 94.42 | Qty 32
WASH_TRADE,MEDIUM,2026-03-03T19:34:35.519600,Trader T0149 | SOLUSDT | Price 94.76 | Qty 42
WASH_TRADE,MEDIUM,2026-03-03T19:34:35.526075,Trader T0150 | BTCUSDT | Price 42002.1 | Qty 44
WASH_TRADE,MEDIUM,2026-03-03T19:34:35.526909,Trader T0150 | BTCUSDT | Price 41998.12 | Qty 44
WASH_TRADE,HIGH,2026-03-03T19:34:35.537201,Trader T0150 | ETHUSDT | Price 2299.12 | Qty 60
WASH_TRADE,HIGH,2026-03-03T19:34:35.537788,Trader T0150 | SOLUSDT | Price 94.86 | Qty 56
WASH_TRADE,MEDIUM,2026-03-03T19:34:35.539802,Trader T0150 | SOLUSDT | Price 96.15 | Qty 50
WASH_TRADE,MEDIUM,2026-03-03T19:34:35.545403,Trader T0151 | BTCUSDT | Price 42001.51 | Qty 50
WASH_TRADE,MEDIUM,2026-03-03T19:34:35.556379,Trader T0151 | ETHUSDT | Price 2298.6 | Qty 38
WASH_TRADE,MEDIUM,2026-03-03T19:34:35.564667,Trader T0152 | BTCUSDT | Price 42000.3 | Qty 42
WASH_TRADE,MEDIUM,2026-03-03T19:34:35.565415,Trader T0152 | BTCUSDT | Price 42000.24 | Qty 24
WASH_TRADE,HIGH,2026-03-03T19:34:35.570718,Trader T0152 | BTCUSDT | Price 42002.18 | Qty 56
WASH_TRADE,MEDIUM,2026-03-03T19:34:35.571260,Trader T0152 | BTCUSDT | Price 42001.84 | Qty 24
WASH_TRADE,MEDIUM,2026-03-03T19:34:35.572298,Trader T0152 | ETHUSDT | Price 2300.67 | Qty 42
WASH_TRADE,HIGH,2026-03-03T19:34:35.575479,Trader T0152 | ETHUSDT | Price 2298.77 | Qty 54
WASH_TRADE,MEDIUM,2026-03-03T19:34:35.578750,Trader T0152 | ETHUSDT | Price 2301.53 | Qty 30
WASH_TRADE,MEDIUM,2026-03-03T19:34:35.579091,Trader T0152 | SOLUSDT | Price 97.12 | Qty 26
WASH_TRADE,MEDIUM,2026-03-03T19:34:35.579393,Trader T0152 | SOLUSDT | Price 92.1 | Qty 42
WASH_TRADE,MEDIUM,2026-03-03T19:34:35.583826,Trader T0152 | SOLUSDT | Price 93.81 | Qty 26
WASH_TRADE,MEDIUM,2026-03-03T19:34:35.588053,Trader T0153 | BTCUSDT | Price 42001.78 | Qty 20
WASH_TRADE,HIGH,2026-03-03T19:34:35.590315,Trader T0153 | BTCUSDT | Price 42001.74 | Qty 52
WASH_TRADE,MEDIUM,2026-03-03T19:34:35.592440,Trader T0153 | BTCUSDT | Price 42000.33 | Qty 20
WASH_TRADE,MEDIUM,2026-03-03T19:34:35.594391,Trader T0153 | ETHUSDT | Price 2297.46 | Qty 28
WASH_TRADE,MEDIUM,2026-03-03T19:34:35.598217,Trader T0153 | ETHUSDT | Price 2300.1 | Qty 34
WASH_TRADE,HIGH,2026-03-03T19:34:35.599095,Trader T0153 | ETHUSDT | Price 2297.31 | Qty 60
WASH_TRADE,MEDIUM,2026-03-03T19:34:35.599848,Trader T0153 | ETHUSDT | Price 2300.81 | Qty 22
WASH_TRADE,MEDIUM,2026-03-03T19:34:35.600257,Trader T0153 | ETHUSDT | Price 2297.99 | Qty 22
WASH_TRADE,MEDIUM,2026-03-03T19:34:35.605664,Trader T0153 | SOLUSDT | Price 94.96 | Qty 50
WASH_TRADE,MEDIUM,2026-03-03T19:34:35.611157,Trader T0154 | BTCUSDT | Price 41999.6 | Qty 38
WASH_TRADE,MEDIUM,2026-03-03T19:34:35.612398,Trader T0154 | BTCUSDT | Price 41999.23 | Qty 26
WASH_TRADE,MEDIUM,2026-03-03T19:34:35.612500,Trader T0154 | BTCUSDT | Price 42000.16 | Qty 22
WASH_TRADE,MEDIUM,2026-03-03T19:34:35.613160,Trader T0154 | BTCUSDT | Price 42001.12 | Qty 30
WASH_TRADE,HIGH,2026-03-03T19:34:35.613795,Trader T0154 | BTCUSDT | Price 41998.49 | Qty 56
WASH_TRADE,MEDIUM,2026-03-03T19:34:35.622848,Trader T0154 | SOLUSDT | Price 98.3 | Qty 44
WASH_TRADE,MEDIUM,2026-03-03T19:34:35.624474,Trader T0154 | SOLUSDT | Price 91.66 | Qty 42
WASH_TRADE,MEDIUM,2026-03-03T19:34:35.625348,Trader T0154 | SOLUSDT | Price 92.52 | Qty 40
WASH_TRADE,MEDIUM,2026-03-03T19:34:35.627997,Trader T0154 | SOLUSDT | Price 93.9 | Qty 34
WASH_TRADE,MEDIUM,2026-03-03T19:34:35.628155,Trader T0154 | SOLUSDT | Price 93.68 | Qty 42
WASH_TRADE,MEDIUM,2026-03-03T19:34:35.633088,Trader T0155 | BTCUSDT | Price 41995.87 | Qty 42
WASH_TRADE,MEDIUM,2026-03-03T19:34:35.636805,Trader T0155 | ETHUSDT | Price 2301.37 | Qty 42
WASH_TRADE,HIGH,2026-03-03T19:34:35.637097,Trader T0155 | ETHUSDT | Price 2298.19 | Qty 54
WASH_TRADE,HIGH,2026-03-03T19:34:35.641047,Trader T0155 | ETHUSDT | Price 2296.27 | Qty 60
WASH_TRADE,HIGH,2026-03-03T19:34:35.651675,Trader T0156 | BTCUSDT | Price 41999.89 | Qty 58
WASH_TRADE,MEDIUM,2026-03-03T19:34:35.652219,Trader T0156 | BTCUSDT | Price 42003.97 | Qty 20
WASH_TRADE,HIGH,2026-03-03T19:34:35.655585,Trader T0156 | BTCUSDT | Price 42002.47 | Qty 60
WASH_TRADE,MEDIUM,2026-03-03T19:34:35.657177,Trader T0156 | ETHUSDT | Price 2300.26 | Qty 48
WASH_TRADE,HIGH,2026-03-03T19:34:35.657358,Trader T0156 | ETHUSDT | Price 2300.92 | Qty 52
WASH_TRADE,MEDIUM,2026-03-03T19:34:35.658109,Trader T0156 | ETHUSDT | Price 2300.02 | Qty 48
WASH_TRADE,HIGH,2026-03-03T19:34:35.658917,Trader T0156 | ETHUSDT | Price 2298.54 | Qty 54
WASH_TRADE,HIGH,2026-03-03T19:34:35.659075,Trader T0156 | ETHUSDT | Price 2299.01 | Qty 54
WASH_TRADE,MEDIUM,2026-03-03T19:34:35.661943,Trader T0156 | ETHUSDT | Price 2300.71 | Qty 30
WASH_TRADE,HIGH,2026-03-03T19:34:35.665383,Trader T0156 | SOLUSDT | Price 96.88 | Qty 54
WASH_TRADE,HIGH,2026-03-03T19:34:35.665439,Trader T0156 | SOLUSDT | Price 95.05 | Qty 58
WASH_TRADE,MEDIUM,2026-03-03T19:34:35.666856,Trader T0156 | SOLUSDT | Price 96.61 | Qty 46
WASH_TRADE,MEDIUM,2026-03-03T19:34:35.667327,Trader T0156 | SOLUSDT | Price 97.46 | Qty 42
WASH_TRADE,MEDIUM,2026-03-03T19:34:35.667676,Trader T0156 | SOLUSDT | Price 95.66 | Qty 38
WASH_TRADE,HIGH,2026-03-03T19:34:35.674313,Trader T0157 | BTCUSDT | Price 41998.96 | Qty 56
WASH_TRADE,MEDIUM,2026-03-03T19:34:35.674565,Trader T0157 | BTCUSDT | Price 42002.65 | Qty 22
WASH_TRADE,MEDIUM,2026-03-03T19:34:35.674613,Trader T0157 | BTCUSDT | Price 41998.59 | Qty 44
WASH_TRADE,MEDIUM,2026-03-03T19:34:35.676484,Trader T0157 | BTCUSDT | Price 42000.29 | Qty 40
WASH_TRADE,MEDIUM,2026-03-03T19:34:35.677608,Trader T0157 | ETHUSDT | Price 2299.83 | Qty 48
WASH_TRADE,MEDIUM,2026-03-03T19:34:35.677707,Trader T0157 | ETHUSDT | Price 2301.71 | Qty 46
WASH_TRADE,MEDIUM,2026-03-03T19:34:35.679333,Trader T0157 | ETHUSDT | Price 2302.09 | Qty 24
WASH_TRADE,HIGH,2026-03-03T19:34:35.680380,Trader T0157 | ETHUSDT | Price 2298.94 | Qty 54
WASH_TRADE,HIGH,2026-03-03T19:34:35.681796,Trader T0157 | ETHUSDT | Price 2302.36 | Qty 52
WASH_TRADE,MEDIUM,2026-03-03T19:34:35.683641,Trader T0157 | ETHUSDT | Price 2300.25 | Qty 38
WASH_TRADE,MEDIUM,2026-03-03T19:34:35.685699,Trader T0157 | SOLUSDT | Price 90.68 | Qty 22
WASH_TRADE,MEDIUM,2026-03-03T19:34:35.687680,Trader T0157 | SOLUSDT | Price 96.06 | Qty 28
WASH_TRADE,HIGH,2026-03-03T19:34:35.693892,Trader T0158 | BTCUSDT | Price 42001.67 | Qty 58
WASH_TRADE,MEDIUM,2026-03-03T19:34:35.699969,Trader T0158 | ETHUSDT | Price 2299.31 | Qty 22
WASH_TRADE,HIGH,2026-03-03T19:34:35.700782,Trader T0158 | ETHUSDT | Price 2302.83 | Qty 56
WASH_TRADE,HIGH,2026-03-03T19:34:35.700932,Trader T0158 | ETHUSDT | Price 2299.23 | Qty 60
WASH_TRADE,MEDIUM,2026-03-03T19:34:35.712159,Trader T0159 | BTCUSDT | Price 42000.89 | Qty 46
WASH_TRADE,HIGH,2026-03-03T19:34:35.714522,Trader T0159 | BTCUSDT | Price 41999.66 | Qty 56
WASH_TRADE,MEDIUM,2026-03-03T19:34:35.716725,Trader T0159 | ETHUSDT | Price 2298.87 | Qty 34
WASH_TRADE,HIGH,2026-03-03T19:34:35.720278,Trader T0159 | ETHUSDT | Price 2302.19 | Qty 56
WASH_TRADE,MEDIUM,2026-03-03T19:34:35.721751,Trader T0159 | ETHUSDT | Price 2300.13 | Qty 44
WASH_TRADE,MEDIUM,2026-03-03T19:34:35.723157,Trader T0159 | ETHUSDT | Price 2300.34 | Qty 24
WASH_TRADE,HIGH,2026-03-03T19:34:35.726653,Trader T0159 | SOLUSDT | Price 93.71 | Qty 58
WASH_TRADE,HIGH,2026-03-03T19:34:35.727609,Trader T0159 | SOLUSDT | Price 97.1 | Qty 58
WASH_TRADE,MEDIUM,2026-03-03T19:34:35.728576,Trader T0159 | SOLUSDT | Price 96.11 | Qty 20
WASH_TRADE,HIGH,2026-03-03T19:34:35.730115,Trader T0159 | SOLUSDT | Price 93.87 | Qty 52
WASH_TRADE,MEDIUM,2026-03-03T19:34:35.732789,Trader T0160 | BTCUSDT | Price 42001.48 | Qty 24
WASH_TRADE,MEDIUM,2026-03-03T19:34:35.751600,Trader T0161 | BTCUSDT | Price 42000.47 | Qty 30
WASH_TRADE,MEDIUM,2026-03-03T19:34:35.752163,Trader T0161 | BTCUSDT | Price 42002.21 | Qty 30
WASH_TRADE,MEDIUM,2026-03-03T19:34:35.757458,Trader T0161 | ETHUSDT | Price 2298.96 | Qty 30
WASH_TRADE,MEDIUM,2026-03-03T19:34:35.761983,Trader T0161 | ETHUSDT | Price 2299.22 | Qty 40
WASH_TRADE,MEDIUM,2026-03-03T19:34:35.765311,Trader T0161 | SOLUSDT | Price 98.88 | Qty 26
WASH_TRADE,HIGH,2026-03-03T19:34:35.767236,Trader T0161 | SOLUSDT | Price 96.09 | Qty 60
WASH_TRADE,MEDIUM,2026-03-03T19:34:35.770912,Trader T0162 | BTCUSDT | Price 41997.74 | Qty 34
WASH_TRADE,MEDIUM,2026-03-03T19:34:35.772213,Trader T0162 | BTCUSDT | Price 41997.42 | Qty 32
WASH_TRADE,MEDIUM,2026-03-03T19:34:35.776977,Trader T0162 | BTCUSDT | Price 42000.63 | Qty 36
WASH_TRADE,MEDIUM,2026-03-03T19:34:35.795642,Trader T0162 | ETHUSDT | Price 2299.49 | Qty 26
WASH_TRADE,MEDIUM,2026-03-03T19:34:35.802259,Trader T0162 | SOLUSDT | Price 92.63 | Qty 26
WASH_TRADE,HIGH,2026-03-03T19:34:35.802461,Trader T0162 | SOLUSDT | Price 95.58 | Qty 54
WASH_TRADE,MEDIUM,2026-03-03T19:34:35.807760,Trader T0163 | BTCUSDT | Price 41997.44 | Qty 38
WASH_TRADE,MEDIUM,2026-03-03T19:34:35.815711,Trader T0163 | ETHUSDT | Price 2300.37 | Qty 50
WASH_TRADE,MEDIUM,2026-03-03T19:34:35.817357,Trader T0163 | ETHUSDT | Price 2299.99 | Qty 30
WASH_TRADE,MEDIUM,2026-03-03T19:34:35.819045,Trader T0163 | ETHUSDT | Price 2305.05 | Qty 40
WASH_TRADE,MEDIUM,2026-03-03T19:34:35.820078,Trader T0163 | ETHUSDT | Price 2299.79 | Qty 50
WASH_TRADE,HIGH,2026-03-03T19:34:35.826532,Trader T0163 | SOLUSDT | Price 94.85 | Qty 58
WASH_TRADE,MEDIUM,2026-03-03T19:34:35.828655,Trader T0164 | BTCUSDT | Price 41999.18 | Qty 48
WASH_TRADE,MEDIUM,2026-03-03T19:34:35.830829,Trader T0164 | BTCUSDT | Price 42000.88 | Qty 32
WASH_TRADE,HIGH,2026-03-03T19:34:35.832146,Trader T0164 | BTCUSDT | Price 41998.97 | Qty 56
WASH_TRADE,MEDIUM,2026-03-03T19:34:35.834228,Trader T0164 | ETHUSDT | Price 2300.94 | Qty 44
WASH_TRADE,MEDIUM,2026-03-03T19:34:35.836597,Trader T0164 | ETHUSDT | Price 2302.41 | Qty 20
WASH_TRADE,MEDIUM,2026-03-03T19:34:35.838105,Trader T0164 | ETHUSDT | Price 2302.78 | Qty 42
WASH_TRADE,HIGH,2026-03-03T19:34:35.840150,Trader T0164 | SOLUSDT | Price 93.4 | Qty 60
WASH_TRADE,MEDIUM,2026-03-03T19:34:35.840451,Trader T0164 | SOLUSDT | Price 94.96 | Qty 34
WASH_TRADE,MEDIUM,2026-03-03T19:34:35.842903,Trader T0164 | SOLUSDT | Price 93.61 | Qty 36
WASH_TRADE,MEDIUM,2026-03-03T19:34:35.849401,Trader T0165 | BTCUSDT | Price 42001.78 | Qty 24
WASH_TRADE,HIGH,2026-03-03T19:34:35.850171,Trader T0165 | BTCUSDT | Price 41996.99 | Qty 60
WASH_TRADE,MEDIUM,2026-03-03T19:34:35.854633,Trader T0165 | ETHUSDT | Price 2301.53 | Qty 30
WASH_TRADE,MEDIUM,2026-03-03T19:34:35.857200,Trader T0165 | ETHUSDT | Price 2298.59 | Qty 34
WASH_TRADE,MEDIUM,2026-03-03T19:34:35.858018,Trader T0165 | SOLUSDT | Price 90.67 | Qty 46
WASH_TRADE,MEDIUM,2026-03-03T19:34:35.858933,Trader T0165 | SOLUSDT | Price 94.55 | Qty 44
WASH_TRADE,MEDIUM,2026-03-03T19:34:35.862963,Trader T0166 | BTCUSDT | Price 42000.54 | Qty 30
WASH_TRADE,MEDIUM,2026-03-03T19:34:35.864868,Trader T0166 | BTCUSDT | Price 41998.34 | Qty 50
WASH_TRADE,MEDIUM,2026-03-03T19:34:35.867682,Trader T0166 | BTCUSDT | Price 41999.57 | Qty 24
WASH_TRADE,MEDIUM,2026-03-03T19:34:35.869297,Trader T0166 | ETHUSDT | Price 2301.12 | Qty 22
WASH_TRADE,MEDIUM,2026-03-03T19:34:35.875400,Trader T0166 | ETHUSDT | Price 2301.38 | Qty 36
WASH_TRADE,MEDIUM,2026-03-03T19:34:35.882993,Trader T0167 | BTCUSDT | Price 41997.21 | Qty 24
WASH_TRADE,MEDIUM,2026-03-03T19:34:35.886118,Trader T0167 | BTCUSDT | Price 42001.86 | Qty 48
WASH_TRADE,MEDIUM,2026-03-03T19:34:35.887978,Trader T0167 | ETHUSDT | Price 2299.12 | Qty 36
WASH_TRADE,MEDIUM,2026-03-03T19:34:35.888788,Trader T0167 | ETHUSDT | Price 2294.76 | Qty 40
WASH_TRADE,MEDIUM,2026-03-03T19:34:35.891587,Trader T0167 | ETHUSDT | Price 2300.04 | Qty 26
WASH_TRADE,MEDIUM,2026-03-03T19:34:35.893673,Trader T0167 | SOLUSDT | Price 94.67 | Qty 28
WASH_TRADE,HIGH,2026-03-03T19:34:35.895639,Trader T0167 | SOLUSDT | Price 92.92 | Qty 58
WASH_TRADE,MEDIUM,2026-03-03T19:34:35.897298,Trader T0167 | SOLUSDT | Price 93.54 | Qty 50
WASH_TRADE,MEDIUM,2026-03-03T19:34:35.897924,Trader T0167 | SOLUSDT | Price 97.83 | Qty 50
WASH_TRADE,HIGH,2026-03-03T19:34:35.898455,Trader T0167 | SOLUSDT | Price 93.31 | Qty 52
WASH_TRADE,MEDIUM,2026-03-03T19:34:35.904807,Trader T0168 | BTCUSDT | Price 41997.98 | Qty 30
WASH_TRADE,MEDIUM,2026-03-03T19:34:35.905832,Trader T0168 | ETHUSDT | Price 2300.03 | Qty 44
WASH_TRADE,MEDIUM,2026-03-03T19:34:35.908511,Trader T0168 | ETHUSDT | Price 2300.47 | Qty 26
WASH_TRADE,MEDIUM,2026-03-03T19:34:35.914858,Trader T0168 | SOLUSDT | Price 95.78 | Qty 28
WASH_TRADE,HIGH,2026-03-03T19:34:35.915647,Trader T0168 | SOLUSDT | Price 94.92 | Qty 58
WASH_TRADE,MEDIUM,2026-03-03T19:34:35.917705,Trader T0169 | BTCUSDT | Price 42000.49 | Qty 22
WASH_TRADE,MEDIUM,2026-03-03T19:34:35.921024,Trader T0169 | BTCUSDT | Price 41999.74 | Qty 44
WASH_TRADE,MEDIUM,2026-03-03T19:34:35.921697,Trader T0169 | BTCUSDT | Price 42002.96 | Qty 40
WASH_TRADE,MEDIUM,2026-03-03T19:34:35.921749,Trader T0169 | BTCUSDT | Price 42002.02 | Qty 28
WASH_TRADE,MEDIUM,2026-03-03T19:34:35.924429,Trader T0169 | ETHUSDT | Price 2298.24 | Qty 40
WASH_TRADE,MEDIUM,2026-03-03T19:34:35.927585,Trader T0169 | ETHUSDT | Price 2305.54 | Qty 22
WASH_TRADE,MEDIUM,2026-03-03T19:34:35.927909,Trader T0169 | ETHUSDT | Price 2297.72 | Qty 48
WASH_TRADE,MEDIUM,2026-03-03T19:34:35.932932,Trader T0169 | SOLUSDT | Price 96.65 | Qty 26
WASH_TRADE,HIGH,2026-03-03T19:34:35.935054,Trader T0169 | SOLUSDT | Price 91.09 | Qty 56
WASH_TRADE,MEDIUM,2026-03-03T19:34:35.939453,Trader T0170 | BTCUSDT | Price 42000.77 | Qty 28
WASH_TRADE,MEDIUM,2026-03-03T19:34:35.951796,Trader T0170 | SOLUSDT | Price 89.74 | Qty 42
WASH_TRADE,MEDIUM,2026-03-03T19:34:35.952280,Trader T0170 | SOLUSDT | Price 98.72 | Qty 26
WASH_TRADE,MEDIUM,2026-03-03T19:34:35.953361,Trader T0171 | BTCUSDT | Price 41999.54 | Qty 30
WASH_TRADE,MEDIUM,2026-03-03T19:34:35.955030,Trader T0171 | BTCUSDT | Price 41999.17 | Qty 46
WASH_TRADE,MEDIUM,2026-03-03T19:34:35.955076,Trader T0171 | BTCUSDT | Price 42003.91 | Qty 22
WASH_TRADE,MEDIUM,2026-03-03T19:34:35.957477,Trader T0171 | BTCUSDT | Price 41995.94 | Qty 48
WASH_TRADE,MEDIUM,2026-03-03T19:34:35.959348,Trader T0171 | BTCUSDT | Price 41997.26 | Qty 40
WASH_TRADE,MEDIUM,2026-03-03T19:34:35.960143,Trader T0171 | ETHUSDT | Price 2300.24 | Qty 26
WASH_TRADE,MEDIUM,2026-03-03T19:34:35.962119,Trader T0171 | ETHUSDT | Price 2299.45 | Qty 26
WASH_TRADE,MEDIUM,2026-03-03T19:34:35.964183,Trader T0171 | ETHUSDT | Price 2299.38 | Qty 40
WASH_TRADE,MEDIUM,2026-03-03T19:34:35.965697,Trader T0171 | SOLUSDT | Price 93.52 | Qty 50
WASH_TRADE,MEDIUM,2026-03-03T19:34:35.970312,Trader T0171 | SOLUSDT | Price 95.36 | Qty 34
WASH_TRADE,MEDIUM,2026-03-03T19:34:35.971691,Trader T0171 | SOLUSDT | Price 93.42 | Qty 20
WASH_TRADE,HIGH,2026-03-03T19:34:35.974946,Trader T0172 | BTCUSDT | Price 41999.72 | Qty 58
WASH_TRADE,MEDIUM,2026-03-03T19:34:35.978180,Trader T0172 | BTCUSDT | Price 42001.3 | Qty 40
WASH_TRADE,HIGH,2026-03-03T19:34:35.984410,Trader T0172 | ETHUSDT | Price 2300.65 | Qty 54
WASH_TRADE,MEDIUM,2026-03-03T19:34:35.984548,Trader T0172 | ETHUSDT | Price 2299.08 | Qty 34
WASH_TRADE,HIGH,2026-03-03T19:34:35.984933,Trader T0172 | ETHUSDT | Price 2300.36 | Qty 52
WASH_TRADE,MEDIUM,2026-03-03T19:34:35.986592,Trader T0172 | SOLUSDT | Price 93.64 | Qty 48
WASH_TRADE,MEDIUM,2026-03-03T19:34:35.987776,Trader T0172 | SOLUSDT | Price 97.75 | Qty 44
WASH_TRADE,MEDIUM,2026-03-03T19:34:35.988711,Trader T0172 | SOLUSDT | Price 94.64 | Qty 50
WASH_TRADE,MEDIUM,2026-03-03T19:34:35.989490,Trader T0172 | SOLUSDT | Price 97.95 | Qty 46
WASH_TRADE,MEDIUM,2026-03-03T19:34:35.991027,Trader T0172 | SOLUSDT | Price 97.68 | Qty 42
WASH_TRADE,MEDIUM,2026-03-03T19:34:35.993349,Trader T0173 | BTCUSDT | Price 41999.52 | Qty 26
WASH_TRADE,MEDIUM,2026-03-03T19:34:35.994236,Trader T0173 | BTCUSDT | Price 42000.25 | Qty 46
WASH_TRADE,MEDIUM,2026-03-03T19:34:36.002293,Trader T0173 | ETHUSDT | Price 2301.06 | Qty 30
WASH_TRADE,MEDIUM,2026-03-03T19:34:36.003996,Trader T0173 | ETHUSDT | Price 2298.39 | Qty 32
WASH_TRADE,MEDIUM,2026-03-03T19:34:36.005587,Trader T0173 | SOLUSDT | Price 98.51 | Qty 48
WASH_TRADE,MEDIUM,2026-03-03T19:34:36.006255,Trader T0173 | SOLUSDT | Price 93.14 | Qty 48
WASH_TRADE,MEDIUM,2026-03-03T19:34:36.006300,Trader T0173 | SOLUSDT | Price 96.99 | Qty 46
WASH_TRADE,MEDIUM,2026-03-03T19:34:36.008621,Trader T0173 | SOLUSDT | Price 93.3 | Qty 50
WASH_TRADE,MEDIUM,2026-03-03T19:34:36.010976,Trader T0174 | BTCUSDT | Price 42002.61 | Qty 40
WASH_TRADE,MEDIUM,2026-03-03T19:34:36.012982,Trader T0174 | BTCUSDT | Price 42000.16 | Qty 42
WASH_TRADE,MEDIUM,2026-03-03T19:34:36.016089,Trader T0174 | ETHUSDT | Price 2298.59 | Qty 44
WASH_TRADE,HIGH,2026-03-03T19:34:36.017917,Trader T0174 | ETHUSDT | Price 2300.34 | Qty 60
WASH_TRADE,MEDIUM,2026-03-03T19:34:36.022456,Trader T0174 | SOLUSDT | Price 94.74 | Qty 32
WASH_TRADE,MEDIUM,2026-03-03T19:34:36.023191,Trader T0174 | SOLUSDT | Price 89.01 | Qty 36
WASH_TRADE,MEDIUM,2026-03-03T19:34:36.024207,Trader T0174 | SOLUSDT | Price 94.21 | Qty 38
WASH_TRADE,MEDIUM,2026-03-03T19:34:36.025342,Trader T0174 | SOLUSDT | Price 94.98 | Qty 28
WASH_TRADE,HIGH,2026-03-03T19:34:36.025751,Trader T0174 | SOLUSDT | Price 95.25 | Qty 58
WASH_TRADE,MEDIUM,2026-03-03T19:34:36.026505,Trader T0174 | SOLUSDT | Price 92.85 | Qty 32
WASH_TRADE,HIGH,2026-03-03T19:34:36.029876,Trader T0175 | BTCUSDT | Price 41998.19 | Qty 58
WASH_TRADE,MEDIUM,2026-03-03T19:34:36.029945,Trader T0175 | BTCUSDT | Price 41999.81 | Qty 32
WASH_TRADE,HIGH,2026-03-03T19:34:36.032178,Trader T0175 | BTCUSDT | Price 42000.88 | Qty 58
WASH_TRADE,MEDIUM,2026-03-03T19:34:36.032301,Trader T0175 | BTCUSDT | Price 41998.46 | Qty 32
WASH_TRADE,HIGH,2026-03-03T19:34:36.032789,Trader T0175 | BTCUSDT | Price 42001.22 | Qty 58
WASH_TRADE,MEDIUM,2026-03-03T19:34:36.033915,Trader T0175 | ETHUSDT | Price 2297.88 | Qty 38
WASH_TRADE,MEDIUM,2026-03-03T19:34:36.035408,Trader T0175 | ETHUSDT | Price 2301.64 | Qty 42
WASH_TRADE,MEDIUM,2026-03-03T19:34:36.039204,Trader T0175 | ETHUSDT | Price 2298.41 | Qty 38
WASH_TRADE,MEDIUM,2026-03-03T19:34:36.044634,Trader T0175 | SOLUSDT | Price 94.58 | Qty 36
WASH_TRADE,HIGH,2026-03-03T19:34:36.046901,Trader T0176 | BTCUSDT | Price 42002.78 | Qty 60
WASH_TRADE,HIGH,2026-03-03T19:34:36.053630,Trader T0176 | BTCUSDT | Price 42000.81 | Qty 52
WASH_TRADE,MEDIUM,2026-03-03T19:34:36.061202,Trader T0176 | SOLUSDT | Price 94.35 | Qty 46
WASH_TRADE,MEDIUM,2026-03-03T19:34:36.061481,Trader T0176 | SOLUSDT | Price 98.07 | Qty 32
WASH_TRADE,MEDIUM,2026-03-03T19:34:36.063833,Trader T0176 | SOLUSDT | Price 94.74 | Qty 24
WASH_TRADE,HIGH,2026-03-03T19:34:36.066357,Trader T0177 | BTCUSDT | Price 42003.65 | Qty 52
WASH_TRADE,MEDIUM,2026-03-03T19:34:36.066714,Trader T0177 | BTCUSDT | Price 41999.77 | Qty 24
WASH_TRADE,MEDIUM,2026-03-03T19:34:36.069280,Trader T0177 | BTCUSDT | Price 42001.07 | Qty 42
WASH_TRADE,MEDIUM,2026-03-03T19:34:36.073565,Trader T0177 | ETHUSDT | Price 2297.25 | Qty 38
WASH_TRADE,MEDIUM,2026-03-03T19:34:36.076007,Trader T0177 | ETHUSDT | Price 2297.19 | Qty 30
WASH_TRADE,MEDIUM,2026-03-03T19:34:36.077898,Trader T0177 | ETHUSDT | Price 2299.71 | Qty 38
WASH_TRADE,MEDIUM,2026-03-03T19:34:36.078050,Trader T0177 | ETHUSDT | Price 2298.14 | Qty 34
WASH_TRADE,MEDIUM,2026-03-03T19:34:36.078596,Trader T0177 | SOLUSDT | Price 94.67 | Qty 24
WASH_TRADE,MEDIUM,2026-03-03T19:34:36.081494,Trader T0177 | SOLUSDT | Price 93.47 | Qty 36
WASH_TRADE,MEDIUM,2026-03-03T19:34:36.085597,Trader T0178 | BTCUSDT | Price 41998.21 | Qty 48
WASH_TRADE,MEDIUM,2026-03-03T19:34:36.086582,Trader T0178 | BTCUSDT | Price 42002.62 | Qty 42
WASH_TRADE,MEDIUM,2026-03-03T19:34:36.094037,Trader T0178 | ETHUSDT | Price 2300.87 | Qty 24
WASH_TRADE,MEDIUM,2026-03-03T19:34:36.094782,Trader T0178 | ETHUSDT | Price 2296.75 | Qty 28
WASH_TRADE,HIGH,2026-03-03T19:34:36.097634,Trader T0178 | ETHUSDT | Price 2300.08 | Qty 52
WASH_TRADE,MEDIUM,2026-03-03T19:34:36.101405,Trader T0178 | SOLUSDT | Price 96.5 | Qty 42
WASH_TRADE,HIGH,2026-03-03T19:34:36.101582,Trader T0178 | SOLUSDT | Price 91.25 | Qty 54
WASH_TRADE,MEDIUM,2026-03-03T19:34:36.109938,Trader T0179 | BTCUSDT | Price 41998.4 | Qty 46
WASH_TRADE,MEDIUM,2026-03-03T19:34:36.111526,Trader T0179 | ETHUSDT | Price 2301.0 | Qty 32
WASH_TRADE,HIGH,2026-03-03T19:34:36.112285,Trader T0179 | ETHUSDT | Price 2302.35 | Qty 52
WASH_TRADE,MEDIUM,2026-03-03T19:34:36.116425,Trader T0179 | ETHUSDT | Price 2302.23 | Qty 42
WASH_TRADE,HIGH,2026-03-03T19:34:36.116579,Trader T0179 | ETHUSDT | Price 2297.68 | Qty 54
WASH_TRADE,MEDIUM,2026-03-03T19:34:36.122663,Trader T0179 | SOLUSDT | Price 95.0 | Qty 48
WASH_TRADE,MEDIUM,2026-03-03T19:34:36.125017,Trader T0180 | BTCUSDT | Price 42000.71 | Qty 24
WASH_TRADE,MEDIUM,2026-03-03T19:34:36.125091,Trader T0180 | BTCUSDT | Price 42000.0 | Qty 38
WASH_TRADE,MEDIUM,2026-03-03T19:34:36.128571,Trader T0180 | BTCUSDT | Price 42002.94 | Qty 26
WASH_TRADE,MEDIUM,2026-03-03T19:34:36.129748,Trader T0180 | BTCUSDT | Price 41999.71 | Qty 22
WASH_TRADE,MEDIUM,2026-03-03T19:34:36.131823,Trader T0180 | ETHUSDT | Price 2300.42 | Qty 40
WASH_TRADE,MEDIUM,2026-03-03T19:34:36.137193,Trader T0180 | ETHUSDT | Price 2302.89 | Qty 40
WASH_TRADE,MEDIUM,2026-03-03T19:34:36.137528,Trader T0180 | ETHUSDT | Price 2300.74 | Qty 36
WASH_TRADE,MEDIUM,2026-03-03T19:34:36.145027,Trader T0180 | SOLUSDT | Price 92.68 | Qty 48
WASH_TRADE,HIGH,2026-03-03T19:34:36.145441,Trader T0180 | SOLUSDT | Price 96.93 | Qty 56
WASH_TRADE,MEDIUM,2026-03-03T19:34:36.145599,Trader T0180 | SOLUSDT | Price 94.43 | Qty 48
WASH_TRADE,HIGH,2026-03-03T19:34:36.147772,Trader T0181 | BTCUSDT | Price 42001.6 | Qty 56
WASH_TRADE,HIGH,2026-03-03T19:34:36.147880,Trader T0181 | BTCUSDT | Price 42004.7 | Qty 56
WASH_TRADE,MEDIUM,2026-03-03T19:34:36.148507,Trader T0181 | BTCUSDT | Price 42001.34 | Qty 40
WASH_TRADE,MEDIUM,2026-03-03T19:34:36.151164,Trader T0181 | BTCUSDT | Price 41999.19 | Qty 26
WASH_TRADE,MEDIUM,2026-03-03T19:34:36.156093,Trader T0181 | ETHUSDT | Price 2299.56 | Qty 30
WASH_TRADE,MEDIUM,2026-03-03T19:34:36.158608,Trader T0181 | ETHUSDT | Price 2299.82 | Qty 30
WASH_TRADE,MEDIUM,2026-03-03T19:34:36.159295,Trader T0181 | ETHUSDT | Price 2301.99 | Qty 48
WASH_TRADE,MEDIUM,2026-03-03T19:34:36.160352,Trader T0181 | SOLUSDT | Price 93.11 | Qty 20
WASH_TRADE,HIGH,2026-03-03T19:34:36.161100,Trader T0181 | SOLUSDT | Price 98.11 | Qty 52
WASH_TRADE,MEDIUM,2026-03-03T19:34:36.162230,Trader T0181 | SOLUSDT | Price 94.39 | Qty 50
WASH_TRADE,MEDIUM,2026-03-03T19:34:36.165478,Trader T0181 | SOLUSDT | Price 97.51 | Qty 42
WASH_TRADE,MEDIUM,2026-03-03T19:34:36.169455,Trader T0182 | BTCUSDT | Price 41997.58 | Qty 50
WASH_TRADE,MEDIUM,2026-03-03T19:34:36.169836,Trader T0182 | BTCUSDT | Price 42000.81 | Qty 30
WASH_TRADE,HIGH,2026-03-03T19:34:36.171902,Trader T0182 | BTCUSDT | Price 42000.33 | Qty 58
WASH_TRADE,MEDIUM,2026-03-03T19:34:36.179310,Trader T0182 | ETHUSDT | Price 2300.98 | Qty 44
WASH_TRADE,MEDIUM,2026-03-03T19:34:36.191145,Trader T0183 | BTCUSDT | Price 42000.43 | Qty 20
WASH_TRADE,MEDIUM,2026-03-03T19:34:36.192012,Trader T0183 | BTCUSDT | Price 42005.15 | Qty 32
WASH_TRADE,MEDIUM,2026-03-03T19:34:36.192669,Trader T0183 | BTCUSDT | Price 41997.25 | Qty 28
WASH_TRADE,HIGH,2026-03-03T19:34:36.198792,Trader T0183 | ETHUSDT | Price 2301.72 | Qty 58
WASH_TRADE,MEDIUM,2026-03-03T19:34:36.199733,Trader T0183 | ETHUSDT | Price 2298.49 | Qty 32
WASH_TRADE,MEDIUM,2026-03-03T19:34:36.200991,Trader T0183 | SOLUSDT | Price 92.81 | Qty 42
WASH_TRADE,MEDIUM,2026-03-03T19:34:36.204016,Trader T0183 | SOLUSDT | Price 96.33 | Qty 28
WASH_TRADE,MEDIUM,2026-03-03T19:34:36.207950,Trader T0184 | BTCUSDT | Price 41997.72 | Qty 24
WASH_TRADE,MEDIUM,2026-03-03T19:34:36.211069,Trader T0184 | BTCUSDT | Price 41998.81 | Qty 32
WASH_TRADE,MEDIUM,2026-03-03T19:34:36.214265,Trader T0184 | ETHUSDT | Price 2298.26 | Qty 50
WASH_TRADE,HIGH,2026-03-03T19:34:36.215284,Trader T0184 | ETHUSDT | Price 2299.59 | Qty 60
WASH_TRADE,HIGH,2026-03-03T19:34:36.217582,Trader T0184 | ETHUSDT | Price 2298.4 | Qty 60
WASH_TRADE,MEDIUM,2026-03-03T19:34:36.218892,Trader T0184 | ETHUSDT | Price 2300.49 | Qty 32
WASH_TRADE,MEDIUM,2026-03-03T19:34:36.219754,Trader T0184 | ETHUSDT | Price 2306.13 | Qty 28
WASH_TRADE,MEDIUM,2026-03-03T19:34:36.226410,Trader T0184 | SOLUSDT | Price 93.82 | Qty 34
WASH_TRADE,HIGH,2026-03-03T19:34:36.226794,Trader T0184 | SOLUSDT | Price 94.56 | Qty 54
WASH_TRADE,MEDIUM,2026-03-03T19:34:36.230837,Trader T0185 | BTCUSDT | Price 41996.55 | Qty 20
WASH_TRADE,HIGH,2026-03-03T19:34:36.232337,Trader T0185 | BTCUSDT | Price 41999.62 | Qty 60
WASH_TRADE,MEDIUM,2026-03-03T19:34:36.233693,Trader T0185 | BTCUSDT | Price 42001.07 | Qty 20
WASH_TRADE,MEDIUM,2026-03-03T19:34:36.236196,Trader T0185 | ETHUSDT | Price 2296.0 | Qty 36
WASH_TRADE,MEDIUM,2026-03-03T19:34:36.237448,Trader T0185 | ETHUSDT | Price 2299.11 | Qty 20
WASH_TRADE,MEDIUM,2026-03-03T19:34:36.238144,Trader T0185 | ETHUSDT | Price 2301.43 | Qty 22
WASH_TRADE,MEDIUM,2026-03-03T19:34:36.244951,Trader T0185 | SOLUSDT | Price 96.31 | Qty 22
WASH_TRADE,MEDIUM,2026-03-03T19:34:36.246791,Trader T0185 | SOLUSDT | Price 92.99 | Qty 46
WASH_TRADE,HIGH,2026-03-03T19:34:36.247577,Trader T0185 | SOLUSDT | Price 95.3 | Qty 54
WASH_TRADE,MEDIUM,2026-03-03T19:34:36.248011,Trader T0185 | SOLUSDT | Price 92.37 | Qty 28
WASH_TRADE,HIGH,2026-03-03T19:34:36.250183,Trader T0186 | BTCUSDT | Price 41999.7 | Qty 52
WASH_TRADE,MEDIUM,2026-03-03T19:34:36.251022,Trader T0186 | BTCUSDT | Price 42000.37 | Qty 44
WASH_TRADE,HIGH,2026-03-03T19:34:36.253910,Trader T0186 | BTCUSDT | Price 41995.59 | Qty 60
WASH_TRADE,MEDIUM,2026-03-03T19:34:36.257022,Trader T0186 | BTCUSDT | Price 41999.88 | Qty 50
WASH_TRADE,MEDIUM,2026-03-03T19:34:36.259348,Trader T0186 | ETHUSDT | Price 2300.98 | Qty 34
WASH_TRADE,MEDIUM,2026-03-03T19:34:36.264080,Trader T0186 | ETHUSDT | Price 2299.38 | Qty 22
WASH_TRADE,MEDIUM,2026-03-03T19:34:36.267088,Trader T0186 | SOLUSDT | Price 95.59 | Qty 46
WASH_TRADE,MEDIUM,2026-03-03T19:34:36.267202,Trader T0186 | SOLUSDT | Price 94.68 | Qty 44
WASH_TRADE,MEDIUM,2026-03-03T19:34:36.269776,Trader T0186 | SOLUSDT | Price 89.97 | Qty 46
WASH_TRADE,MEDIUM,2026-03-03T19:34:36.270121,Trader T0186 | SOLUSDT | Price 97.29 | Qty 34
WASH_TRADE,MEDIUM,2026-03-03T19:34:36.271340,Trader T0186 | SOLUSDT | Price 94.92 | Qty 34
WASH_TRADE,HIGH,2026-03-03T19:34:36.274597,Trader T0187 | BTCUSDT | Price 41998.89 | Qty 52
WASH_TRADE,MEDIUM,2026-03-03T19:34:36.281609,Trader T0187 | ETHUSDT | Price 2301.26 | Qty 20
WASH_TRADE,MEDIUM,2026-03-03T19:34:36.285077,Trader T0187 | ETHUSDT | Price 2300.08 | Qty 32
WASH_TRADE,HIGH,2026-03-03T19:34:36.285165,Trader T0187 | ETHUSDT | Price 2297.44 | Qty 58
WASH_TRADE,MEDIUM,2026-03-03T19:34:36.287291,Trader T0187 | SOLUSDT | Price 95.75 | Qty 22
WASH_TRADE,HIGH,2026-03-03T19:34:36.292254,Trader T0188 | BTCUSDT | Price 42000.5 | Qty 58
WASH_TRADE,MEDIUM,2026-03-03T19:34:36.292830,Trader T0188 | BTCUSDT | Price 41999.24 | Qty 50
WASH_TRADE,MEDIUM,2026-03-03T19:34:36.294399,Trader T0188 | BTCUSDT | Price 41998.37 | Qty 40
WASH_TRADE,HIGH,2026-03-03T19:34:36.295072,Trader T0188 | BTCUSDT | Price 41998.72 | Qty 56
WASH_TRADE,MEDIUM,2026-03-03T19:34:36.296689,Trader T0188 | BTCUSDT | Price 42005.68 | Qty 40
WASH_TRADE,MEDIUM,2026-03-03T19:34:36.297293,Trader T0188 | BTCUSDT | Price 42001.73 | Qty 46
WASH_TRADE,MEDIUM,2026-03-03T19:34:36.300680,Trader T0188 | ETHUSDT | Price 2299.03 | Qty 48
WASH_TRADE,MEDIUM,2026-03-03T19:34:36.301432,Trader T0188 | ETHUSDT | Price 2300.85 | Qty 42
WASH_TRADE,MEDIUM,2026-03-03T19:34:36.301852,Trader T0188 | ETHUSDT | Price 2298.16 | Qty 46
WASH_TRADE,HIGH,2026-03-03T19:34:36.320406,Trader T0188 | ETHUSDT | Price 2301.17 | Qty 58
WASH_TRADE,MEDIUM,2026-03-03T19:34:36.323918,Trader T0188 | SOLUSDT | Price 95.87 | Qty 48
WASH_TRADE,MEDIUM,2026-03-03T19:34:36.324315,Trader T0188 | SOLUSDT | Price 94.24 | Qty 24
WASH_TRADE,MEDIUM,2026-03-03T19:34:36.324824,Trader T0188 | SOLUSDT | Price 93.9 | Qty 50
WASH_TRADE,MEDIUM,2026-03-03T19:34:36.328582,Trader T0188 | SOLUSDT | Price 93.7 | Qty 24
WASH_TRADE,MEDIUM,2026-03-03T19:34:36.330131,Trader T0189 | BTCUSDT | Price 42000.35 | Qty 22
WASH_TRADE,MEDIUM,2026-03-03T19:34:36.331454,Trader T0189 | BTCUSDT | Price 42002.63 | Qty 36
WASH_TRADE,MEDIUM,2026-03-03T19:34:36.331661,Trader T0189 | BTCUSDT | Price 41998.0 | Qty 40
WASH_TRADE,MEDIUM,2026-03-03T19:34:36.333690,Trader T0189 | BTCUSDT | Price 42003.19 | Qty 26
WASH_TRADE,HIGH,2026-03-03T19:34:36.339065,Trader T0189 | ETHUSDT | Price 2300.85 | Qty 60
WASH_TRADE,MEDIUM,2026-03-03T19:34:36.339791,Trader T0189 | ETHUSDT | Price 2299.24 | Qty 34
WASH_TRADE,MEDIUM,2026-03-03T19:34:36.340595,Trader T0189 | ETHUSDT | Price 2300.62 | Qty 46
WASH_TRADE,MEDIUM,2026-03-03T19:34:36.342406,Trader T0189 | ETHUSDT | Price 2305.06 | Qty 20
WASH_TRADE,MEDIUM,2026-03-03T19:34:36.343703,Trader T0189 | ETHUSDT | Price 2301.17 | Qty 20
WASH_TRADE,HIGH,2026-03-03T19:34:36.346149,Trader T0189 | SOLUSDT | Price 97.16 | Qty 52
WASH_TRADE,MEDIUM,2026-03-03T19:34:36.348442,Trader T0189 | SOLUSDT | Price 96.47 | Qty 32
WASH_TRADE,MEDIUM,2026-03-03T19:34:36.349738,Trader T0189 | SOLUSDT | Price 94.03 | Qty 26
WASH_TRADE,HIGH,2026-03-03T19:34:36.350312,Trader T0189 | SOLUSDT | Price 98.25 | Qty 52
WASH_TRADE,MEDIUM,2026-03-03T19:34:36.356265,Trader T0190 | BTCUSDT | Price 41998.57 | Qty 38
WASH_TRADE,MEDIUM,2026-03-03T19:34:36.360304,Trader T0190 | ETHUSDT | Price 2300.24 | Qty 40
WASH_TRADE,MEDIUM,2026-03-03T19:34:36.362622,Trader T0190 | ETHUSDT | Price 2300.19 | Qty 50
WASH_TRADE,MEDIUM,2026-03-03T19:34:36.365756,Trader T0190 | SOLUSDT | Price 95.49 | Qty 46
WASH_TRADE,MEDIUM,2026-03-03T19:34:36.366946,Trader T0190 | SOLUSDT | Price 92.68 | Qty 50
WASH_TRADE,MEDIUM,2026-03-03T19:34:36.370039,Trader T0190 | SOLUSDT | Price 93.49 | Qty 48
WASH_TRADE,MEDIUM,2026-03-03T19:34:36.370094,Trader T0190 | SOLUSDT | Price 95.82 | Qty 30
WASH_TRADE,MEDIUM,2026-03-03T19:34:36.374998,Trader T0191 | BTCUSDT | Price 41998.49 | Qty 22
WASH_TRADE,MEDIUM,2026-03-03T19:34:36.376324,Trader T0191 | BTCUSDT | Price 42000.45 | Qty 28
WASH_TRADE,MEDIUM,2026-03-03T19:34:36.376436,Trader T0191 | BTCUSDT | Price 42000.52 | Qty 30
WASH_TRADE,HIGH,2026-03-03T19:34:36.385510,Trader T0191 | ETHUSDT | Price 2301.62 | Qty 52
WASH_TRADE,MEDIUM,2026-03-03T19:34:36.388595,Trader T0191 | SOLUSDT | Price 98.67 | Qty 24
WASH_TRADE,MEDIUM,2026-03-03T19:34:36.390526,Trader T0191 | SOLUSDT | Price 94.83 | Qty 40
WASH_TRADE,HIGH,2026-03-03T19:34:36.393516,Trader T0191 | SOLUSDT | Price 92.66 | Qty 60
WASH_TRADE,MEDIUM,2026-03-03T19:34:36.394236,Trader T0192 | BTCUSDT | Price 41997.33 | Qty 38
WASH_TRADE,MEDIUM,2026-03-03T19:34:36.394666,Trader T0192 | BTCUSDT | Price 42000.44 | Qty 30
WASH_TRADE,MEDIUM,2026-03-03T19:34:36.395994,Trader T0192 | BTCUSDT | Price 42004.75 | Qty 20
WASH_TRADE,MEDIUM,2026-03-03T19:34:36.399823,Trader T0192 | BTCUSDT | Price 41998.46 | Qty 30
WASH_TRADE,MEDIUM,2026-03-03T19:34:36.400255,Trader T0192 | BTCUSDT | Price 41999.88 | Qty 20
WASH_TRADE,MEDIUM,2026-03-03T19:34:36.400849,Trader T0192 | BTCUSDT | Price 41997.47 | Qty 46
WASH_TRADE,HIGH,2026-03-03T19:34:36.402211,Trader T0192 | ETHUSDT | Price 2298.96 | Qty 54
WASH_TRADE,MEDIUM,2026-03-03T19:34:36.404484,Trader T0192 | ETHUSDT | Price 2298.02 | Qty 20
WASH_TRADE,MEDIUM,2026-03-03T19:34:36.412120,Trader T0192 | SOLUSDT | Price 93.22 | Qty 38
WASH_TRADE,MEDIUM,2026-03-03T19:34:36.413485,Trader T0192 | SOLUSDT | Price 94.29 | Qty 50
WASH_TRADE,HIGH,2026-03-03T19:34:36.420091,Trader T0193 | BTCUSDT | Price 41997.17 | Qty 54
WASH_TRADE,MEDIUM,2026-03-03T19:34:36.424169,Trader T0193 | ETHUSDT | Price 2300.55 | Qty 24
WASH_TRADE,MEDIUM,2026-03-03T19:34:36.427071,Trader T0193 | SOLUSDT | Price 96.39 | Qty 34
WASH_TRADE,HIGH,2026-03-03T19:34:36.428043,Trader T0193 | SOLUSDT | Price 91.42 | Qty 60
WASH_TRADE,MEDIUM,2026-03-03T19:34:36.428547,Trader T0193 | SOLUSDT | Price 95.07 | Qty 44
WASH_TRADE,HIGH,2026-03-03T19:34:36.430756,Trader T0193 | SOLUSDT | Price 94.77 | Qty 60
WASH_TRADE,MEDIUM,2026-03-03T19:34:36.432336,Trader T0193 | SOLUSDT | Price 94.43 | Qty 20
WASH_TRADE,MEDIUM,2026-03-03T19:34:36.433650,Trader T0194 | BTCUSDT | Price 41997.56 | Qty 20
WASH_TRADE,HIGH,2026-03-03T19:34:36.434299,Trader T0194 | BTCUSDT | Price 41999.89 | Qty 58
WASH_TRADE,MEDIUM,2026-03-03T19:34:36.437289,Trader T0194 | BTCUSDT | Price 41999.94 | Qty 50
WASH_TRADE,MEDIUM,2026-03-03T19:34:36.438702,Trader T0194 | BTCUSDT | Price 41999.03 | Qty 30
WASH_TRADE,MEDIUM,2026-03-03T19:34:36.443813,Trader T0194 | ETHUSDT | Price 2295.32 | Qty 36
WASH_TRADE,MEDIUM,2026-03-03T19:34:36.444159,Trader T0194 | ETHUSDT | Price 2301.35 | Qty 24
WASH_TRADE,MEDIUM,2026-03-03T19:34:36.445419,Trader T0194 | ETHUSDT | Price 2296.67 | Qty 26
WASH_TRADE,HIGH,2026-03-03T19:34:36.446651,Trader T0194 | ETHUSDT | Price 2300.18 | Qty 52
WASH_TRADE,MEDIUM,2026-03-03T19:34:36.447021,Trader T0194 | ETHUSDT | Price 2297.52 | Qty 42
WASH_TRADE,MEDIUM,2026-03-03T19:34:36.447877,Trader T0194 | SOLUSDT | Price 95.14 | Qty 50
WASH_TRADE,MEDIUM,2026-03-03T19:34:36.452797,Trader T0194 | SOLUSDT | Price 92.31 | Qty 30
WASH_TRADE,HIGH,2026-03-03T19:34:36.453950,Trader T0195 | BTCUSDT | Price 41996.61 | Qty 56
WASH_TRADE,MEDIUM,2026-03-03T19:34:36.457208,Trader T0195 | BTCUSDT | Price 42001.05 | Qty 24
WASH_TRADE,MEDIUM,2026-03-03T19:34:36.459849,Trader T0195 | BTCUSDT | Price 42000.54 | Qty 38
WASH_TRADE,HIGH,2026-03-03T19:34:36.460443,Trader T0195 | ETHUSDT | Price 2298.72 | Qty 58
WASH_TRADE,MEDIUM,2026-03-03T19:34:36.461947,Trader T0195 | ETHUSDT | Price 2303.46 | Qty 28
WASH_TRADE,MEDIUM,2026-03-03T19:34:36.469526,Trader T0195 | SOLUSDT | Price 94.65 | Qty 40
WASH_TRADE,HIGH,2026-03-03T19:34:36.470948,Trader T0195 | SOLUSDT | Price 96.34 | Qty 54
WASH_TRADE,MEDIUM,2026-03-03T19:34:36.471822,Trader T0195 | SOLUSDT | Price 100.44 | Qty 22
WASH_TRADE,MEDIUM,2026-03-03T19:34:36.473833,Trader T0196 | BTCUSDT | Price 42001.49 | Qty 38
WASH_TRADE,MEDIUM,2026-03-03T19:34:36.475325,Trader T0196 | BTCUSDT | Price 42000.21 | Qty 38
WASH_TRADE,MEDIUM,2026-03-03T19:34:36.482235,Trader T0196 | ETHUSDT | Price 2296.58 | Qty 30
WASH_TRADE,HIGH,2026-03-03T19:34:36.483290,Trader T0196 | ETHUSDT | Price 2301.98 | Qty 54
WASH_TRADE,HIGH,2026-03-03T19:34:36.484088,Trader T0196 | ETHUSDT | Price 2299.06 | Qty 52
WASH_TRADE,MEDIUM,2026-03-03T19:34:36.485825,Trader T0196 | ETHUSDT | Price 2299.15 | Qty 38
WASH_TRADE,HIGH,2026-03-03T19:34:36.486180,Trader T0196 | ETHUSDT | Price 2297.86 | Qty 60
WASH_TRADE,MEDIUM,2026-03-03T19:34:36.488863,Trader T0196 | SOLUSDT | Price 93.38 | Qty 32
WASH_TRADE,HIGH,2026-03-03T19:34:36.489674,Trader T0196 | SOLUSDT | Price 95.09 | Qty 54
WASH_TRADE,MEDIUM,2026-03-03T19:34:36.496700,Trader T0197 | BTCUSDT | Price 41998.59 | Qty 46
WASH_TRADE,MEDIUM,2026-03-03T19:34:36.500054,Trader T0197 | ETHUSDT | Price 2299.88 | Qty 42
WASH_TRADE,MEDIUM,2026-03-03T19:34:36.502481,Trader T0197 | ETHUSDT | Price 2298.93 | Qty 38
WASH_TRADE,MEDIUM,2026-03-03T19:34:36.509121,Trader T0197 | SOLUSDT | Price 96.71 | Qty 36
WASH_TRADE,MEDIUM,2026-03-03T19:34:36.510392,Trader T0197 | SOLUSDT | Price 96.09 | Qty 48
WASH_TRADE,MEDIUM,2026-03-03T19:34:36.511180,Trader T0197 | SOLUSDT | Price 95.28 | Qty 22
WASH_TRADE,MEDIUM,2026-03-03T19:34:36.514834,Trader T0198 | BTCUSDT | Price 42001.89 | Qty 24
WASH_TRADE,HIGH,2026-03-03T19:34:36.518146,Trader T0198 | BTCUSDT | Price 41998.34 | Qty 52
WASH_TRADE,MEDIUM,2026-03-03T19:34:36.518620,Trader T0198 | BTCUSDT | Price 41999.46 | Qty 44
WASH_TRADE,MEDIUM,2026-03-03T19:34:36.521338,Trader T0198 | ETHUSDT | Price 2300.12 | Qty 36
WASH_TRADE,HIGH,2026-03-03T19:34:36.526061,Trader T0198 | ETHUSDT | Price 2296.92 | Qty 56
WASH_TRADE,MEDIUM,2026-03-03T19:34:36.526864,Trader T0198 | ETHUSDT | Price 2300.52 | Qty 48
WASH_TRADE,MEDIUM,2026-03-03T19:34:36.533005,Trader T0199 | BTCUSDT | Price 42000.74 | Qty 36
WASH_TRADE,HIGH,2026-03-03T19:34:36.538392,Trader T0199 | BTCUSDT | Price 42000.85 | Qty 54
WASH_TRADE,HIGH,2026-03-03T19:34:36.538604,Trader T0199 | BTCUSDT | Price 41997.96 | Qty 52
WASH_TRADE,MEDIUM,2026-03-03T19:34:36.538906,Trader T0199 | ETHUSDT | Price 2297.89 | Qty 36
WASH_TRADE,MEDIUM,2026-03-03T19:34:36.544747,Trader T0199 | ETHUSDT | Price 2299.64 | Qty 44
WASH_TRADE,MEDIUM,2026-03-03T19:34:36.545878,Trader T0199 | SOLUSDT | Price 96.73 | Qty 26
WASH_TRADE,MEDIUM,2026-03-03T19:34:36.546769,Trader T0199 | SOLUSDT | Price 97.5 | Qty 44
WASH_TRADE,MEDIUM,2026-03-03T19:34:36.548276,Trader T0199 | SOLUSDT | Price 96.75 | Qty 50
WASH_TRADE,HIGH,2026-03-03T19:34:36.549113,Trader T0199 | SOLUSDT | Price 93.83 | Qty 58
WASH_TRADE,MEDIUM,2026-03-03T19:34:36.549573,Trader T0199 | SOLUSDT | Price 97.96 | Qty 38
WASH_TRADE,MEDIUM,2026-03-03T19:34:36.550101,Trader T0199 | SOLUSDT | Price 97.0 | Qty 24
WASH_TRADE,HIGH,2026-03-03T19:34:36.550662,Trader T0199 | SOLUSDT | Price 95.24 | Qty 60
WASH_TRADE,MEDIUM,2026-03-03T19:34:36.551900,Trader T0200 | BTCUSDT | Price 42002.56 | Qty 22
WASH_TRADE,HIGH,2026-03-03T19:34:36.554206,Trader T0200 | BTCUSDT | Price 41999.14 | Qty 60
WASH_TRADE,HIGH,2026-03-03T19:34:36.554420,Trader T0200 | BTCUSDT | Price 41999.32 | Qty 56
WASH_TRADE,MEDIUM,2026-03-03T19:34:36.558213,Trader T0200 | ETHUSDT | Price 2297.82 | Qty 32
WASH_TRADE,MEDIUM,2026-03-03T19:34:36.558485,Trader T0200 | ETHUSDT | Price 2301.3 | Qty 48
WASH_TRADE,MEDIUM,2026-03-03T19:34:36.559755,Trader T0200 | ETHUSDT | Price 2301.36 | Qty 48
WASH_TRADE,MEDIUM,2026-03-03T19:34:36.559863,Trader T0200 | ETHUSDT | Price 2298.97 | Qty 30
WASH_TRADE,HIGH,2026-03-03T19:34:36.559911,Trader T0200 | ETHUSDT | Price 2299.71 | Qty 60
WASH_TRADE,MEDIUM,2026-03-03T19:34:36.571349,Trader T0200 | SOLUSDT | Price 95.41 | Qty 50
WASH_TRADE,HIGH,2026-03-03T19:34:36.572440,Trader T0201 | BTCUSDT | Price 42002.05 | Qty 56
WASH_TRADE,MEDIUM,2026-03-03T19:34:36.578769,Trader T0201 | ETHUSDT | Price 2296.32 | Qty 44
WASH_TRADE,MEDIUM,2026-03-03T19:34:36.599590,Trader T0202 | ETHUSDT | Price 2300.8 | Qty 50
WASH_TRADE,HIGH,2026-03-03T19:34:36.600603,Trader T0202 | ETHUSDT | Price 2304.68 | Qty 58
WASH_TRADE,MEDIUM,2026-03-03T19:34:36.601658,Trader T0202 | ETHUSDT | Price 2301.59 | Qty 24
WASH_TRADE,MEDIUM,2026-03-03T19:34:36.607329,Trader T0202 | SOLUSDT | Price 95.26 | Qty 48
WASH_TRADE,MEDIUM,2026-03-03T19:34:36.609553,Trader T0202 | SOLUSDT | Price 95.95 | Qty 46
WASH_TRADE,HIGH,2026-03-03T19:34:36.616909,Trader T0203 | BTCUSDT | Price 42000.03 | Qty 56
WASH_TRADE,MEDIUM,2026-03-03T19:34:36.619819,Trader T0203 | ETHUSDT | Price 2305.0 | Qty 50
WASH_TRADE,HIGH,2026-03-03T19:34:36.619921,Trader T0203 | ETHUSDT | Price 2302.53 | Qty 60
WASH_TRADE,MEDIUM,2026-03-03T19:34:36.620107,Trader T0203 | ETHUSDT | Price 2302.46 | Qty 48
WASH_TRADE,MEDIUM,2026-03-03T19:34:36.620725,Trader T0203 | ETHUSDT | Price 2299.79 | Qty 40
WASH_TRADE,MEDIUM,2026-03-03T19:34:36.623286,Trader T0203 | ETHUSDT | Price 2301.46 | Qty 38
WASH_TRADE,MEDIUM,2026-03-03T19:34:36.624881,Trader T0203 | SOLUSDT | Price 91.63 | Qty 40
WASH_TRADE,MEDIUM,2026-03-03T19:34:36.627405,Trader T0203 | SOLUSDT | Price 95.21 | Qty 44
WASH_TRADE,MEDIUM,2026-03-03T19:34:36.629771,Trader T0203 | SOLUSDT | Price 94.41 | Qty 22
WASH_TRADE,MEDIUM,2026-03-03T19:34:36.630325,Trader T0203 | SOLUSDT | Price 96.36 | Qty 32
WASH_TRADE,MEDIUM,2026-03-03T19:34:36.634311,Trader T0204 | BTCUSDT | Price 42000.14 | Qty 48
WASH_TRADE,MEDIUM,2026-03-03T19:34:36.635446,Trader T0204 | BTCUSDT | Price 41998.46 | Qty 36
WASH_TRADE,HIGH,2026-03-03T19:34:36.636218,Trader T0204 | BTCUSDT | Price 42001.55 | Qty 56
WASH_TRADE,MEDIUM,2026-03-03T19:34:36.637286,Trader T0204 | BTCUSDT | Price 41999.57 | Qty 44
WASH_TRADE,MEDIUM,2026-03-03T19:34:36.638196,Trader T0204 | ETHUSDT | Price 2296.66 | Qty 40
WASH_TRADE,HIGH,2026-03-03T19:34:36.654720,Trader T0205 | BTCUSDT | Price 41998.53 | Qty 56
WASH_TRADE,MEDIUM,2026-03-03T19:34:36.658416,Trader T0205 | ETHUSDT | Price 2300.78 | Qty 30
WASH_TRADE,MEDIUM,2026-03-03T19:34:36.658777,Trader T0205 | ETHUSDT | Price 2302.02 | Qty 28
WASH_TRADE,MEDIUM,2026-03-03T19:34:36.659692,Trader T0205 | ETHUSDT | Price 2299.53 | Qty 30
WASH_TRADE,MEDIUM,2026-03-03T19:34:36.663651,Trader T0205 | ETHUSDT | Price 2299.59 | Qty 22
WASH_TRADE,HIGH,2026-03-03T19:34:36.666813,Trader T0205 | SOLUSDT | Price 98.36 | Qty 56
WASH_TRADE,MEDIUM,2026-03-03T19:34:36.667610,Trader T0205 | SOLUSDT | Price 96.76 | Qty 30
WASH_TRADE,MEDIUM,2026-03-03T19:34:36.668541,Trader T0205 | SOLUSDT | Price 95.39 | Qty 22
WASH_TRADE,MEDIUM,2026-03-03T19:34:36.674026,Trader T0206 | BTCUSDT | Price 42001.01 | Qty 20
WASH_TRADE,HIGH,2026-03-03T19:34:36.680328,Trader T0206 | ETHUSDT | Price 2298.02 | Qty 60
WASH_TRADE,HIGH,2026-03-03T19:34:36.692671,Trader T0207 | BTCUSDT | Price 41997.94 | Qty 54
WASH_TRADE,MEDIUM,2026-03-03T19:34:36.694553,Trader T0207 | BTCUSDT | Price 42003.0 | Qty 32
WASH_TRADE,MEDIUM,2026-03-03T19:34:36.694931,Trader T0207 | BTCUSDT | Price 42004.67 | Qty 22
WASH_TRADE,MEDIUM,2026-03-03T19:34:36.696711,Trader T0207 | BTCUSDT | Price 41998.89 | Qty 40
WASH_TRADE,MEDIUM,2026-03-03T19:34:36.699533,Trader T0207 | ETHUSDT | Price 2305.52 | Qty 36
WASH_TRADE,MEDIUM,2026-03-03T19:34:36.705726,Trader T0207 | SOLUSDT | Price 94.68 | Qty 50
WASH_TRADE,MEDIUM,2026-03-03T19:34:36.705974,Trader T0207 | SOLUSDT | Price 95.87 | Qty 20
WASH_TRADE,MEDIUM,2026-03-03T19:34:36.713536,Trader T0208 | BTCUSDT | Price 41998.43 | Qty 50
WASH_TRADE,MEDIUM,2026-03-03T19:34:36.714289,Trader T0208 | BTCUSDT | Price 42000.68 | Qty 32
WASH_TRADE,MEDIUM,2026-03-03T19:34:36.714821,Trader T0208 | BTCUSDT | Price 42000.05 | Qty 50
WASH_TRADE,MEDIUM,2026-03-03T19:34:36.716910,Trader T0208 | BTCUSDT | Price 41999.74 | Qty 24
WASH_TRADE,HIGH,2026-03-03T19:34:36.720536,Trader T0208 | ETHUSDT | Price 2304.49 | Qty 52
WASH_TRADE,MEDIUM,2026-03-03T19:34:36.727651,Trader T0208 | SOLUSDT | Price 93.15 | Qty 38
WASH_TRADE,HIGH,2026-03-03T19:34:36.731206,Trader T0209 | BTCUSDT | Price 42000.1 | Qty 58
WASH_TRADE,MEDIUM,2026-03-03T19:34:36.732196,Trader T0209 | BTCUSDT | Price 41994.92 | Qty 40
WASH_TRADE,MEDIUM,2026-03-03T19:34:36.732794,Trader T0209 | BTCUSDT | Price 41999.6 | Qty 36
WASH_TRADE,MEDIUM,2026-03-03T19:34:36.741248,Trader T0209 | ETHUSDT | Price 2298.32 | Qty 50
WASH_TRADE,HIGH,2026-03-03T19:34:36.742808,Trader T0209 | ETHUSDT | Price 2302.42 | Qty 56
WASH_TRADE,MEDIUM,2026-03-03T19:34:36.743334,Trader T0209 | ETHUSDT | Price 2298.36 | Qty 34
WASH_TRADE,MEDIUM,2026-03-03T19:34:36.745458,Trader T0209 | SOLUSDT | Price 91.56 | Qty 28
WASH_TRADE,MEDIUM,2026-03-03T19:34:36.747016,Trader T0209 | SOLUSDT | Price 97.6 | Qty 44
WASH_TRADE,MEDIUM,2026-03-03T19:34:36.753767,Trader T0210 | BTCUSDT | Price 41997.92 | Qty 26
WASH_TRADE,MEDIUM,2026-03-03T19:34:36.759711,Trader T0210 | ETHUSDT | Price 2297.17 | Qty 20
WASH_TRADE,MEDIUM,2026-03-03T19:34:36.762874,Trader T0210 | ETHUSDT | Price 2298.22 | Qty 38
WASH_TRADE,MEDIUM,2026-03-03T19:34:36.764053,Trader T0210 | ETHUSDT | Price 2299.09 | Qty 50
WASH_TRADE,MEDIUM,2026-03-03T19:34:36.765751,Trader T0210 | SOLUSDT | Price 96.74 | Qty 46
WASH_TRADE,MEDIUM,2026-03-03T19:34:36.768574,Trader T0210 | SOLUSDT | Price 88.63 | Qty 28
WASH_TRADE,MEDIUM,2026-03-03T19:34:36.770732,Trader T0210 | SOLUSDT | Price 92.73 | Qty 48
WASH_TRADE,MEDIUM,2026-03-03T19:34:36.775523,Trader T0211 | BTCUSDT | Price 41996.67 | Qty 42
WASH_TRADE,MEDIUM,2026-03-03T19:34:36.778602,Trader T0211 | ETHUSDT | Price 2304.66 | Qty 28
WASH_TRADE,MEDIUM,2026-03-03T19:34:36.782095,Trader T0211 | ETHUSDT | Price 2296.12 | Qty 44
WASH_TRADE,MEDIUM,2026-03-03T19:34:36.790317,Trader T0211 | SOLUSDT | Price 95.44 | Qty 36
WASH_TRADE,HIGH,2026-03-03T19:34:36.790718,Trader T0211 | SOLUSDT | Price 96.2 | Qty 52
WASH_TRADE,MEDIUM,2026-03-03T19:34:36.792529,Trader T0211 | SOLUSDT | Price 100.81 | Qty 48
WASH_TRADE,MEDIUM,2026-03-03T19:34:36.793975,Trader T0212 | BTCUSDT | Price 42004.85 | Qty 40
WASH_TRADE,MEDIUM,2026-03-03T19:34:36.795757,Trader T0212 | BTCUSDT | Price 42001.44 | Qty 20
WASH_TRADE,MEDIUM,2026-03-03T19:34:36.800873,Trader T0212 | ETHUSDT | Price 2299.84 | Qty 50
WASH_TRADE,MEDIUM,2026-03-03T19:34:36.805389,Trader T0212 | ETHUSDT | Price 2299.7 | Qty 48
WASH_TRADE,MEDIUM,2026-03-03T19:34:36.806450,Trader T0212 | SOLUSDT | Price 91.24 | Qty 46
WASH_TRADE,MEDIUM,2026-03-03T19:34:36.807312,Trader T0212 | SOLUSDT | Price 95.24 | Qty 24
WASH_TRADE,MEDIUM,2026-03-03T19:34:36.807398,Trader T0212 | SOLUSDT | Price 94.13 | Qty 48
WASH_TRADE,HIGH,2026-03-03T19:34:36.809198,Trader T0212 | SOLUSDT | Price 97.64 | Qty 60
WASH_TRADE,HIGH,2026-03-03T19:34:36.813769,Trader T0213 | BTCUSDT | Price 41997.88 | Qty 58
WASH_TRADE,MEDIUM,2026-03-03T19:34:36.815425,Trader T0213 | BTCUSDT | Price 41999.37 | Qty 28
WASH_TRADE,MEDIUM,2026-03-03T19:34:36.816560,Trader T0213 | BTCUSDT | Price 41996.63 | Qty 30
WASH_TRADE,HIGH,2026-03-03T19:34:36.817601,Trader T0213 | BTCUSDT | Price 42002.93 | Qty 56
WASH_TRADE,MEDIUM,2026-03-03T19:34:36.819842,Trader T0213 | ETHUSDT | Price 2299.15 | Qty 22
WASH_TRADE,MEDIUM,2026-03-03T19:34:36.825150,Trader T0213 | SOLUSDT | Price 89.92 | Qty 36
WASH_TRADE,MEDIUM,2026-03-03T19:34:36.827046,Trader T0213 | SOLUSDT | Price 93.65 | Qty 46
WASH_TRADE,HIGH,2026-03-03T19:34:36.830100,Trader T0213 | SOLUSDT | Price 94.18 | Qty 58
WASH_TRADE,HIGH,2026-03-03T19:34:36.833353,Trader T0214 | BTCUSDT | Price 42000.4 | Qty 58
WASH_TRADE,HIGH,2026-03-03T19:34:36.834625,Trader T0214 | BTCUSDT | Price 42000.27 | Qty 56
WASH_TRADE,HIGH,2026-03-03T19:34:36.835713,Trader T0214 | BTCUSDT | Price 41999.34 | Qty 58
WASH_TRADE,HIGH,2026-03-03T19:34:36.836016,Trader T0214 | BTCUSDT | Price 41999.06 | Qty 52
WASH_TRADE,MEDIUM,2026-03-03T19:34:36.841699,Trader T0214 | ETHUSDT | Price 2301.31 | Qty 32
WASH_TRADE,MEDIUM,2026-03-03T19:34:36.853294,Trader T0215 | BTCUSDT | Price 42001.32 | Qty 36
WASH_TRADE,MEDIUM,2026-03-03T19:34:36.854057,Trader T0215 | BTCUSDT | Price 41997.38 | Qty 28
WASH_TRADE,MEDIUM,2026-03-03T19:34:36.858013,Trader T0215 | ETHUSDT | Price 2299.93 | Qty 38
WASH_TRADE,MEDIUM,2026-03-03T19:34:36.861205,Trader T0215 | ETHUSDT | Price 2301.13 | Qty 48
WASH_TRADE,MEDIUM,2026-03-03T19:34:36.862323,Trader T0215 | ETHUSDT | Price 2301.88 | Qty 50
WASH_TRADE,MEDIUM,2026-03-03T19:34:36.862880,Trader T0215 | ETHUSDT | Price 2305.62 | Qty 32
WASH_TRADE,MEDIUM,2026-03-03T19:34:36.867999,Trader T0215 | SOLUSDT | Price 93.66 | Qty 34
WASH_TRADE,MEDIUM,2026-03-03T19:34:36.869217,Trader T0215 | SOLUSDT | Price 99.32 | Qty 32
WASH_TRADE,MEDIUM,2026-03-03T19:34:36.872159,Trader T0215 | SOLUSDT | Price 96.53 | Qty 38
WASH_TRADE,MEDIUM,2026-03-03T19:34:36.876201,Trader T0216 | BTCUSDT | Price 41998.52 | Qty 20
WASH_TRADE,MEDIUM,2026-03-03T19:34:36.878013,Trader T0216 | BTCUSDT | Price 41996.72 | Qty 22
WASH_TRADE,MEDIUM,2026-03-03T19:34:36.879631,Trader T0216 | ETHUSDT | Price 2302.02 | Qty 48
WASH_TRADE,MEDIUM,2026-03-03T19:34:36.880561,Trader T0216 | ETHUSDT | Price 2302.5 | Qty 26
WASH_TRADE,MEDIUM,2026-03-03T19:34:36.882448,Trader T0216 | ETHUSDT | Price 2299.04 | Qty 38
WASH_TRADE,MEDIUM,2026-03-03T19:34:36.887200,Trader T0216 | SOLUSDT | Price 96.9 | Qty 30
WASH_TRADE,MEDIUM,2026-03-03T19:34:36.890690,Trader T0216 | SOLUSDT | Price 95.07 | Qty 38
WASH_TRADE,MEDIUM,2026-03-03T19:34:36.890917,Trader T0217 | BTCUSDT | Price 42001.4 | Qty 40
WASH_TRADE,HIGH,2026-03-03T19:34:36.892656,Trader T0217 | BTCUSDT | Price 41997.66 | Qty 54
WASH_TRADE,MEDIUM,2026-03-03T19:34:36.895934,Trader T0217 | BTCUSDT | Price 42000.6 | Qty 40
WASH_TRADE,MEDIUM,2026-03-03T19:34:36.900526,Trader T0217 | ETHUSDT | Price 2303.88 | Qty 28
WASH_TRADE,MEDIUM,2026-03-03T19:34:36.901918,Trader T0217 | ETHUSDT | Price 2299.94 | Qty 26
WASH_TRADE,MEDIUM,2026-03-03T19:34:36.902218,Trader T0217 | ETHUSDT | Price 2301.56 | Qty 48
WASH_TRADE,MEDIUM,2026-03-03T19:34:36.905160,Trader T0217 | SOLUSDT | Price 95.54 | Qty 28
WASH_TRADE,HIGH,2026-03-03T19:34:36.906457,Trader T0217 | SOLUSDT | Price 98.74 | Qty 52
WASH_TRADE,HIGH,2026-03-03T19:34:36.916861,Trader T0218 | ETHUSDT | Price 2301.16 | Qty 60
WASH_TRADE,MEDIUM,2026-03-03T19:34:36.919046,Trader T0218 | ETHUSDT | Price 2297.37 | Qty 22
WASH_TRADE,HIGH,2026-03-03T19:34:36.923488,Trader T0218 | SOLUSDT | Price 95.23 | Qty 56
WASH_TRADE,MEDIUM,2026-03-03T19:34:36.923973,Trader T0218 | SOLUSDT | Price 96.22 | Qty 24
WASH_TRADE,HIGH,2026-03-03T19:34:36.925756,Trader T0218 | SOLUSDT | Price 92.84 | Qty 56
WASH_TRADE,MEDIUM,2026-03-03T19:34:36.927413,Trader T0218 | SOLUSDT | Price 96.69 | Qty 38
WASH_TRADE,MEDIUM,2026-03-03T19:34:36.929632,Trader T0218 | SOLUSDT | Price 93.72 | Qty 34
WASH_TRADE,MEDIUM,2026-03-03T19:34:36.933201,Trader T0219 | BTCUSDT | Price 42001.17 | Qty 40
WASH_TRADE,MEDIUM,2026-03-03T19:34:36.934188,Trader T0219 | BTCUSDT | Price 42000.48 | Qty 38
WASH_TRADE,MEDIUM,2026-03-03T19:34:36.934293,Trader T0219 | BTCUSDT | Price 41994.89 | Qty 44
WASH_TRADE,MEDIUM,2026-03-03T19:34:36.940319,Trader T0219 | ETHUSDT | Price 2299.02 | Qty 42
WASH_TRADE,MEDIUM,2026-03-03T19:34:36.943070,Trader T0219 | SOLUSDT | Price 96.82 | Qty 44
WASH_TRADE,MEDIUM,2026-03-03T19:34:36.943360,Trader T0219 | SOLUSDT | Price 96.53 | Qty 50
WASH_TRADE,MEDIUM,2026-03-03T19:34:36.945350,Trader T0219 | SOLUSDT | Price 94.45 | Qty 50
WASH_TRADE,MEDIUM,2026-03-03T19:34:36.946688,Trader T0219 | SOLUSDT | Price 91.78 | Qty 20
WASH_TRADE,MEDIUM,2026-03-03T19:34:36.948099,Trader T0219 | SOLUSDT | Price 96.57 | Qty 48
WASH_TRADE,MEDIUM,2026-03-03T19:34:36.948332,Trader T0219 | SOLUSDT | Price 93.25 | Qty 44
WASH_TRADE,MEDIUM,2026-03-03T19:34:36.948536,Trader T0219 | SOLUSDT | Price 94.18 | Qty 46
WASH_TRADE,MEDIUM,2026-03-03T19:34:36.952980,Trader T0220 | BTCUSDT | Price 42004.16 | Qty 46
WASH_TRADE,MEDIUM,2026-03-03T19:34:36.954807,Trader T0220 | BTCUSDT | Price 42002.53 | Qty 42
WASH_TRADE,MEDIUM,2026-03-03T19:34:36.956391,Trader T0220 | ETHUSDT | Price 2300.34 | Qty 20
WASH_TRADE,HIGH,2026-03-03T19:34:36.960304,Trader T0220 | ETHUSDT | Price 2300.88 | Qty 60
WASH_TRADE,MEDIUM,2026-03-03T19:34:36.966368,Trader T0220 | SOLUSDT | Price 94.7 | Qty 38
WASH_TRADE,HIGH,2026-03-03T19:34:36.967338,Trader T0220 | SOLUSDT | Price 96.57 | Qty 60
WASH_TRADE,MEDIUM,2026-03-03T19:34:36.967702,Trader T0220 | SOLUSDT | Price 95.09 | Qty 22
WASH_TRADE,MEDIUM,2026-03-03T19:34:36.967775,Trader T0220 | SOLUSDT | Price 92.93 | Qty 22
WASH_TRADE,MEDIUM,2026-03-03T19:34:36.969147,Trader T0220 | SOLUSDT | Price 95.45 | Qty 24
WASH_TRADE,MEDIUM,2026-03-03T19:34:36.974278,Trader T0221 | BTCUSDT | Price 41996.8 | Qty 40
WASH_TRADE,HIGH,2026-03-03T19:34:36.976422,Trader T0221 | ETHUSDT | Price 2301.14 | Qty 58
WASH_TRADE,MEDIUM,2026-03-03T19:34:36.981117,Trader T0221 | ETHUSDT | Price 2300.87 | Qty 32
WASH_TRADE,MEDIUM,2026-03-03T19:34:36.981331,Trader T0221 | ETHUSDT | Price 2299.71 | Qty 40
WASH_TRADE,MEDIUM,2026-03-03T19:34:36.981501,Trader T0221 | ETHUSDT | Price 2297.59 | Qty 46
WASH_TRADE,MEDIUM,2026-03-03T19:34:36.984679,Trader T0221 | SOLUSDT | Price 93.07 | Qty 20
WASH_TRADE,MEDIUM,2026-03-03T19:34:36.985949,Trader T0221 | SOLUSDT | Price 92.54 | Qty 36
WASH_TRADE,HIGH,2026-03-03T19:34:36.986465,Trader T0221 | SOLUSDT | Price 91.87 | Qty 56
WASH_TRADE,MEDIUM,2026-03-03T19:34:36.989151,Trader T0222 | BTCUSDT | Price 42000.15 | Qty 28
WASH_TRADE,MEDIUM,2026-03-03T19:34:36.995237,Trader T0222 | BTCUSDT | Price 41998.63 | Qty 44
WASH_TRADE,HIGH,2026-03-03T19:34:36.995556,Trader T0222 | BTCUSDT | Price 41996.59 | Qty 60
WASH_TRADE,MEDIUM,2026-03-03T19:34:36.997581,Trader T0222 | ETHUSDT | Price 2297.65 | Qty 48
WASH_TRADE,MEDIUM,2026-03-03T19:34:36.999247,Trader T0222 | ETHUSDT | Price 2300.15 | Qty 32
WASH_TRADE,MEDIUM,2026-03-03T19:34:36.999889,Trader T0222 | ETHUSDT | Price 2300.7 | Qty 24
WASH_TRADE,MEDIUM,2026-03-03T19:34:37.000487,Trader T0222 | ETHUSDT | Price 2295.73 | Qty 48
WASH_TRADE,MEDIUM,2026-03-03T19:34:37.011134,Trader T0223 | BTCUSDT | Price 42000.79 | Qty 48
WASH_TRADE,MEDIUM,2026-03-03T19:34:37.011371,Trader T0223 | BTCUSDT | Price 42002.85 | Qty 34
WASH_TRADE,HIGH,2026-03-03T19:34:37.012173,Trader T0223 | BTCUSDT | Price 41998.98 | Qty 54
WASH_TRADE,HIGH,2026-03-03T19:34:37.016495,Trader T0223 | ETHUSDT | Price 2299.9 | Qty 52
WASH_TRADE,HIGH,2026-03-03T19:34:37.023175,Trader T0223 | ETHUSDT | Price 2300.78 | Qty 54
WASH_TRADE,MEDIUM,2026-03-03T19:34:37.027058,Trader T0223 | SOLUSDT | Price 93.49 | Qty 50
WASH_TRADE,MEDIUM,2026-03-03T19:34:37.030006,Trader T0223 | SOLUSDT | Price 95.82 | Qty 30
WASH_TRADE,MEDIUM,2026-03-03T19:34:37.030516,Trader T0224 | BTCUSDT | Price 42004.19 | Qty 44
WASH_TRADE,MEDIUM,2026-03-03T19:34:37.034964,Trader T0224 | BTCUSDT | Price 42000.28 | Qty 48
WASH_TRADE,MEDIUM,2026-03-03T19:34:37.036624,Trader T0224 | BTCUSDT | Price 41999.16 | Qty 34
WASH_TRADE,MEDIUM,2026-03-03T19:34:37.036751,Trader T0224 | BTCUSDT | Price 42002.27 | Qty 42
WASH_TRADE,MEDIUM,2026-03-03T19:34:37.037683,Trader T0224 | ETHUSDT | Price 2301.43 | Qty 50
WASH_TRADE,MEDIUM,2026-03-03T19:34:37.038061,Trader T0224 | ETHUSDT | Price 2301.48 | Qty 24
WASH_TRADE,MEDIUM,2026-03-03T19:34:37.038548,Trader T0224 | ETHUSDT | Price 2301.24 | Qty 48
WASH_TRADE,MEDIUM,2026-03-03T19:34:37.043722,Trader T0224 | SOLUSDT | Price 97.23 | Qty 32
WASH_TRADE,MEDIUM,2026-03-03T19:34:37.045849,Trader T0224 | SOLUSDT | Price 95.55 | Qty 26
WASH_TRADE,MEDIUM,2026-03-03T19:34:37.050940,Trader T0225 | BTCUSDT | Price 41999.99 | Qty 38
WASH_TRADE,MEDIUM,2026-03-03T19:34:37.051948,Trader T0225 | BTCUSDT | Price 41998.68 | Qty 20
WASH_TRADE,MEDIUM,2026-03-03T19:34:37.054348,Trader T0225 | BTCUSDT | Price 42000.51 | Qty 34
WASH_TRADE,HIGH,2026-03-03T19:34:37.065044,Trader T0225 | SOLUSDT | Price 93.31 | Qty 58
WASH_TRADE,HIGH,2026-03-03T19:34:37.066001,Trader T0225 | SOLUSDT | Price 96.58 | Qty 58
WASH_TRADE,MEDIUM,2026-03-03T19:34:37.068086,Trader T0225 | SOLUSDT | Price 95.11 | Qty 42
WASH_TRADE,MEDIUM,2026-03-03T19:34:37.070980,Trader T0226 | BTCUSDT | Price 42001.44 | Qty 24
WASH_TRADE,MEDIUM,2026-03-03T19:34:37.072136,Trader T0226 | BTCUSDT | Price 41999.09 | Qty 38
WASH_TRADE,MEDIUM,2026-03-03T19:34:37.073692,Trader T0226 | BTCUSDT | Price 41995.55 | Qty 50
WASH_TRADE,MEDIUM,2026-03-03T19:34:37.076243,Trader T0226 | ETHUSDT | Price 2298.82 | Qty 28
WASH_TRADE,HIGH,2026-03-03T19:34:37.077970,Trader T0226 | ETHUSDT | Price 2300.64 | Qty 56
WASH_TRADE,MEDIUM,2026-03-03T19:34:37.079204,Trader T0226 | ETHUSDT | Price 2299.94 | Qty 22
WASH_TRADE,MEDIUM,2026-03-03T19:34:37.085196,Trader T0226 | SOLUSDT | Price 96.35 | Qty 42
WASH_TRADE,HIGH,2026-03-03T19:34:37.090193,Trader T0227 | BTCUSDT | Price 41996.51 | Qty 58
WASH_TRADE,MEDIUM,2026-03-03T19:34:37.093131,Trader T0227 | BTCUSDT | Price 42000.9 | Qty 48
WASH_TRADE,MEDIUM,2026-03-03T19:34:37.097872,Trader T0227 | ETHUSDT | Price 2304.49 | Qty 48
WASH_TRADE,MEDIUM,2026-03-03T19:34:37.098802,Trader T0227 | ETHUSDT | Price 2297.88 | Qty 22
WASH_TRADE,MEDIUM,2026-03-03T19:34:37.103965,Trader T0227 | ETHUSDT | Price 2302.51 | Qty 38
WASH_TRADE,MEDIUM,2026-03-03T19:34:37.104414,Trader T0227 | SOLUSDT | Price 92.04 | Qty 50
WASH_TRADE,MEDIUM,2026-03-03T19:34:37.104949,Trader T0227 | SOLUSDT | Price 93.45 | Qty 46
WASH_TRADE,MEDIUM,2026-03-03T19:34:37.108242,Trader T0227 | SOLUSDT | Price 93.75 | Qty 50
WASH_TRADE,HIGH,2026-03-03T19:34:37.108463,Trader T0227 | SOLUSDT | Price 95.73 | Qty 58
WASH_TRADE,MEDIUM,2026-03-03T19:34:37.113167,Trader T0228 | BTCUSDT | Price 42000.24 | Qty 44
WASH_TRADE,MEDIUM,2026-03-03T19:34:37.113989,Trader T0228 | BTCUSDT | Price 41997.69 | Qty 36
WASH_TRADE,MEDIUM,2026-03-03T19:34:37.122284,Trader T0228 | ETHUSDT | Price 2297.65 | Qty 22
WASH_TRADE,MEDIUM,2026-03-03T19:34:37.124669,Trader T0228 | ETHUSDT | Price 2302.18 | Qty 48
WASH_TRADE,HIGH,2026-03-03T19:34:37.124798,Trader T0228 | ETHUSDT | Price 2299.66 | Qty 56
WASH_TRADE,MEDIUM,2026-03-03T19:34:37.126089,Trader T0228 | SOLUSDT | Price 94.58 | Qty 38
WASH_TRADE,MEDIUM,2026-03-03T19:34:37.126568,Trader T0228 | SOLUSDT | Price 95.68 | Qty 28
WASH_TRADE,MEDIUM,2026-03-03T19:34:37.128184,Trader T0228 | SOLUSDT | Price 91.87 | Qty 30
WASH_TRADE,HIGH,2026-03-03T19:34:37.132316,Trader T0229 | BTCUSDT | Price 42002.8 | Qty 52
WASH_TRADE,HIGH,2026-03-03T19:34:37.133831,Trader T0229 | BTCUSDT | Price 42001.1 | Qty 56
WASH_TRADE,HIGH,2026-03-03T19:34:37.134266,Trader T0229 | BTCUSDT | Price 41998.14 | Qty 58
WASH_TRADE,MEDIUM,2026-03-03T19:34:37.135334,Trader T0229 | BTCUSDT | Price 42004.71 | Qty 48
WASH_TRADE,MEDIUM,2026-03-03T19:34:37.138396,Trader T0229 | BTCUSDT | Price 41999.78 | Qty 22
WASH_TRADE,MEDIUM,2026-03-03T19:34:37.140119,Trader T0229 | ETHUSDT | Price 2297.5 | Qty 28
WASH_TRADE,MEDIUM,2026-03-03T19:34:37.142447,Trader T0229 | ETHUSDT | Price 2300.47 | Qty 28
WASH_TRADE,MEDIUM,2026-03-03T19:34:37.145790,Trader T0229 | SOLUSDT | Price 95.15 | Qty 50
WASH_TRADE,MEDIUM,2026-03-03T19:34:37.146197,Trader T0229 | SOLUSDT | Price 92.76 | Qty 32
WASH_TRADE,MEDIUM,2026-03-03T19:34:37.146579,Trader T0229 | SOLUSDT | Price 94.36 | Qty 44
WASH_TRADE,MEDIUM,2026-03-03T19:34:37.151615,Trader T0229 | SOLUSDT | Price 93.31 | Qty 48
WASH_TRADE,MEDIUM,2026-03-03T19:34:37.152253,Trader T0229 | SOLUSDT | Price 91.41 | Qty 34
WASH_TRADE,MEDIUM,2026-03-03T19:34:37.152608,Trader T0229 | SOLUSDT | Price 92.26 | Qty 44
WASH_TRADE,MEDIUM,2026-03-03T19:34:37.154167,Trader T0230 | BTCUSDT | Price 41997.4 | Qty 48
WASH_TRADE,MEDIUM,2026-03-03T19:34:37.157143,Trader T0230 | BTCUSDT | Price 41997.23 | Qty 50
WASH_TRADE,MEDIUM,2026-03-03T19:34:37.157516,Trader T0230 | BTCUSDT | Price 42003.22 | Qty 44
WASH_TRADE,MEDIUM,2026-03-03T19:34:37.160450,Trader T0230 | ETHUSDT | Price 2297.35 | Qty 22
WASH_TRADE,MEDIUM,2026-03-03T19:34:37.161635,Trader T0230 | ETHUSDT | Price 2298.35 | Qty 46
WASH_TRADE,HIGH,2026-03-03T19:34:37.164017,Trader T0230 | ETHUSDT | Price 2299.52 | Qty 52
WASH_TRADE,MEDIUM,2026-03-03T19:34:37.166331,Trader T0230 | SOLUSDT | Price 94.66 | Qty 46
WASH_TRADE,HIGH,2026-03-03T19:34:37.166697,Trader T0230 | SOLUSDT | Price 92.25 | Qty 52
WASH_TRADE,MEDIUM,2026-03-03T19:34:37.167497,Trader T0230 | SOLUSDT | Price 92.41 | Qty 42
WASH_TRADE,MEDIUM,2026-03-03T19:34:37.167677,Trader T0230 | SOLUSDT | Price 93.97 | Qty 42
WASH_TRADE,MEDIUM,2026-03-03T19:34:37.168884,Trader T0230 | SOLUSDT | Price 93.66 | Qty 42
WASH_TRADE,MEDIUM,2026-03-03T19:34:37.173812,Trader T0231 | BTCUSDT | Price 41998.27 | Qty 50
WASH_TRADE,MEDIUM,2026-03-03T19:34:37.177593,Trader T0231 | BTCUSDT | Price 41999.13 | Qty 32
WASH_TRADE,MEDIUM,2026-03-03T19:34:37.181196,Trader T0231 | ETHUSDT | Price 2299.41 | Qty 32
WASH_TRADE,MEDIUM,2026-03-03T19:34:37.186291,Trader T0231 | SOLUSDT | Price 90.77 | Qty 50
WASH_TRADE,MEDIUM,2026-03-03T19:34:37.188699,Trader T0231 | SOLUSDT | Price 96.81 | Qty 38
WASH_TRADE,HIGH,2026-03-03T19:34:37.191384,Trader T0231 | SOLUSDT | Price 92.57 | Qty 52
WASH_TRADE,MEDIUM,2026-03-03T19:34:37.194332,Trader T0232 | BTCUSDT | Price 41996.69 | Qty 30
WASH_TRADE,HIGH,2026-03-03T19:34:37.195636,Trader T0232 | BTCUSDT | Price 41999.09 | Qty 58
WASH_TRADE,MEDIUM,2026-03-03T19:34:37.195880,Trader T0232 | BTCUSDT | Price 41999.42 | Qty 30
WASH_TRADE,HIGH,2026-03-03T19:34:37.196223,Trader T0232 | BTCUSDT | Price 42001.21 | Qty 56
WASH_TRADE,MEDIUM,2026-03-03T19:34:37.201116,Trader T0232 | ETHUSDT | Price 2294.64 | Qty 46
WASH_TRADE,MEDIUM,2026-03-03T19:34:37.204262,Trader T0232 | ETHUSDT | Price 2303.02 | Qty 34
WASH_TRADE,MEDIUM,2026-03-03T19:34:37.207524,Trader T0232 | SOLUSDT | Price 95.13 | Qty 46
WASH_TRADE,MEDIUM,2026-03-03T19:34:37.213756,Trader T0233 | BTCUSDT | Price 42001.33 | Qty 44
WASH_TRADE,MEDIUM,2026-03-03T19:34:37.214869,Trader T0233 | BTCUSDT | Price 42000.29 | Qty 48
WASH_TRADE,MEDIUM,2026-03-03T19:34:37.217939,Trader T0233 | BTCUSDT | Price 42001.03 | Qty 20
WASH_TRADE,MEDIUM,2026-03-03T19:34:37.220217,Trader T0233 | ETHUSDT | Price 2300.84 | Qty 20
WASH_TRADE,MEDIUM,2026-03-03T19:34:37.222975,Trader T0233 | ETHUSDT | Price 2300.72 | Qty 30
WASH_TRADE,MEDIUM,2026-03-03T19:34:37.225148,Trader T0233 | ETHUSDT | Price 2298.62 | Qty 50
WASH_TRADE,MEDIUM,2026-03-03T19:34:37.229152,Trader T0233 | SOLUSDT | Price 95.0 | Qty 48
WASH_TRADE,MEDIUM,2026-03-03T19:34:37.231818,Trader T0233 | SOLUSDT | Price 97.36 | Qty 26
WASH_TRADE,MEDIUM,2026-03-03T19:34:37.232608,Trader T0233 | SOLUSDT | Price 94.48 | Qty 38
WASH_TRADE,HIGH,2026-03-03T19:34:37.234591,Trader T0234 | BTCUSDT | Price 42001.44 | Qty 54
WASH_TRADE,HIGH,2026-03-03T19:34:37.235917,Trader T0234 | BTCUSDT | Price 41999.49 | Qty 54
WASH_TRADE,MEDIUM,2026-03-03T19:34:37.237973,Trader T0234 | BTCUSDT | Price 42000.98 | Qty 50
WASH_TRADE,MEDIUM,2026-03-03T19:34:37.239414,Trader T0234 | BTCUSDT | Price 42001.92 | Qty 38
WASH_TRADE,MEDIUM,2026-03-03T19:34:37.242447,Trader T0234 | ETHUSDT | Price 2301.44 | Qty 50
WASH_TRADE,MEDIUM,2026-03-03T19:34:37.257608,Trader T0235 | BTCUSDT | Price 42000.87 | Qty 30
WASH_TRADE,HIGH,2026-03-03T19:34:37.260874,Trader T0235 | ETHUSDT | Price 2299.83 | Qty 60
WASH_TRADE,MEDIUM,2026-03-03T19:34:37.263357,Trader T0235 | ETHUSDT | Price 2299.8 | Qty 32
WASH_TRADE,MEDIUM,2026-03-03T19:34:37.264769,Trader T0235 | ETHUSDT | Price 2298.58 | Qty 28
WASH_TRADE,HIGH,2026-03-03T19:34:37.291374,Trader T0236 | BTCUSDT | Price 42001.93 | Qty 58
WASH_TRADE,MEDIUM,2026-03-03T19:34:37.296992,Trader T0236 | BTCUSDT | Price 41998.89 | Qty 22
WASH_TRADE,MEDIUM,2026-03-03T19:34:37.299197,Trader T0236 | ETHUSDT | Price 2301.19 | Qty 36
WASH_TRADE,MEDIUM,2026-03-03T19:34:37.300429,Trader T0236 | ETHUSDT | Price 2300.78 | Qty 48
WASH_TRADE,HIGH,2026-03-03T19:34:37.304225,Trader T0236 | SOLUSDT | Price 97.45 | Qty 54
WASH_TRADE,MEDIUM,2026-03-03T19:34:37.304603,Trader T0236 | SOLUSDT | Price 99.4 | Qty 36
WASH_TRADE,MEDIUM,2026-03-03T19:34:37.306801,Trader T0236 | SOLUSDT | Price 100.71 | Qty 22
WASH_TRADE,MEDIUM,2026-03-03T19:34:37.307114,Trader T0236 | SOLUSDT | Price 94.23 | Qty 32
WASH_TRADE,HIGH,2026-03-03T19:34:37.307533,Trader T0236 | SOLUSDT | Price 93.84 | Qty 54
WASH_TRADE,MEDIUM,2026-03-03T19:34:37.308198,Trader T0236 | SOLUSDT | Price 94.2 | Qty 32
WASH_TRADE,MEDIUM,2026-03-03T19:34:37.309817,Trader T0236 | SOLUSDT | Price 96.15 | Qty 38
WASH_TRADE,MEDIUM,2026-03-03T19:34:37.310208,Trader T0236 | SOLUSDT | Price 97.77 | Qty 36
WASH_TRADE,MEDIUM,2026-03-03T19:34:37.311355,Trader T0237 | BTCUSDT | Price 42001.06 | Qty 40
WASH_TRADE,HIGH,2026-03-03T19:34:37.314324,Trader T0237 | BTCUSDT | Price 42000.02 | Qty 58
WASH_TRADE,MEDIUM,2026-03-03T19:34:37.316091,Trader T0237 | BTCUSDT | Price 42001.05 | Qty 24
WASH_TRADE,HIGH,2026-03-03T19:34:37.324339,Trader T0237 | SOLUSDT | Price 94.37 | Qty 54
WASH_TRADE,MEDIUM,2026-03-03T19:34:37.328840,Trader T0238 | BTCUSDT | Price 42002.46 | Qty 22
WASH_TRADE,HIGH,2026-03-03T19:34:37.329077,Trader T0238 | BTCUSDT | Price 42000.98 | Qty 58
WASH_TRADE,MEDIUM,2026-03-03T19:34:37.335981,Trader T0238 | ETHUSDT | Price 2302.68 | Qty 44
WASH_TRADE,MEDIUM,2026-03-03T19:34:37.338055,Trader T0238 | ETHUSDT | Price 2299.18 | Qty 30
WASH_TRADE,MEDIUM,2026-03-03T19:34:37.341101,Trader T0238 | ETHUSDT | Price 2298.85 | Qty 20
WASH_TRADE,MEDIUM,2026-03-03T19:34:37.342739,Trader T0238 | SOLUSDT | Price 96.1 | Qty 42
WASH_TRADE,MEDIUM,2026-03-03T19:34:37.343540,Trader T0238 | SOLUSDT | Price 91.83 | Qty 32
WASH_TRADE,MEDIUM,2026-03-03T19:34:37.347904,Trader T0238 | SOLUSDT | Price 94.2 | Qty 50
WASH_TRADE,MEDIUM,2026-03-03T19:34:37.348499,Trader T0238 | SOLUSDT | Price 96.34 | Qty 50
WASH_TRADE,HIGH,2026-03-03T19:34:37.351220,Trader T0239 | BTCUSDT | Price 41998.38 | Qty 56
WASH_TRADE,MEDIUM,2026-03-03T19:34:37.353344,Trader T0239 | BTCUSDT | Price 42001.86 | Qty 36
WASH_TRADE,MEDIUM,2026-03-03T19:34:37.353856,Trader T0239 | BTCUSDT | Price 42002.99 | Qty 22
WASH_TRADE,MEDIUM,2026-03-03T19:34:37.354296,Trader T0239 | BTCUSDT | Price 42002.29 | Qty 34
WASH_TRADE,MEDIUM,2026-03-03T19:34:37.356624,Trader T0239 | BTCUSDT | Price 41999.86 | Qty 36
WASH_TRADE,HIGH,2026-03-03T19:34:37.358558,Trader T0239 | ETHUSDT | Price 2300.47 | Qty 58
WASH_TRADE,MEDIUM,2026-03-03T19:34:37.359047,Trader T0239 | ETHUSDT | Price 2302.27 | Qty 20
WASH_TRADE,MEDIUM,2026-03-03T19:34:37.363261,Trader T0239 | ETHUSDT | Price 2301.93 | Qty 44
WASH_TRADE,MEDIUM,2026-03-03T19:34:37.363416,Trader T0239 | ETHUSDT | Price 2302.63 | Qty 42
WASH_TRADE,MEDIUM,2026-03-03T19:34:37.366314,Trader T0239 | SOLUSDT | Price 94.87 | Qty 50
WASH_TRADE,MEDIUM,2026-03-03T19:34:37.367099,Trader T0239 | SOLUSDT | Price 96.85 | Qty 24
WASH_TRADE,MEDIUM,2026-03-03T19:34:37.367780,Trader T0239 | SOLUSDT | Price 94.23 | Qty 32
WASH_TRADE,MEDIUM,2026-03-03T19:34:37.369038,Trader T0239 | SOLUSDT | Price 92.73 | Qty 50
WASH_TRADE,MEDIUM,2026-03-03T19:34:37.377878,Trader T0240 | ETHUSDT | Price 2296.92 | Qty 40
WASH_TRADE,MEDIUM,2026-03-03T19:34:37.378529,Trader T0240 | ETHUSDT | Price 2300.07 | Qty 48
WASH_TRADE,HIGH,2026-03-03T19:34:37.380257,Trader T0240 | ETHUSDT | Price 2298.29 | Qty 58
WASH_TRADE,MEDIUM,2026-03-03T19:34:37.381706,Trader T0240 | ETHUSDT | Price 2299.54 | Qty 20
WASH_TRADE,MEDIUM,2026-03-03T19:34:37.383125,Trader T0240 | SOLUSDT | Price 94.96 | Qty 34
WASH_TRADE,MEDIUM,2026-03-03T19:34:37.384876,Trader T0240 | SOLUSDT | Price 94.51 | Qty 44
WASH_TRADE,MEDIUM,2026-03-03T19:34:37.385771,Trader T0240 | SOLUSDT | Price 95.4 | Qty 36
WASH_TRADE,MEDIUM,2026-03-03T19:34:37.389117,Trader T0241 | BTCUSDT | Price 42001.8 | Qty 42
WASH_TRADE,MEDIUM,2026-03-03T19:34:37.394528,Trader T0241 | BTCUSDT | Price 42002.93 | Qty 20
WASH_TRADE,MEDIUM,2026-03-03T19:34:37.397279,Trader T0241 | ETHUSDT | Price 2300.37 | Qty 46
WASH_TRADE,MEDIUM,2026-03-03T19:34:37.397928,Trader T0241 | ETHUSDT | Price 2297.25 | Qty 36
WASH_TRADE,MEDIUM,2026-03-03T19:34:37.400303,Trader T0241 | ETHUSDT | Price 2299.35 | Qty 24
WASH_TRADE,MEDIUM,2026-03-03T19:34:37.400714,Trader T0241 | ETHUSDT | Price 2299.69 | Qty 50
WASH_TRADE,HIGH,2026-03-03T19:34:37.401113,Trader T0241 | ETHUSDT | Price 2301.89 | Qty 60
WASH_TRADE,MEDIUM,2026-03-03T19:34:37.403868,Trader T0241 | SOLUSDT | Price 97.44 | Qty 26
WASH_TRADE,MEDIUM,2026-03-03T19:34:37.411060,Trader T0242 | BTCUSDT | Price 41998.22 | Qty 40
WASH_TRADE,MEDIUM,2026-03-03T19:34:37.412070,Trader T0242 | BTCUSDT | Price 42001.81 | Qty 36
WASH_TRADE,MEDIUM,2026-03-03T19:34:37.413558,Trader T0242 | BTCUSDT | Price 42001.01 | Qty 38
WASH_TRADE,HIGH,2026-03-03T19:34:37.414540,Trader T0242 | BTCUSDT | Price 42003.98 | Qty 58
WASH_TRADE,MEDIUM,2026-03-03T19:34:37.414738,Trader T0242 | BTCUSDT | Price 42000.32 | Qty 30
WASH_TRADE,MEDIUM,2026-03-03T19:34:37.414792,Trader T0242 | BTCUSDT | Price 42002.99 | Qty 34
WASH_TRADE,HIGH,2026-03-03T19:34:37.416925,Trader T0242 | BTCUSDT | Price 42001.64 | Qty 60
WASH_TRADE,MEDIUM,2026-03-03T19:34:37.417192,Trader T0242 | BTCUSDT | Price 41998.65 | Qty 24
WASH_TRADE,MEDIUM,2026-03-03T19:34:37.418837,Trader T0242 | ETHUSDT | Price 2298.41 | Qty 36
WASH_TRADE,MEDIUM,2026-03-03T19:34:37.419718,Trader T0242 | ETHUSDT | Price 2299.81 | Qty 30
WASH_TRADE,HIGH,2026-03-03T19:34:37.429566,Trader T0242 | SOLUSDT | Price 94.5 | Qty 58
WASH_TRADE,HIGH,2026-03-03T19:34:37.429737,Trader T0242 | SOLUSDT | Price 95.63 | Qty 58
WASH_TRADE,MEDIUM,2026-03-03T19:34:37.434444,Trader T0243 | BTCUSDT | Price 42000.94 | Qty 36
WASH_TRADE,MEDIUM,2026-03-03T19:34:37.434549,Trader T0243 | BTCUSDT | Price 42000.14 | Qty 40
WASH_TRADE,MEDIUM,2026-03-03T19:34:37.435379,Trader T0243 | BTCUSDT | Price 41999.66 | Qty 42
WASH_TRADE,HIGH,2026-03-03T19:34:37.439071,Trader T0243 | ETHUSDT | Price 2300.82 | Qty 54
WASH_TRADE,MEDIUM,2026-03-03T19:34:37.441916,Trader T0243 | ETHUSDT | Price 2297.82 | Qty 28
WASH_TRADE,HIGH,2026-03-03T19:34:37.445193,Trader T0243 | SOLUSDT | Price 97.87 | Qty 52
WASH_TRADE,MEDIUM,2026-03-03T19:34:37.447788,Trader T0243 | SOLUSDT | Price 94.41 | Qty 24
WASH_TRADE,MEDIUM,2026-03-03T19:34:37.451371,Trader T0244 | BTCUSDT | Price 41997.22 | Qty 46
WASH_TRADE,MEDIUM,2026-03-03T19:34:37.451973,Trader T0244 | BTCUSDT | Price 42000.98 | Qty 34
WASH_TRADE,HIGH,2026-03-03T19:34:37.453236,Trader T0244 | BTCUSDT | Price 41994.79 | Qty 60
WASH_TRADE,MEDIUM,2026-03-03T19:34:37.453453,Trader T0244 | BTCUSDT | Price 42000.95 | Qty 20
WASH_TRADE,MEDIUM,2026-03-03T19:34:37.454407,Trader T0244 | BTCUSDT | Price 42004.28 | Qty 32
WASH_TRADE,HIGH,2026-03-03T19:34:37.456592,Trader T0244 | ETHUSDT | Price 2302.33 | Qty 52
WASH_TRADE,MEDIUM,2026-03-03T19:34:37.459462,Trader T0244 | ETHUSDT | Price 2298.71 | Qty 20
WASH_TRADE,MEDIUM,2026-03-03T19:34:37.460197,Trader T0244 | ETHUSDT | Price 2294.61 | Qty 26
WASH_TRADE,HIGH,2026-03-03T19:34:37.461905,Trader T0244 | ETHUSDT | Price 2303.86 | Qty 58
WASH_TRADE,HIGH,2026-03-03T19:34:37.468059,Trader T0244 | SOLUSDT | Price 94.86 | Qty 52
WASH_TRADE,MEDIUM,2026-03-03T19:34:37.475733,Trader T0245 | BTCUSDT | Price 42000.44 | Qty 30
WASH_TRADE,MEDIUM,2026-03-03T19:34:37.476086,Trader T0245 | BTCUSDT | Price 42001.14 | Qty 36
WASH_TRADE,MEDIUM,2026-03-03T19:34:37.478463,Trader T0245 | ETHUSDT | Price 2300.56 | Qty 36
WASH_TRADE,MEDIUM,2026-03-03T19:34:37.480459,Trader T0245 | ETHUSDT | Price 2299.74 | Qty 34
WASH_TRADE,HIGH,2026-03-03T19:34:37.481112,Trader T0245 | ETHUSDT | Price 2299.83 | Qty 58
WASH_TRADE,MEDIUM,2026-03-03T19:34:37.484147,Trader T0245 | ETHUSDT | Price 2299.77 | Qty 20
WASH_TRADE,MEDIUM,2026-03-03T19:34:37.488908,Trader T0245 | SOLUSDT | Price 95.76 | Qty 20
WASH_TRADE,MEDIUM,2026-03-03T19:34:37.491599,Trader T0245 | SOLUSDT | Price 94.39 | Qty 44
WASH_TRADE,MEDIUM,2026-03-03T19:34:37.499240,Trader T0246 | ETHUSDT | Price 2298.32 | Qty 36
WASH_TRADE,MEDIUM,2026-03-03T19:34:37.499956,Trader T0246 | ETHUSDT | Price 2298.14 | Qty 22
WASH_TRADE,MEDIUM,2026-03-03T19:34:37.501646,Trader T0246 | ETHUSDT | Price 2299.55 | Qty 46
WASH_TRADE,MEDIUM,2026-03-03T19:34:37.501948,Trader T0246 | ETHUSDT | Price 2303.24 | Qty 46
WASH_TRADE,MEDIUM,2026-03-03T19:34:37.503130,Trader T0246 | ETHUSDT | Price 2298.38 | Qty 30
WASH_TRADE,HIGH,2026-03-03T19:34:37.503371,Trader T0246 | ETHUSDT | Price 2299.61 | Qty 60
WASH_TRADE,MEDIUM,2026-03-03T19:34:37.506510,Trader T0246 | SOLUSDT | Price 99.05 | Qty 28
WASH_TRADE,MEDIUM,2026-03-03T19:34:37.518017,Trader T0247 | BTCUSDT | Price 41999.45 | Qty 48
WASH_TRADE,MEDIUM,2026-03-03T19:34:37.518327,Trader T0247 | BTCUSDT | Price 41999.73 | Qty 46
WASH_TRADE,MEDIUM,2026-03-03T19:34:37.521122,Trader T0247 | ETHUSDT | Price 2299.48 | Qty 22
WASH_TRADE,MEDIUM,2026-03-03T19:34:37.525402,Trader T0247 | ETHUSDT | Price 2297.77 | Qty 28
WASH_TRADE,MEDIUM,2026-03-03T19:34:37.526564,Trader T0247 | ETHUSDT | Price 2300.47 | Qty 42
WASH_TRADE,MEDIUM,2026-03-03T19:34:37.528331,Trader T0247 | SOLUSDT | Price 97.14 | Qty 20
WASH_TRADE,HIGH,2026-03-03T19:34:37.530557,Trader T0247 | SOLUSDT | Price 98.74 | Qty 52
WASH_TRADE,MEDIUM,2026-03-03T19:34:37.530806,Trader T0247 | SOLUSDT | Price 98.01 | Qty 32
WASH_TRADE,HIGH,2026-03-03T19:34:37.538370,Trader T0248 | BTCUSDT | Price 42002.21 | Qty 56
WASH_TRADE,MEDIUM,2026-03-03T19:34:37.545933,Trader T0248 | ETHUSDT | Price 2300.41 | Qty 48
WASH_TRADE,MEDIUM,2026-03-03T19:34:37.546934,Trader T0248 | ETHUSDT | Price 2301.98 | Qty 30
WASH_TRADE,MEDIUM,2026-03-03T19:34:37.548698,Trader T0248 | SOLUSDT | Price 91.53 | Qty 50
WASH_TRADE,MEDIUM,2026-03-03T19:34:37.552120,Trader T0248 | SOLUSDT | Price 93.45 | Qty 46
WASH_TRADE,MEDIUM,2026-03-03T19:34:37.556755,Trader T0249 | BTCUSDT | Price 41997.08 | Qty 44
WASH_TRADE,MEDIUM,2026-03-03T19:34:37.559536,Trader T0249 | BTCUSDT | Price 41999.41 | Qty 22
WASH_TRADE,MEDIUM,2026-03-03T19:34:37.564978,Trader T0249 | ETHUSDT | Price 2300.04 | Qty 44
WASH_TRADE,HIGH,2026-03-03T19:34:37.567522,Trader T0249 | ETHUSDT | Price 2301.96 | Qty 60
WASH_TRADE,MEDIUM,2026-03-03T19:34:37.568702,Trader T0249 | ETHUSDT | Price 2300.56 | Qty 32
WASH_TRADE,MEDIUM,2026-03-03T19:34:37.575652,Trader T0250 | BTCUSDT | Price 42001.98 | Qty 50
WASH_TRADE,MEDIUM,2026-03-03T19:34:37.577965,Trader T0250 | BTCUSDT | Price 42000.95 | Qty 28
WASH_TRADE,MEDIUM,2026-03-03T19:34:37.578666,Trader T0250 | BTCUSDT | Price 41999.14 | Qty 40
WASH_TRADE,HIGH,2026-03-03T19:34:37.583542,Trader T0250 | ETHUSDT | Price 2298.15 | Qty 56
WASH_TRADE,HIGH,2026-03-03T19:34:37.586630,Trader T0250 | ETHUSDT | Price 2301.64 | Qty 54
WASH_TRADE,MEDIUM,2026-03-03T19:34:37.589067,Trader T0250 | SOLUSDT | Price 93.68 | Qty 32
WASH_TRADE,MEDIUM,2026-03-03T19:34:37.590510,Trader T0250 | SOLUSDT | Price 98.04 | Qty 40
WASH_TRADE,HIGH,2026-03-03T19:34:37.593220,Trader T0250 | SOLUSDT | Price 97.37 | Qty 56
WASH_TRADE,MEDIUM,2026-03-03T19:34:37.595244,Trader T0251 | BTCUSDT | Price 41998.72 | Qty 46
WASH_TRADE,HIGH,2026-03-03T19:34:37.596192,Trader T0251 | BTCUSDT | Price 41998.87 | Qty 54
WASH_TRADE,MEDIUM,2026-03-03T19:34:37.598804,Trader T0251 | BTCUSDT | Price 41999.58 | Qty 42
WASH_TRADE,MEDIUM,2026-03-03T19:34:37.599919,Trader T0251 | BTCUSDT | Price 41999.76 | Qty 22
WASH_TRADE,HIGH,2026-03-03T19:34:37.602633,Trader T0251 | ETHUSDT | Price 2300.57 | Qty 56
WASH_TRADE,HIGH,2026-03-03T19:34:37.607047,Trader T0251 | SOLUSDT | Price 94.98 | Qty 56
WASH_TRADE,MEDIUM,2026-03-03T19:34:37.608983,Trader T0251 | SOLUSDT | Price 96.04 | Qty 36
WASH_TRADE,MEDIUM,2026-03-03T19:34:37.609189,Trader T0251 | SOLUSDT | Price 95.3 | Qty 24
WASH_TRADE,HIGH,2026-03-03T19:34:37.610156,Trader T0251 | SOLUSDT | Price 98.43 | Qty 52
WASH_TRADE,MEDIUM,2026-03-03T19:34:37.610508,Trader T0251 | SOLUSDT | Price 93.88 | Qty 22
WASH_TRADE,MEDIUM,2026-03-03T19:34:37.611462,Trader T0251 | SOLUSDT | Price 98.58 | Qty 46
WASH_TRADE,MEDIUM,2026-03-03T19:34:37.614109,Trader T0252 | BTCUSDT | Price 41996.22 | Qty 30
WASH_TRADE,MEDIUM,2026-03-03T19:34:37.614317,Trader T0252 | BTCUSDT | Price 41999.86 | Qty 38
WASH_TRADE,MEDIUM,2026-03-03T19:34:37.614584,Trader T0252 | BTCUSDT | Price 41997.99 | Qty 50
WASH_TRADE,MEDIUM,2026-03-03T19:34:37.614914,Trader T0252 | BTCUSDT | Price 42000.46 | Qty 44
WASH_TRADE,MEDIUM,2026-03-03T19:34:37.615672,Trader T0252 | BTCUSDT | Price 41998.17 | Qty 20
WASH_TRADE,MEDIUM,2026-03-03T19:34:37.620516,Trader T0252 | ETHUSDT | Price 2300.45 | Qty 38
WASH_TRADE,HIGH,2026-03-03T19:34:37.624792,Trader T0252 | ETHUSDT | Price 2297.25 | Qty 60
WASH_TRADE,MEDIUM,2026-03-03T19:34:37.624978,Trader T0252 | ETHUSDT | Price 2295.63 | Qty 42
WASH_TRADE,HIGH,2026-03-03T19:34:37.625443,Trader T0252 | ETHUSDT | Price 2298.03 | Qty 60
WASH_TRADE,MEDIUM,2026-03-03T19:34:37.627733,Trader T0252 | SOLUSDT | Price 96.39 | Qty 32
WASH_TRADE,MEDIUM,2026-03-03T19:34:37.628080,Trader T0252 | SOLUSDT | Price 95.79 | Qty 30
WASH_TRADE,HIGH,2026-03-03T19:34:37.628413,Trader T0252 | SOLUSDT | Price 94.36 | Qty 58
WASH_TRADE,MEDIUM,2026-03-03T19:34:37.629001,Trader T0252 | SOLUSDT | Price 96.91 | Qty 26
WASH_TRADE,MEDIUM,2026-03-03T19:34:37.632139,Trader T0252 | SOLUSDT | Price 93.14 | Qty 44
WASH_TRADE,MEDIUM,2026-03-03T19:34:37.632263,Trader T0252 | SOLUSDT | Price 93.8 | Qty 44
WASH_TRADE,MEDIUM,2026-03-03T19:34:37.633464,Trader T0252 | SOLUSDT | Price 96.81 | Qty 34
WASH_TRADE,MEDIUM,2026-03-03T19:34:37.633703,Trader T0253 | BTCUSDT | Price 41997.9 | Qty 38
WASH_TRADE,MEDIUM,2026-03-03T19:34:37.633793,Trader T0253 | BTCUSDT | Price 41999.24 | Qty 34
WASH_TRADE,MEDIUM,2026-03-03T19:34:37.635657,Trader T0253 | BTCUSDT | Price 42001.26 | Qty 28
WASH_TRADE,MEDIUM,2026-03-03T19:34:37.635704,Trader T0253 | BTCUSDT | Price 41996.62 | Qty 44
WASH_TRADE,MEDIUM,2026-03-03T19:34:37.637840,Trader T0253 | BTCUSDT | Price 41998.57 | Qty 20
WASH_TRADE,MEDIUM,2026-03-03T19:34:37.640710,Trader T0253 | ETHUSDT | Price 2297.52 | Qty 32
WASH_TRADE,MEDIUM,2026-03-03T19:34:37.645662,Trader T0253 | ETHUSDT | Price 2301.85 | Qty 48
WASH_TRADE,MEDIUM,2026-03-03T19:34:37.646505,Trader T0253 | ETHUSDT | Price 2301.63 | Qty 20
WASH_TRADE,MEDIUM,2026-03-03T19:34:37.646959,Trader T0253 | ETHUSDT | Price 2295.1 | Qty 30
WASH_TRADE,MEDIUM,2026-03-03T19:34:37.648132,Trader T0253 | SOLUSDT | Price 96.65 | Qty 30
WASH_TRADE,HIGH,2026-03-03T19:34:37.651861,Trader T0253 | SOLUSDT | Price 95.7 | Qty 52
WASH_TRADE,MEDIUM,2026-03-03T19:34:37.653788,Trader T0254 | BTCUSDT | Price 41998.31 | Qty 38
WASH_TRADE,MEDIUM,2026-03-03T19:34:37.654263,Trader T0254 | BTCUSDT | Price 41999.14 | Qty 30
WASH_TRADE,MEDIUM,2026-03-03T19:34:37.655379,Trader T0254 | BTCUSDT | Price 42002.2 | Qty 46
WASH_TRADE,MEDIUM,2026-03-03T19:34:37.657850,Trader T0254 | BTCUSDT | Price 42001.53 | Qty 22
WASH_TRADE,MEDIUM,2026-03-03T19:34:37.660366,Trader T0254 | ETHUSDT | Price 2299.01 | Qty 48
WASH_TRADE,MEDIUM,2026-03-03T19:34:37.660871,Trader T0254 | ETHUSDT | Price 2300.0 | Qty 34
WASH_TRADE,MEDIUM,2026-03-03T19:34:37.662840,Trader T0254 | ETHUSDT | Price 2298.77 | Qty 48
WASH_TRADE,MEDIUM,2026-03-03T19:34:37.663114,Trader T0254 | ETHUSDT | Price 2300.07 | Qty 34
WASH_TRADE,HIGH,2026-03-03T19:34:37.663857,Trader T0254 | ETHUSDT | Price 2300.68 | Qty 52
WASH_TRADE,MEDIUM,2026-03-03T19:34:37.664916,Trader T0254 | ETHUSDT | Price 2301.25 | Qty 42
WASH_TRADE,MEDIUM,2026-03-03T19:34:37.667788,Trader T0254 | SOLUSDT | Price 98.83 | Qty 42
WASH_TRADE,MEDIUM,2026-03-03T19:34:37.668649,Trader T0254 | SOLUSDT | Price 94.28 | Qty 32
WASH_TRADE,MEDIUM,2026-03-03T19:34:37.668907,Trader T0254 | SOLUSDT | Price 95.41 | Qty 20
WASH_TRADE,MEDIUM,2026-03-03T19:34:37.669056,Trader T0254 | SOLUSDT | Price 93.91 | Qty 30
WASH_TRADE,MEDIUM,2026-03-03T19:34:37.671939,Trader T0255 | BTCUSDT | Price 41997.47 | Qty 32
WASH_TRADE,HIGH,2026-03-03T19:34:37.673525,Trader T0255 | BTCUSDT | Price 41999.75 | Qty 56
WASH_TRADE,MEDIUM,2026-03-03T19:34:37.674761,Trader T0255 | BTCUSDT | Price 41999.96 | Qty 28
WASH_TRADE,HIGH,2026-03-03T19:34:37.676292,Trader T0255 | BTCUSDT | Price 41998.87 | Qty 54
WASH_TRADE,MEDIUM,2026-03-03T19:34:37.677460,Trader T0255 | BTCUSDT | Price 42000.66 | Qty 34
WASH_TRADE,HIGH,2026-03-03T19:34:37.683832,Trader T0255 | ETHUSDT | Price 2301.22 | Qty 60
WASH_TRADE,MEDIUM,2026-03-03T19:34:37.686848,Trader T0255 | SOLUSDT | Price 91.49 | Qty 42
WASH_TRADE,MEDIUM,2026-03-03T19:34:37.687935,Trader T0255 | SOLUSDT | Price 93.86 | Qty 34
WASH_TRADE,MEDIUM,2026-03-03T19:34:37.689131,Trader T0255 | SOLUSDT | Price 95.37 | Qty 38
WASH_TRADE,HIGH,2026-03-03T19:34:37.690893,Trader T0255 | SOLUSDT | Price 92.53 | Qty 52
WASH_TRADE,MEDIUM,2026-03-03T19:34:37.692447,Trader T0256 | BTCUSDT | Price 42000.39 | Qty 36
WASH_TRADE,HIGH,2026-03-03T19:34:37.693433,Trader T0256 | BTCUSDT | Price 42001.02 | Qty 56
WASH_TRADE,MEDIUM,2026-03-03T19:34:37.694233,Trader T0256 | BTCUSDT | Price 42001.7 | Qty 32
WASH_TRADE,HIGH,2026-03-03T19:34:37.694493,Trader T0256 | BTCUSDT | Price 42003.13 | Qty 52
WASH_TRADE,MEDIUM,2026-03-03T19:34:37.697313,Trader T0256 | BTCUSDT | Price 41997.57 | Qty 40
WASH_TRADE,MEDIUM,2026-03-03T19:34:37.700738,Trader T0256 | ETHUSDT | Price 2298.18 | Qty 40
WASH_TRADE,MEDIUM,2026-03-03T19:34:37.701214,Trader T0256 | ETHUSDT | Price 2302.55 | Qty 40
WASH_TRADE,MEDIUM,2026-03-03T19:34:37.701807,Trader T0256 | ETHUSDT | Price 2298.05 | Qty 50
WASH_TRADE,MEDIUM,2026-03-03T19:34:37.706402,Trader T0256 | SOLUSDT | Price 95.44 | Qty 50
WASH_TRADE,MEDIUM,2026-03-03T19:34:37.708818,Trader T0256 | SOLUSDT | Price 94.29 | Qty 36
WASH_TRADE,MEDIUM,2026-03-03T19:34:37.710729,Trader T0257 | BTCUSDT | Price 42000.84 | Qty 46
WASH_TRADE,MEDIUM,2026-03-03T19:34:37.722740,Trader T0257 | SOLUSDT | Price 92.51 | Qty 48
WASH_TRADE,MEDIUM,2026-03-03T19:34:37.722818,Trader T0257 | SOLUSDT | Price 94.95 | Qty 30
WASH_TRADE,MEDIUM,2026-03-03T19:34:37.726563,Trader T0257 | SOLUSDT | Price 97.98 | Qty 26
WASH_TRADE,MEDIUM,2026-03-03T19:34:37.727357,Trader T0257 | SOLUSDT | Price 92.34 | Qty 28
WASH_TRADE,MEDIUM,2026-03-03T19:34:37.727662,Trader T0257 | SOLUSDT | Price 93.99 | Qty 30
WASH_TRADE,MEDIUM,2026-03-03T19:34:37.727990,Trader T0257 | SOLUSDT | Price 94.37 | Qty 50
WASH_TRADE,HIGH,2026-03-03T19:34:37.731553,Trader T0258 | BTCUSDT | Price 41998.29 | Qty 60
WASH_TRADE,MEDIUM,2026-03-03T19:34:37.732409,Trader T0258 | BTCUSDT | Price 41998.23 | Qty 44
WASH_TRADE,MEDIUM,2026-03-03T19:34:37.732585,Trader T0258 | BTCUSDT | Price 41999.67 | Qty 42
WASH_TRADE,MEDIUM,2026-03-03T19:34:37.733755,Trader T0258 | BTCUSDT | Price 42002.15 | Qty 34
WASH_TRADE,MEDIUM,2026-03-03T19:34:37.734873,Trader T0258 | ETHUSDT | Price 2299.74 | Qty 40
WASH_TRADE,MEDIUM,2026-03-03T19:34:37.737281,Trader T0258 | ETHUSDT | Price 2300.3 | Qty 38
WASH_TRADE,HIGH,2026-03-03T19:34:37.740797,Trader T0258 | SOLUSDT | Price 96.6 | Qty 56
WASH_TRADE,HIGH,2026-03-03T19:34:37.747960,Trader T0259 | BTCUSDT | Price 42001.11 | Qty 54
WASH_TRADE,MEDIUM,2026-03-03T19:34:37.749491,Trader T0259 | BTCUSDT | Price 42002.87 | Qty 26
WASH_TRADE,HIGH,2026-03-03T19:34:37.750227,Trader T0259 | BTCUSDT | Price 41998.05 | Qty 54
WASH_TRADE,MEDIUM,2026-03-03T19:34:37.751324,Trader T0259 | BTCUSDT | Price 41998.25 | Qty 26
WASH_TRADE,MEDIUM,2026-03-03T19:34:37.751655,Trader T0259 | BTCUSDT | Price 42002.46 | Qty 36
WASH_TRADE,HIGH,2026-03-03T19:34:37.755933,Trader T0259 | ETHUSDT | Price 2297.22 | Qty 60
WASH_TRADE,MEDIUM,2026-03-03T19:34:37.757536,Trader T0259 | ETHUSDT | Price 2299.57 | Qty 44
WASH_TRADE,MEDIUM,2026-03-03T19:34:37.757635,Trader T0259 | ETHUSDT | Price 2298.34 | Qty 42
WASH_TRADE,HIGH,2026-03-03T19:34:37.758953,Trader T0259 | SOLUSDT | Price 99.5 | Qty 58
WASH_TRADE,HIGH,2026-03-03T19:34:37.760615,Trader T0259 | SOLUSDT | Price 95.37 | Qty 54
WASH_TRADE,MEDIUM,2026-03-03T19:34:37.762050,Trader T0259 | SOLUSDT | Price 93.9 | Qty 20
WASH_TRADE,MEDIUM,2026-03-03T19:34:37.764727,Trader T0259 | SOLUSDT | Price 94.83 | Qty 22
WASH_TRADE,MEDIUM,2026-03-03T19:34:37.768459,Trader T0260 | BTCUSDT | Price 41997.9 | Qty 40
WASH_TRADE,MEDIUM,2026-03-03T19:34:37.769799,Trader T0260 | BTCUSDT | Price 42002.32 | Qty 26
WASH_TRADE,MEDIUM,2026-03-03T19:34:37.775485,Trader T0260 | ETHUSDT | Price 2299.47 | Qty 20
WASH_TRADE,MEDIUM,2026-03-03T19:34:37.779049,Trader T0260 | SOLUSDT | Price 94.17 | Qty 20
WASH_TRADE,MEDIUM,2026-03-03T19:34:37.782450,Trader T0260 | SOLUSDT | Price 92.3 | Qty 24
WASH_TRADE,MEDIUM,2026-03-03T19:34:37.783665,Trader T0260 | SOLUSDT | Price 92.22 | Qty 30
WASH_TRADE,MEDIUM,2026-03-03T19:34:37.789126,Trader T0261 | BTCUSDT | Price 42002.0 | Qty 38
WASH_TRADE,MEDIUM,2026-03-03T19:34:37.789441,Trader T0261 | BTCUSDT | Price 41997.96 | Qty 42
WASH_TRADE,MEDIUM,2026-03-03T19:34:37.796910,Trader T0261 | SOLUSDT | Price 92.86 | Qty 44
WASH_TRADE,MEDIUM,2026-03-03T19:34:37.797008,Trader T0261 | SOLUSDT | Price 93.95 | Qty 32
WASH_TRADE,MEDIUM,2026-03-03T19:34:37.797853,Trader T0261 | SOLUSDT | Price 94.24 | Qty 36
WASH_TRADE,MEDIUM,2026-03-03T19:34:37.798800,Trader T0261 | SOLUSDT | Price 97.88 | Qty 22
WASH_TRADE,MEDIUM,2026-03-03T19:34:37.798967,Trader T0261 | SOLUSDT | Price 93.87 | Qty 22
WASH_TRADE,MEDIUM,2026-03-03T19:34:37.800901,Trader T0261 | SOLUSDT | Price 94.24 | Qty 32
WASH_TRADE,HIGH,2026-03-03T19:34:37.827131,Trader T0262 | ETHUSDT | Price 2301.66 | Qty 58
WASH_TRADE,MEDIUM,2026-03-03T19:34:37.830264,Trader T0262 | ETHUSDT | Price 2301.48 | Qty 48
WASH_TRADE,HIGH,2026-03-03T19:34:37.830337,Trader T0262 | ETHUSDT | Price 2299.7 | Qty 54
WASH_TRADE,MEDIUM,2026-03-03T19:34:37.834016,Trader T0262 | SOLUSDT | Price 96.63 | Qty 48
WASH_TRADE,MEDIUM,2026-03-03T19:34:37.835364,Trader T0262 | SOLUSDT | Price 96.38 | Qty 30
WASH_TRADE,MEDIUM,2026-03-03T19:34:37.840143,Trader T0263 | BTCUSDT | Price 42000.98 | Qty 40
WASH_TRADE,MEDIUM,2026-03-03T19:34:37.840845,Trader T0263 | BTCUSDT | Price 41998.82 | Qty 46
WASH_TRADE,HIGH,2026-03-03T19:34:37.842484,Trader T0263 | BTCUSDT | Price 41997.34 | Qty 56
WASH_TRADE,MEDIUM,2026-03-03T19:34:37.843736,Trader T0263 | ETHUSDT | Price 2305.24 | Qty 44
WASH_TRADE,MEDIUM,2026-03-03T19:34:37.847380,Trader T0263 | ETHUSDT | Price 2305.69 | Qty 20
WASH_TRADE,MEDIUM,2026-03-03T19:34:37.849245,Trader T0263 | ETHUSDT | Price 2300.99 | Qty 46
WASH_TRADE,HIGH,2026-03-03T19:34:37.854817,Trader T0263 | SOLUSDT | Price 94.15 | Qty 52
WASH_TRADE,MEDIUM,2026-03-03T19:34:37.856747,Trader T0264 | BTCUSDT | Price 42000.91 | Qty 40
WASH_TRADE,MEDIUM,2026-03-03T19:34:37.862899,Trader T0264 | ETHUSDT | Price 2299.76 | Qty 46
WASH_TRADE,MEDIUM,2026-03-03T19:34:37.863172,Trader T0264 | ETHUSDT | Price 2299.97 | Qty 32
WASH_TRADE,MEDIUM,2026-03-03T19:34:37.869882,Trader T0264 | SOLUSDT | Price 96.65 | Qty 40
WASH_TRADE,MEDIUM,2026-03-03T19:34:37.869999,Trader T0264 | SOLUSDT | Price 95.31 | Qty 42
WASH_TRADE,MEDIUM,2026-03-03T19:34:37.875127,Trader T0265 | BTCUSDT | Price 41997.32 | Qty 36
WASH_TRADE,MEDIUM,2026-03-03T19:34:37.877349,Trader T0265 | BTCUSDT | Price 41998.8 | Qty 30
WASH_TRADE,MEDIUM,2026-03-03T19:34:37.884046,Trader T0265 | ETHUSDT | Price 2298.16 | Qty 34
WASH_TRADE,MEDIUM,2026-03-03T19:34:37.889601,Trader T0265 | SOLUSDT | Price 95.71 | Qty 50
WASH_TRADE,MEDIUM,2026-03-03T19:34:37.902514,Trader T0266 | ETHUSDT | Price 2297.12 | Qty 28
WASH_TRADE,MEDIUM,2026-03-03T19:34:37.907429,Trader T0266 | SOLUSDT | Price 93.8 | Qty 46
WASH_TRADE,HIGH,2026-03-03T19:34:37.908550,Trader T0266 | SOLUSDT | Price 94.42 | Qty 52
WASH_TRADE,MEDIUM,2026-03-03T19:34:37.911558,Trader T0267 | BTCUSDT | Price 41999.61 | Qty 30
WASH_TRADE,MEDIUM,2026-03-03T19:34:37.912881,Trader T0267 | BTCUSDT | Price 42001.01 | Qty 22
WASH_TRADE,HIGH,2026-03-03T19:34:37.919125,Trader T0267 | ETHUSDT | Price 2296.58 | Qty 56
WASH_TRADE,MEDIUM,2026-03-03T19:34:37.922306,Trader T0267 | ETHUSDT | Price 2300.5 | Qty 36
WASH_TRADE,MEDIUM,2026-03-03T19:34:37.924401,Trader T0267 | SOLUSDT | Price 98.64 | Qty 32
WASH_TRADE,MEDIUM,2026-03-03T19:34:37.927270,Trader T0267 | SOLUSDT | Price 92.45 | Qty 38
WASH_TRADE,MEDIUM,2026-03-03T19:34:37.928660,Trader T0267 | SOLUSDT | Price 93.68 | Qty 50
WASH_TRADE,MEDIUM,2026-03-03T19:34:37.930756,Trader T0268 | BTCUSDT | Price 42003.65 | Qty 48
WASH_TRADE,MEDIUM,2026-03-03T19:34:37.932786,Trader T0268 | BTCUSDT | Price 41996.4 | Qty 30
WASH_TRADE,MEDIUM,2026-03-03T19:34:37.933214,Trader T0268 | BTCUSDT | Price 41997.65 | Qty 48
WASH_TRADE,MEDIUM,2026-03-03T19:34:37.934669,Trader T0268 | BTCUSDT | Price 41999.91 | Qty 26
WASH_TRADE,MEDIUM,2026-03-03T19:34:37.936931,Trader T0268 | BTCUSDT | Price 42002.88 | Qty 36
WASH_TRADE,HIGH,2026-03-03T19:34:37.940039,Trader T0268 | ETHUSDT | Price 2302.79 | Qty 60
WASH_TRADE,HIGH,2026-03-03T19:34:37.940842,Trader T0268 | ETHUSDT | Price 2299.03 | Qty 54
WASH_TRADE,MEDIUM,2026-03-03T19:34:37.941403,Trader T0268 | ETHUSDT | Price 2304.2 | Qty 44
WASH_TRADE,HIGH,2026-03-03T19:34:37.943396,Trader T0268 | ETHUSDT | Price 2298.3 | Qty 60
WASH_TRADE,MEDIUM,2026-03-03T19:34:37.950008,Trader T0268 | SOLUSDT | Price 93.6 | Qty 28
WASH_TRADE,MEDIUM,2026-03-03T19:34:37.954436,Trader T0269 | BTCUSDT | Price 41999.31 | Qty 28
WASH_TRADE,MEDIUM,2026-03-03T19:34:37.955868,Trader T0269 | BTCUSDT | Price 41999.39 | Qty 34
WASH_TRADE,MEDIUM,2026-03-03T19:34:37.961070,Trader T0269 | ETHUSDT | Price 2299.88 | Qty 50
WASH_TRADE,MEDIUM,2026-03-03T19:34:37.962891,Trader T0269 | SOLUSDT | Price 95.38 | Qty 22
WASH_TRADE,MEDIUM,2026-03-03T19:34:37.966629,Trader T0269 | SOLUSDT | Price 97.36 | Qty 20
WASH_TRADE,MEDIUM,2026-03-03T19:34:37.972856,Trader T0270 | BTCUSDT | Price 41999.69 | Qty 38
WASH_TRADE,MEDIUM,2026-03-03T19:34:37.975834,Trader T0270 | ETHUSDT | Price 2302.86 | Qty 50
WASH_TRADE,MEDIUM,2026-03-03T19:34:37.977714,Trader T0270 | ETHUSDT | Price 2302.85 | Qty 22
WASH_TRADE,MEDIUM,2026-03-03T19:34:37.977947,Trader T0270 | ETHUSDT | Price 2298.43 | Qty 36
WASH_TRADE,MEDIUM,2026-03-03T19:34:37.980342,Trader T0270 | ETHUSDT | Price 2298.59 | Qty 22
WASH_TRADE,MEDIUM,2026-03-03T19:34:37.992109,Trader T0271 | BTCUSDT | Price 42001.34 | Qty 32
WASH_TRADE,MEDIUM,2026-03-03T19:34:37.995357,Trader T0271 | ETHUSDT | Price 2302.34 | Qty 42
WASH_TRADE,MEDIUM,2026-03-03T19:34:37.997050,Trader T0271 | ETHUSDT | Price 2298.08 | Qty 36
WASH_TRADE,HIGH,2026-03-03T19:34:38.000089,Trader T0271 | ETHUSDT | Price 2298.8 | Qty 58
WASH_TRADE,MEDIUM,2026-03-03T19:34:38.004036,Trader T0271 | SOLUSDT | Price 95.33 | Qty 50
WASH_TRADE,HIGH,2026-03-03T19:34:38.011637,Trader T0272 | BTCUSDT | Price 41999.11 | Qty 56
WASH_TRADE,HIGH,2026-03-03T19:34:38.013089,Trader T0272 | BTCUSDT | Price 42001.11 | Qty 52
WASH_TRADE,MEDIUM,2026-03-03T19:34:38.015829,Trader T0272 | ETHUSDT | Price 2301.54 | Qty 32
WASH_TRADE,MEDIUM,2026-03-03T19:34:38.017733,Trader T0272 | ETHUSDT | Price 2300.88 | Qty 20
WASH_TRADE,HIGH,2026-03-03T19:34:38.018801,Trader T0272 | ETHUSDT | Price 2299.51 | Qty 60
WASH_TRADE,MEDIUM,2026-03-03T19:34:38.019483,Trader T0272 | ETHUSDT | Price 2299.47 | Qty 48
WASH_TRADE,MEDIUM,2026-03-03T19:34:38.019752,Trader T0272 | ETHUSDT | Price 2299.45 | Qty 38
WASH_TRADE,MEDIUM,2026-03-03T19:34:38.021074,Trader T0272 | SOLUSDT | Price 96.32 | Qty 42
WASH_TRADE,MEDIUM,2026-03-03T19:34:38.021824,Trader T0272 | SOLUSDT | Price 98.82 | Qty 46
WASH_TRADE,HIGH,2026-03-03T19:34:38.022018,Trader T0272 | SOLUSDT | Price 95.68 | Qty 54
WASH_TRADE,MEDIUM,2026-03-03T19:34:38.022073,Trader T0272 | SOLUSDT | Price 95.77 | Qty 42
WASH_TRADE,MEDIUM,2026-03-03T19:34:38.024918,Trader T0272 | SOLUSDT | Price 99.08 | Qty 36
WASH_TRADE,MEDIUM,2026-03-03T19:34:38.025654,Trader T0272 | SOLUSDT | Price 97.93 | Qty 28
WASH_TRADE,MEDIUM,2026-03-03T19:34:38.028711,Trader T0273 | BTCUSDT | Price 42002.34 | Qty 44
WASH_TRADE,HIGH,2026-03-03T19:34:38.030293,Trader T0273 | BTCUSDT | Price 42005.79 | Qty 52
WASH_TRADE,MEDIUM,2026-03-03T19:34:38.031960,Trader T0273 | BTCUSDT | Price 42002.32 | Qty 20
WASH_TRADE,MEDIUM,2026-03-03T19:34:38.032623,Trader T0273 | BTCUSDT | Price 41998.43 | Qty 32
WASH_TRADE,MEDIUM,2026-03-03T19:34:38.036638,Trader T0273 | ETHUSDT | Price 2306.43 | Qty 32
WASH_TRADE,MEDIUM,2026-03-03T19:34:38.042079,Trader T0273 | SOLUSDT | Price 94.92 | Qty 46
WASH_TRADE,MEDIUM,2026-03-03T19:34:38.043648,Trader T0273 | SOLUSDT | Price 97.39 | Qty 48
WASH_TRADE,MEDIUM,2026-03-03T19:34:38.049041,Trader T0274 | BTCUSDT | Price 42000.5 | Qty 38
WASH_TRADE,MEDIUM,2026-03-03T19:34:38.051929,Trader T0274 | BTCUSDT | Price 41995.71 | Qty 46
WASH_TRADE,MEDIUM,2026-03-03T19:34:38.052812,Trader T0274 | BTCUSDT | Price 42001.04 | Qty 22
WASH_TRADE,MEDIUM,2026-03-03T19:34:38.055237,Trader T0274 | ETHUSDT | Price 2300.28 | Qty 26
WASH_TRADE,MEDIUM,2026-03-03T19:34:38.056750,Trader T0274 | ETHUSDT | Price 2300.16 | Qty 38
WASH_TRADE,MEDIUM,2026-03-03T19:34:38.059730,Trader T0274 | ETHUSDT | Price 2300.21 | Qty 30
WASH_TRADE,MEDIUM,2026-03-03T19:34:38.060975,Trader T0274 | SOLUSDT | Price 92.17 | Qty 44
WASH_TRADE,HIGH,2026-03-03T19:34:38.061318,Trader T0274 | SOLUSDT | Price 94.71 | Qty 54
WASH_TRADE,MEDIUM,2026-03-03T19:34:38.062995,Trader T0274 | SOLUSDT | Price 95.92 | Qty 20
WASH_TRADE,MEDIUM,2026-03-03T19:34:38.064468,Trader T0274 | SOLUSDT | Price 95.6 | Qty 26
WASH_TRADE,MEDIUM,2026-03-03T19:34:38.065342,Trader T0274 | SOLUSDT | Price 97.66 | Qty 30
WASH_TRADE,MEDIUM,2026-03-03T19:34:38.070404,Trader T0275 | BTCUSDT | Price 42000.31 | Qty 28
WASH_TRADE,MEDIUM,2026-03-03T19:34:38.072219,Trader T0275 | BTCUSDT | Price 41999.99 | Qty 38
WASH_TRADE,MEDIUM,2026-03-03T19:34:38.073255,Trader T0275 | ETHUSDT | Price 2298.97 | Qty 40
WASH_TRADE,HIGH,2026-03-03T19:34:38.079418,Trader T0275 | ETHUSDT | Price 2302.28 | Qty 52
WASH_TRADE,MEDIUM,2026-03-03T19:34:38.079646,Trader T0275 | ETHUSDT | Price 2300.38 | Qty 40
WASH_TRADE,MEDIUM,2026-03-03T19:34:38.079774,Trader T0275 | ETHUSDT | Price 2300.7 | Qty 28
WASH_TRADE,MEDIUM,2026-03-03T19:34:38.084382,Trader T0275 | SOLUSDT | Price 95.42 | Qty 36
WASH_TRADE,MEDIUM,2026-03-03T19:34:38.084723,Trader T0275 | SOLUSDT | Price 92.6 | Qty 32
WASH_TRADE,MEDIUM,2026-03-03T19:34:38.088244,Trader T0276 | BTCUSDT | Price 41999.99 | Qty 46
WASH_TRADE,MEDIUM,2026-03-03T19:34:38.090866,Trader T0276 | BTCUSDT | Price 42001.71 | Qty 40
WASH_TRADE,MEDIUM,2026-03-03T19:34:38.096312,Trader T0276 | ETHUSDT | Price 2299.93 | Qty 32
WASH_TRADE,MEDIUM,2026-03-03T19:34:38.100948,Trader T0276 | SOLUSDT | Price 94.55 | Qty 26
WASH_TRADE,MEDIUM,2026-03-03T19:34:38.101016,Trader T0276 | SOLUSDT | Price 94.72 | Qty 36
WASH_TRADE,MEDIUM,2026-03-03T19:34:38.102683,Trader T0276 | SOLUSDT | Price 96.37 | Qty 46
WASH_TRADE,MEDIUM,2026-03-03T19:34:38.104249,Trader T0276 | SOLUSDT | Price 93.11 | Qty 34
WASH_TRADE,MEDIUM,2026-03-03T19:34:38.107517,Trader T0277 | BTCUSDT | Price 41999.47 | Qty 48
WASH_TRADE,HIGH,2026-03-03T19:34:38.109600,Trader T0277 | BTCUSDT | Price 42004.52 | Qty 54
WASH_TRADE,MEDIUM,2026-03-03T19:34:38.111083,Trader T0277 | BTCUSDT | Price 41998.76 | Qty 46
WASH_TRADE,MEDIUM,2026-03-03T19:34:38.113796,Trader T0277 | ETHUSDT | Price 2298.44 | Qty 42
WASH_TRADE,HIGH,2026-03-03T19:34:38.116511,Trader T0277 | ETHUSDT | Price 2302.03 | Qty 54
WASH_TRADE,HIGH,2026-03-03T19:34:38.119633,Trader T0277 | SOLUSDT | Price 95.69 | Qty 60
WASH_TRADE,HIGH,2026-03-03T19:34:38.120109,Trader T0277 | SOLUSDT | Price 97.09 | Qty 58
WASH_TRADE,MEDIUM,2026-03-03T19:34:38.120588,Trader T0277 | SOLUSDT | Price 96.44 | Qty 32
WASH_TRADE,MEDIUM,2026-03-03T19:34:38.122366,Trader T0277 | SOLUSDT | Price 96.13 | Qty 46
WASH_TRADE,HIGH,2026-03-03T19:34:38.126688,Trader T0278 | BTCUSDT | Price 42001.93 | Qty 54
WASH_TRADE,MEDIUM,2026-03-03T19:34:38.128397,Trader T0278 | BTCUSDT | Price 41999.93 | Qty 42
WASH_TRADE,MEDIUM,2026-03-03T19:34:38.139715,Trader T0278 | SOLUSDT | Price 96.89 | Qty 24
WASH_TRADE,MEDIUM,2026-03-03T19:34:38.140925,Trader T0278 | SOLUSDT | Price 99.69 | Qty 22
WASH_TRADE,MEDIUM,2026-03-03T19:34:38.143442,Trader T0279 | BTCUSDT | Price 42001.5 | Qty 42
WASH_TRADE,MEDIUM,2026-03-03T19:34:38.143782,Trader T0279 | BTCUSDT | Price 42000.58 | Qty 50
WASH_TRADE,MEDIUM,2026-03-03T19:34:38.145453,Trader T0279 | BTCUSDT | Price 41999.58 | Qty 46
WASH_TRADE,MEDIUM,2026-03-03T19:34:38.147969,Trader T0279 | BTCUSDT | Price 42003.2 | Qty 50
WASH_TRADE,HIGH,2026-03-03T19:34:38.153555,Trader T0279 | ETHUSDT | Price 2301.5 | Qty 54
WASH_TRADE,MEDIUM,2026-03-03T19:34:38.153624,Trader T0279 | ETHUSDT | Price 2302.12 | Qty 48
WASH_TRADE,MEDIUM,2026-03-03T19:34:38.162222,Trader T0280 | BTCUSDT | Price 42000.81 | Qty 40
WASH_TRADE,HIGH,2026-03-03T19:34:38.167162,Trader T0280 | BTCUSDT | Price 42004.0 | Qty 58
WASH_TRADE,MEDIUM,2026-03-03T19:34:38.167415,Trader T0280 | ETHUSDT | Price 2300.68 | Qty 32
WASH_TRADE,MEDIUM,2026-03-03T19:34:38.167661,Trader T0280 | ETHUSDT | Price 2303.6 | Qty 22
WASH_TRADE,HIGH,2026-03-03T19:34:38.170999,Trader T0280 | ETHUSDT | Price 2299.02 | Qty 54
WASH_TRADE,MEDIUM,2026-03-03T19:34:38.178653,Trader T0280 | SOLUSDT | Price 99.16 | Qty 44
WASH_TRADE,MEDIUM,2026-03-03T19:34:38.178753,Trader T0280 | SOLUSDT | Price 94.23 | Qty 48
WASH_TRADE,MEDIUM,2026-03-03T19:34:38.186712,Trader T0281 | ETHUSDT | Price 2300.42 | Qty 30
WASH_TRADE,MEDIUM,2026-03-03T19:34:38.187082,Trader T0281 | ETHUSDT | Price 2297.94 | Qty 30
WASH_TRADE,MEDIUM,2026-03-03T19:34:38.191775,Trader T0281 | ETHUSDT | Price 2303.76 | Qty 44
WASH_TRADE,MEDIUM,2026-03-03T19:34:38.196892,Trader T0281 | SOLUSDT | Price 94.72 | Qty 28
WASH_TRADE,MEDIUM,2026-03-03T19:34:38.197936,Trader T0281 | SOLUSDT | Price 98.11 | Qty 44
WASH_TRADE,HIGH,2026-03-03T19:34:38.199067,Trader T0281 | SOLUSDT | Price 91.23 | Qty 54
WASH_TRADE,MEDIUM,2026-03-03T19:34:38.199703,Trader T0282 | BTCUSDT | Price 42001.52 | Qty 30
WASH_TRADE,MEDIUM,2026-03-03T19:34:38.200510,Trader T0282 | BTCUSDT | Price 41996.2 | Qty 28
WASH_TRADE,MEDIUM,2026-03-03T19:34:38.200670,Trader T0282 | BTCUSDT | Price 41999.49 | Qty 32
WASH_TRADE,HIGH,2026-03-03T19:34:38.203132,Trader T0282 | BTCUSDT | Price 41998.67 | Qty 54
WASH_TRADE,HIGH,2026-03-03T19:34:38.206253,Trader T0282 | BTCUSDT | Price 41996.84 | Qty 52
WASH_TRADE,MEDIUM,2026-03-03T19:34:38.221896,Trader T0283 | BTCUSDT | Price 42000.81 | Qty 46
WASH_TRADE,MEDIUM,2026-03-03T19:34:38.224041,Trader T0283 | BTCUSDT | Price 42005.48 | Qty 40
WASH_TRADE,HIGH,2026-03-03T19:34:38.224622,Trader T0283 | BTCUSDT | Price 41998.89 | Qty 58
WASH_TRADE,HIGH,2026-03-03T19:34:38.224866,Trader T0283 | BTCUSDT | Price 42002.63 | Qty 60
WASH_TRADE,MEDIUM,2026-03-03T19:34:38.225565,Trader T0283 | ETHUSDT | Price 2298.69 | Qty 38
WASH_TRADE,MEDIUM,2026-03-03T19:34:38.225770,Trader T0283 | ETHUSDT | Price 2300.24 | Qty 24
WASH_TRADE,HIGH,2026-03-03T19:34:38.227443,Trader T0283 | ETHUSDT | Price 2298.98 | Qty 56
WASH_TRADE,HIGH,2026-03-03T19:34:38.228365,Trader T0283 | ETHUSDT | Price 2298.75 | Qty 60
WASH_TRADE,MEDIUM,2026-03-03T19:34:38.229903,Trader T0283 | ETHUSDT | Price 2302.49 | Qty 34
WASH_TRADE,MEDIUM,2026-03-03T19:34:38.231157,Trader T0283 | ETHUSDT | Price 2298.14 | Qty 38
WASH_TRADE,HIGH,2026-03-03T19:34:38.231928,Trader T0283 | SOLUSDT | Price 94.51 | Qty 56
WASH_TRADE,HIGH,2026-03-03T19:34:38.236875,Trader T0283 | SOLUSDT | Price 94.31 | Qty 54
WASH_TRADE,MEDIUM,2026-03-03T19:34:38.239191,Trader T0284 | BTCUSDT | Price 41998.88 | Qty 26
WASH_TRADE,MEDIUM,2026-03-03T19:34:38.241557,Trader T0284 | BTCUSDT | Price 41998.33 | Qty 48
WASH_TRADE,HIGH,2026-03-03T19:34:38.242067,Trader T0284 | BTCUSDT | Price 41999.78 | Qty 58
WASH_TRADE,MEDIUM,2026-03-03T19:34:38.243031,Trader T0284 | BTCUSDT | Price 42001.43 | Qty 34
WASH_TRADE,MEDIUM,2026-03-03T19:34:38.243153,Trader T0284 | BTCUSDT | Price 41998.47 | Qty 48
WASH_TRADE,MEDIUM,2026-03-03T19:34:38.244769,Trader T0284 | ETHUSDT | Price 2297.57 | Qty 20
WASH_TRADE,HIGH,2026-03-03T19:34:38.245816,Trader T0284 | ETHUSDT | Price 2301.08 | Qty 58
WASH_TRADE,MEDIUM,2026-03-03T19:34:38.247647,Trader T0284 | ETHUSDT | Price 2300.65 | Qty 48
WASH_TRADE,MEDIUM,2026-03-03T19:34:38.248530,Trader T0284 | ETHUSDT | Price 2298.83 | Qty 36
WASH_TRADE,HIGH,2026-03-03T19:34:38.249022,Trader T0284 | ETHUSDT | Price 2299.84 | Qty 52
WASH_TRADE,MEDIUM,2026-03-03T19:34:38.251995,Trader T0284 | SOLUSDT | Price 97.93 | Qty 22
WASH_TRADE,MEDIUM,2026-03-03T19:34:38.255945,Trader T0284 | SOLUSDT | Price 94.22 | Qty 50
WASH_TRADE,MEDIUM,2026-03-03T19:34:38.256866,Trader T0285 | BTCUSDT | Price 41997.72 | Qty 44
WASH_TRADE,HIGH,2026-03-03T19:34:38.258675,Trader T0285 | BTCUSDT | Price 42000.53 | Qty 58
WASH_TRADE,MEDIUM,2026-03-03T19:34:38.259223,Trader T0285 | BTCUSDT | Price 42001.53 | Qty 32
WASH_TRADE,MEDIUM,2026-03-03T19:34:38.261911,Trader T0285 | BTCUSDT | Price 41999.43 | Qty 38
WASH_TRADE,MEDIUM,2026-03-03T19:34:38.267718,Trader T0285 | ETHUSDT | Price 2303.65 | Qty 20
WASH_TRADE,HIGH,2026-03-03T19:34:38.268483,Trader T0285 | ETHUSDT | Price 2300.95 | Qty 60
WASH_TRADE,MEDIUM,2026-03-03T19:34:38.271470,Trader T0285 | SOLUSDT | Price 94.62 | Qty 40
WASH_TRADE,MEDIUM,2026-03-03T19:34:38.273105,Trader T0285 | SOLUSDT | Price 92.46 | Qty 40
WASH_TRADE,MEDIUM,2026-03-03T19:34:38.275816,Trader T0286 | BTCUSDT | Price 41997.9 | Qty 28
WASH_TRADE,MEDIUM,2026-03-03T19:34:38.276282,Trader T0286 | BTCUSDT | Price 42002.75 | Qty 32
WASH_TRADE,MEDIUM,2026-03-03T19:34:38.277014,Trader T0286 | BTCUSDT | Price 42000.98 | Qty 40
WASH_TRADE,MEDIUM,2026-03-03T19:34:38.277771,Trader T0286 | BTCUSDT | Price 42004.25 | Qty 44
WASH_TRADE,MEDIUM,2026-03-03T19:34:38.279839,Trader T0286 | BTCUSDT | Price 42001.59 | Qty 34
WASH_TRADE,MEDIUM,2026-03-03T19:34:38.280042,Trader T0286 | BTCUSDT | Price 41999.72 | Qty 36
WASH_TRADE,MEDIUM,2026-03-03T19:34:38.280392,Trader T0286 | BTCUSDT | Price 42001.68 | Qty 32
WASH_TRADE,MEDIUM,2026-03-03T19:34:38.281871,Trader T0286 | BTCUSDT | Price 42003.92 | Qty 46
WASH_TRADE,MEDIUM,2026-03-03T19:34:38.282109,Trader T0286 | BTCUSDT | Price 42000.75 | Qty 28
WASH_TRADE,MEDIUM,2026-03-03T19:34:38.283486,Trader T0286 | ETHUSDT | Price 2301.86 | Qty 20
WASH_TRADE,MEDIUM,2026-03-03T19:34:38.285771,Trader T0286 | ETHUSDT | Price 2299.94 | Qty 32
WASH_TRADE,MEDIUM,2026-03-03T19:34:38.288135,Trader T0286 | ETHUSDT | Price 2301.27 | Qty 36
WASH_TRADE,MEDIUM,2026-03-03T19:34:38.290794,Trader T0286 | SOLUSDT | Price 95.39 | Qty 50
WASH_TRADE,MEDIUM,2026-03-03T19:34:38.292817,Trader T0286 | SOLUSDT | Price 95.94 | Qty 26
WASH_TRADE,MEDIUM,2026-03-03T19:34:38.296666,Trader T0287 | BTCUSDT | Price 42000.09 | Qty 20
WASH_TRADE,MEDIUM,2026-03-03T19:34:38.297355,Trader T0287 | BTCUSDT | Price 42001.61 | Qty 50
WASH_TRADE,MEDIUM,2026-03-03T19:34:38.300259,Trader T0287 | BTCUSDT | Price 42000.88 | Qty 20
WASH_TRADE,MEDIUM,2026-03-03T19:34:38.304669,Trader T0287 | ETHUSDT | Price 2300.52 | Qty 34
WASH_TRADE,HIGH,2026-03-03T19:34:38.307455,Trader T0287 | ETHUSDT | Price 2302.28 | Qty 54
WASH_TRADE,MEDIUM,2026-03-03T19:34:38.314757,Trader T0287 | SOLUSDT | Price 98.12 | Qty 24
WASH_TRADE,MEDIUM,2026-03-03T19:34:38.316386,Trader T0288 | BTCUSDT | Price 42000.03 | Qty 46
WASH_TRADE,HIGH,2026-03-03T19:34:38.316984,Trader T0288 | BTCUSDT | Price 42000.52 | Qty 56
WASH_TRADE,HIGH,2026-03-03T19:34:38.318327,Trader T0288 | BTCUSDT | Price 42002.35 | Qty 56
WASH_TRADE,MEDIUM,2026-03-03T19:34:38.320582,Trader T0288 | BTCUSDT | Price 42003.32 | Qty 48
WASH_TRADE,MEDIUM,2026-03-03T19:34:38.321157,Trader T0288 | BTCUSDT | Price 42002.14 | Qty 24
WASH_TRADE,HIGH,2026-03-03T19:34:38.321737,Trader T0288 | ETHUSDT | Price 2298.35 | Qty 60
WASH_TRADE,MEDIUM,2026-03-03T19:34:38.326305,Trader T0288 | ETHUSDT | Price 2302.22 | Qty 40
WASH_TRADE,MEDIUM,2026-03-03T19:34:38.327931,Trader T0288 | ETHUSDT | Price 2302.51 | Qty 24
WASH_TRADE,MEDIUM,2026-03-03T19:34:38.329524,Trader T0288 | SOLUSDT | Price 93.58 | Qty 28
WASH_TRADE,MEDIUM,2026-03-03T19:34:38.338666,Trader T0289 | BTCUSDT | Price 42000.66 | Qty 28
WASH_TRADE,MEDIUM,2026-03-03T19:34:38.341099,Trader T0289 | ETHUSDT | Price 2302.49 | Qty 24
WASH_TRADE,MEDIUM,2026-03-03T19:34:38.341149,Trader T0289 | ETHUSDT | Price 2299.99 | Qty 22
WASH_TRADE,MEDIUM,2026-03-03T19:34:38.343145,Trader T0289 | ETHUSDT | Price 2300.12 | Qty 42
WASH_TRADE,HIGH,2026-03-03T19:34:38.343712,Trader T0289 | ETHUSDT | Price 2300.54 | Qty 56
WASH_TRADE,MEDIUM,2026-03-03T19:34:38.352631,Trader T0289 | SOLUSDT | Price 92.3 | Qty 40
WASH_TRADE,MEDIUM,2026-03-03T19:34:38.357010,Trader T0290 | BTCUSDT | Price 42000.77 | Qty 20
WASH_TRADE,HIGH,2026-03-03T19:34:38.359268,Trader T0290 | BTCUSDT | Price 42001.88 | Qty 54
WASH_TRADE,MEDIUM,2026-03-03T19:34:38.378749,Trader T0290 | ETHUSDT | Price 2296.92 | Qty 22
WASH_TRADE,MEDIUM,2026-03-03T19:34:38.380573,Trader T0290 | ETHUSDT | Price 2296.2 | Qty 28
WASH_TRADE,MEDIUM,2026-03-03T19:34:38.381612,Trader T0290 | ETHUSDT | Price 2299.24 | Qty 28
WASH_TRADE,MEDIUM,2026-03-03T19:34:38.382597,Trader T0290 | ETHUSDT | Price 2299.99 | Qty 34
WASH_TRADE,HIGH,2026-03-03T19:34:38.382837,Trader T0290 | ETHUSDT | Price 2303.43 | Qty 56
WASH_TRADE,MEDIUM,2026-03-03T19:34:38.385559,Trader T0290 | SOLUSDT | Price 94.97 | Qty 20
WASH_TRADE,HIGH,2026-03-03T19:34:38.385630,Trader T0290 | SOLUSDT | Price 91.32 | Qty 52
WASH_TRADE,MEDIUM,2026-03-03T19:34:38.387792,Trader T0290 | SOLUSDT | Price 93.92 | Qty 28
WASH_TRADE,MEDIUM,2026-03-03T19:34:38.387977,Trader T0290 | SOLUSDT | Price 93.52 | Qty 28
WASH_TRADE,MEDIUM,2026-03-03T19:34:38.390477,Trader T0290 | SOLUSDT | Price 91.58 | Qty 22
WASH_TRADE,MEDIUM,2026-03-03T19:34:38.392240,Trader T0291 | BTCUSDT | Price 42001.26 | Qty 22
WASH_TRADE,MEDIUM,2026-03-03T19:34:38.392448,Trader T0291 | BTCUSDT | Price 42001.13 | Qty 48
WASH_TRADE,MEDIUM,2026-03-03T19:34:38.398776,Trader T0291 | ETHUSDT | Price 2299.46 | Qty 40
WASH_TRADE,MEDIUM,2026-03-03T19:34:38.399111,Trader T0291 | ETHUSDT | Price 2300.74 | Qty 26
WASH_TRADE,MEDIUM,2026-03-03T19:34:38.400765,Trader T0291 | ETHUSDT | Price 2300.36 | Qty 20
WASH_TRADE,HIGH,2026-03-03T19:34:38.401181,Trader T0291 | ETHUSDT | Price 2303.21 | Qty 58
WASH_TRADE,MEDIUM,2026-03-03T19:34:38.402395,Trader T0291 | ETHUSDT | Price 2304.76 | Qty 50
WASH_TRADE,MEDIUM,2026-03-03T19:34:38.403554,Trader T0291 | ETHUSDT | Price 2299.46 | Qty 42
WASH_TRADE,MEDIUM,2026-03-03T19:34:38.404756,Trader T0291 | SOLUSDT | Price 91.67 | Qty 28
WASH_TRADE,MEDIUM,2026-03-03T19:34:38.404961,Trader T0291 | SOLUSDT | Price 95.68 | Qty 20
WASH_TRADE,HIGH,2026-03-03T19:34:38.406105,Trader T0291 | SOLUSDT | Price 91.49 | Qty 56
WASH_TRADE,MEDIUM,2026-03-03T19:34:38.408885,Trader T0291 | SOLUSDT | Price 96.13 | Qty 44
WASH_TRADE,MEDIUM,2026-03-03T19:34:38.410628,Trader T0291 | SOLUSDT | Price 93.61 | Qty 42
WASH_TRADE,MEDIUM,2026-03-03T19:34:38.414202,Trader T0292 | BTCUSDT | Price 42001.53 | Qty 44
WASH_TRADE,MEDIUM,2026-03-03T19:34:38.419415,Trader T0292 | ETHUSDT | Price 2300.03 | Qty 32
WASH_TRADE,MEDIUM,2026-03-03T19:34:38.422425,Trader T0292 | ETHUSDT | Price 2301.56 | Qty 26
WASH_TRADE,MEDIUM,2026-03-03T19:34:38.424093,Trader T0292 | SOLUSDT | Price 93.88 | Qty 42
WASH_TRADE,HIGH,2026-03-03T19:34:38.424500,Trader T0292 | SOLUSDT | Price 96.51 | Qty 56
WASH_TRADE,HIGH,2026-03-03T19:34:38.428878,Trader T0292 | SOLUSDT | Price 95.94 | Qty 52
WASH_TRADE,HIGH,2026-03-03T19:34:38.429444,Trader T0292 | SOLUSDT | Price 94.14 | Qty 56
WASH_TRADE,MEDIUM,2026-03-03T19:34:38.429726,Trader T0292 | SOLUSDT | Price 96.98 | Qty 22
WASH_TRADE,HIGH,2026-03-03T19:34:38.435060,Trader T0293 | BTCUSDT | Price 42001.25 | Qty 56
WASH_TRADE,MEDIUM,2026-03-03T19:34:38.437228,Trader T0293 | ETHUSDT | Price 2302.95 | Qty 46
WASH_TRADE,MEDIUM,2026-03-03T19:34:38.438546,Trader T0293 | ETHUSDT | Price 2299.84 | Qty 36
WASH_TRADE,HIGH,2026-03-03T19:34:38.448817,Trader T0293 | SOLUSDT | Price 92.21 | Qty 60
WASH_TRADE,MEDIUM,2026-03-03T19:34:38.451232,Trader T0294 | BTCUSDT | Price 42003.93 | Qty 32
WASH_TRADE,HIGH,2026-03-03T19:34:38.451638,Trader T0294 | BTCUSDT | Price 42003.29 | Qty 54
WASH_TRADE,MEDIUM,2026-03-03T19:34:38.452058,Trader T0294 | BTCUSDT | Price 42000.42 | Qty 24
WASH_TRADE,HIGH,2026-03-03T19:34:38.454828,Trader T0294 | BTCUSDT | Price 42001.74 | Qty 56
WASH_TRADE,MEDIUM,2026-03-03T19:34:38.454897,Trader T0294 | BTCUSDT | Price 42000.36 | Qty 34
WASH_TRADE,MEDIUM,2026-03-03T19:34:38.455699,Trader T0294 | BTCUSDT | Price 42000.77 | Qty 34
WASH_TRADE,MEDIUM,2026-03-03T19:34:38.456384,Trader T0294 | ETHUSDT | Price 2303.23 | Qty 48
WASH_TRADE,MEDIUM,2026-03-03T19:34:38.459198,Trader T0294 | ETHUSDT | Price 2299.05 | Qty 42
WASH_TRADE,MEDIUM,2026-03-03T19:34:38.461822,Trader T0294 | ETHUSDT | Price 2299.86 | Qty 46
WASH_TRADE,HIGH,2026-03-03T19:34:38.462424,Trader T0294 | SOLUSDT | Price 98.17 | Qty 60
WASH_TRADE,MEDIUM,2026-03-03T19:34:38.463848,Trader T0294 | SOLUSDT | Price 93.93 | Qty 28
WASH_TRADE,MEDIUM,2026-03-03T19:34:38.463917,Trader T0294 | SOLUSDT | Price 97.04 | Qty 26
WASH_TRADE,MEDIUM,2026-03-03T19:34:38.464589,Trader T0294 | SOLUSDT | Price 93.15 | Qty 30
WASH_TRADE,MEDIUM,2026-03-03T19:34:38.468821,Trader T0295 | BTCUSDT | Price 41997.25 | Qty 44
WASH_TRADE,MEDIUM,2026-03-03T19:34:38.469363,Trader T0295 | BTCUSDT | Price 42001.13 | Qty 26
WASH_TRADE,MEDIUM,2026-03-03T19:34:38.474432,Trader T0295 | BTCUSDT | Price 42002.84 | Qty 34
WASH_TRADE,MEDIUM,2026-03-03T19:34:38.475614,Trader T0295 | ETHUSDT | Price 2299.89 | Qty 38
WASH_TRADE,HIGH,2026-03-03T19:34:38.483958,Trader T0295 | SOLUSDT | Price 96.34 | Qty 60
WASH_TRADE,MEDIUM,2026-03-03T19:34:38.491355,Trader T0296 | BTCUSDT | Price 42000.22 | Qty 48
WASH_TRADE,MEDIUM,2026-03-03T19:34:38.495368,Trader T0296 | ETHUSDT | Price 2297.57 | Qty 32
WASH_TRADE,HIGH,2026-03-03T19:34:38.498026,Trader T0296 | ETHUSDT | Price 2297.11 | Qty 54
WASH_TRADE,MEDIUM,2026-03-03T19:34:38.498232,Trader T0296 | ETHUSDT | Price 2299.54 | Qty 20
WASH_TRADE,HIGH,2026-03-03T19:34:38.498898,Trader T0296 | ETHUSDT | Price 2302.33 | Qty 60
WASH_TRADE,MEDIUM,2026-03-03T19:34:38.506867,Trader T0296 | SOLUSDT | Price 96.63 | Qty 24
WASH_TRADE,MEDIUM,2026-03-03T19:34:38.510851,Trader T0297 | BTCUSDT | Price 41998.49 | Qty 32
WASH_TRADE,MEDIUM,2026-03-03T19:34:38.514229,Trader T0297 | ETHUSDT | Price 2297.52 | Qty 30
WASH_TRADE,HIGH,2026-03-03T19:34:38.514287,Trader T0297 | ETHUSDT | Price 2303.61 | Qty 60
WASH_TRADE,MEDIUM,2026-03-03T19:34:38.515032,Trader T0297 | ETHUSDT | Price 2301.16 | Qty 46
WASH_TRADE,HIGH,2026-03-03T19:34:38.518005,Trader T0297 | ETHUSDT | Price 2302.76 | Qty 56
WASH_TRADE,MEDIUM,2026-03-03T19:34:38.526881,Trader T0298 | BTCUSDT | Price 41998.88 | Qty 34
WASH_TRADE,MEDIUM,2026-03-03T19:34:38.527674,Trader T0298 | BTCUSDT | Price 41999.19 | Qty 42
WASH_TRADE,MEDIUM,2026-03-03T19:34:38.527858,Trader T0298 | BTCUSDT | Price 41999.99 | Qty 44
WASH_TRADE,HIGH,2026-03-03T19:34:38.529103,Trader T0298 | BTCUSDT | Price 41997.9 | Qty 60
WASH_TRADE,MEDIUM,2026-03-03T19:34:38.534368,Trader T0298 | ETHUSDT | Price 2296.36 | Qty 40
WASH_TRADE,HIGH,2026-03-03T19:34:38.539511,Trader T0298 | SOLUSDT | Price 96.74 | Qty 52
WASH_TRADE,MEDIUM,2026-03-03T19:34:38.543531,Trader T0298 | SOLUSDT | Price 92.29 | Qty 34
WASH_TRADE,MEDIUM,2026-03-03T19:34:38.546975,Trader T0299 | BTCUSDT | Price 41997.28 | Qty 26
WASH_TRADE,MEDIUM,2026-03-03T19:34:38.554203,Trader T0299 | ETHUSDT | Price 2298.35 | Qty 32
WASH_TRADE,MEDIUM,2026-03-03T19:34:38.554418,Trader T0299 | ETHUSDT | Price 2299.21 | Qty 30
WASH_TRADE,HIGH,2026-03-03T19:34:38.555663,Trader T0299 | ETHUSDT | Price 2300.46 | Qty 56
WASH_TRADE,MEDIUM,2026-03-03T19:34:38.555841,Trader T0299 | ETHUSDT | Price 2298.51 | Qty 22
WASH_TRADE,HIGH,2026-03-03T19:34:38.556036,Trader T0299 | ETHUSDT | Price 2301.77 | Qty 56
WASH_TRADE,MEDIUM,2026-03-03T19:34:38.558656,Trader T0299 | SOLUSDT | Price 94.11 | Qty 38
WASH_TRADE,MEDIUM,2026-03-03T19:34:38.562371,Trader T0299 | SOLUSDT | Price 93.7 | Qty 40
WASH_TRADE,HIGH,2026-03-03T19:34:38.562488,Trader T0299 | SOLUSDT | Price 97.07 | Qty 56
WASH_TRADE,MEDIUM,2026-03-03T19:34:38.563449,Trader T0300 | BTCUSDT | Price 41998.97 | Qty 48
WASH_TRADE,MEDIUM,2026-03-03T19:34:38.565465,Trader T0300 | BTCUSDT | Price 42003.5 | Qty 44
WASH_TRADE,MEDIUM,2026-03-03T19:34:38.566008,Trader T0300 | BTCUSDT | Price 41998.81 | Qty 50
WASH_TRADE,MEDIUM,2026-03-03T19:34:38.566880,Trader T0300 | BTCUSDT | Price 41998.14 | Qty 42
WASH_TRADE,HIGH,2026-03-03T19:34:38.567726,Trader T0300 | BTCUSDT | Price 42001.52 | Qty 58
WASH_TRADE,MEDIUM,2026-03-03T19:34:38.569216,Trader T0300 | BTCUSDT | Price 41999.6 | Qty 36
WASH_TRADE,MEDIUM,2026-03-03T19:34:38.572840,Trader T0300 | ETHUSDT | Price 2301.53 | Qty 26
WASH_TRADE,MEDIUM,2026-03-03T19:34:38.577387,Trader T0300 | SOLUSDT | Price 89.99 | Qty 40
WASH_TRADE,HIGH,2026-03-03T19:34:38.581624,Trader T0300 | SOLUSDT | Price 91.53 | Qty 58
WASH_TRADE,MEDIUM,2026-03-03T19:34:38.583999,Trader T0301 | BTCUSDT | Price 41995.16 | Qty 22
WASH_TRADE,MEDIUM,2026-03-03T19:34:38.587694,Trader T0301 | BTCUSDT | Price 42003.91 | Qty 42
WASH_TRADE,MEDIUM,2026-03-03T19:34:38.592551,Trader T0301 | ETHUSDT | Price 2298.2 | Qty 34
WASH_TRADE,MEDIUM,2026-03-03T19:34:38.600852,Trader T0301 | SOLUSDT | Price 92.39 | Qty 44
WASH_TRADE,MEDIUM,2026-03-03T19:34:38.602983,Trader T0302 | BTCUSDT | Price 42002.47 | Qty 32
WASH_TRADE,MEDIUM,2026-03-03T19:34:38.603950,Trader T0302 | BTCUSDT | Price 42001.2 | Qty 24
WASH_TRADE,MEDIUM,2026-03-03T19:34:38.611553,Trader T0302 | ETHUSDT | Price 2295.4 | Qty 32
WASH_TRADE,MEDIUM,2026-03-03T19:34:38.614613,Trader T0302 | SOLUSDT | Price 94.6 | Qty 30
WASH_TRADE,MEDIUM,2026-03-03T19:34:38.615177,Trader T0302 | SOLUSDT | Price 97.04 | Qty 28
WASH_TRADE,MEDIUM,2026-03-03T19:34:38.616298,Trader T0302 | SOLUSDT | Price 97.3 | Qty 42
WASH_TRADE,MEDIUM,2026-03-03T19:34:38.616517,Trader T0302 | SOLUSDT | Price 93.05 | Qty 40
WASH_TRADE,MEDIUM,2026-03-03T19:34:38.617342,Trader T0302 | SOLUSDT | Price 96.22 | Qty 32
WASH_TRADE,MEDIUM,2026-03-03T19:34:38.618579,Trader T0302 | SOLUSDT | Price 99.0 | Qty 32
WASH_TRADE,MEDIUM,2026-03-03T19:34:38.619324,Trader T0302 | SOLUSDT | Price 95.68 | Qty 28
WASH_TRADE,HIGH,2026-03-03T19:34:38.619692,Trader T0302 | SOLUSDT | Price 91.98 | Qty 60
WASH_TRADE,MEDIUM,2026-03-03T19:34:38.624729,Trader T0303 | BTCUSDT | Price 41999.27 | Qty 46
WASH_TRADE,MEDIUM,2026-03-03T19:34:38.625605,Trader T0303 | BTCUSDT | Price 41999.85 | Qty 30
WASH_TRADE,HIGH,2026-03-03T19:34:38.628148,Trader T0303 | ETHUSDT | Price 2301.97 | Qty 52
WASH_TRADE,MEDIUM,2026-03-03T19:34:38.628842,Trader T0303 | ETHUSDT | Price 2299.8 | Qty 44
WASH_TRADE,MEDIUM,2026-03-03T19:34:38.630601,Trader T0303 | ETHUSDT | Price 2301.39 | Qty 38
WASH_TRADE,MEDIUM,2026-03-03T19:34:38.633017,Trader T0303 | SOLUSDT | Price 92.75 | Qty 40
WASH_TRADE,MEDIUM,2026-03-03T19:34:38.633157,Trader T0303 | SOLUSDT | Price 95.2 | Qty 32
WASH_TRADE,MEDIUM,2026-03-03T19:34:38.634634,Trader T0303 | SOLUSDT | Price 98.48 | Qty 38
WASH_TRADE,MEDIUM,2026-03-03T19:34:38.635056,Trader T0303 | SOLUSDT | Price 95.56 | Qty 42
WASH_TRADE,HIGH,2026-03-03T19:34:38.635747,Trader T0303 | SOLUSDT | Price 94.6 | Qty 58
WASH_TRADE,MEDIUM,2026-03-03T19:34:38.636474,Trader T0303 | SOLUSDT | Price 94.41 | Qty 38
WASH_TRADE,MEDIUM,2026-03-03T19:34:38.644940,Trader T0304 | ETHUSDT | Price 2297.7 | Qty 48
WASH_TRADE,MEDIUM,2026-03-03T19:34:38.646832,Trader T0304 | ETHUSDT | Price 2302.01 | Qty 46
WASH_TRADE,MEDIUM,2026-03-03T19:34:38.649481,Trader T0304 | ETHUSDT | Price 2300.15 | Qty 36
WASH_TRADE,MEDIUM,2026-03-03T19:34:38.649623,Trader T0304 | ETHUSDT | Price 2297.3 | Qty 38
WASH_TRADE,MEDIUM,2026-03-03T19:34:38.652687,Trader T0304 | SOLUSDT | Price 96.2 | Qty 22
WASH_TRADE,MEDIUM,2026-03-03T19:34:38.656303,Trader T0304 | SOLUSDT | Price 96.25 | Qty 26
WASH_TRADE,HIGH,2026-03-03T19:34:38.660209,Trader T0305 | BTCUSDT | Price 41995.82 | Qty 56
WASH_TRADE,MEDIUM,2026-03-03T19:34:38.662003,Trader T0305 | BTCUSDT | Price 42003.62 | Qty 42
WASH_TRADE,MEDIUM,2026-03-03T19:34:38.666601,Trader T0305 | ETHUSDT | Price 2300.78 | Qty 42
WASH_TRADE,HIGH,2026-03-03T19:34:38.672735,Trader T0305 | SOLUSDT | Price 95.87 | Qty 60
WASH_TRADE,MEDIUM,2026-03-03T19:34:38.676006,Trader T0305 | SOLUSDT | Price 94.73 | Qty 32
WASH_TRADE,MEDIUM,2026-03-03T19:34:38.676556,Trader T0305 | SOLUSDT | Price 92.63 | Qty 30
WASH_TRADE,MEDIUM,2026-03-03T19:34:38.678868,Trader T0306 | BTCUSDT | Price 41999.84 | Qty 22
WASH_TRADE,HIGH,2026-03-03T19:34:38.679536,Trader T0306 | BTCUSDT | Price 42000.05 | Qty 60
WASH_TRADE,HIGH,2026-03-03T19:34:38.680153,Trader T0306 | BTCUSDT | Price 41999.86 | Qty 56
WASH_TRADE,MEDIUM,2026-03-03T19:34:38.680201,Trader T0306 | BTCUSDT | Price 42001.4 | Qty 26
WASH_TRADE,HIGH,2026-03-03T19:34:38.680579,Trader T0306 | BTCUSDT | Price 42000.91 | Qty 52
WASH_TRADE,HIGH,2026-03-03T19:34:38.682446,Trader T0306 | BTCUSDT | Price 42001.62 | Qty 56
WASH_TRADE,MEDIUM,2026-03-03T19:34:38.683074,Trader T0306 | BTCUSDT | Price 41998.69 | Qty 36
WASH_TRADE,MEDIUM,2026-03-03T19:34:38.683985,Trader T0306 | BTCUSDT | Price 41997.69 | Qty 32
WASH_TRADE,MEDIUM,2026-03-03T19:34:38.687928,Trader T0306 | ETHUSDT | Price 2301.91 | Qty 30
WASH_TRADE,MEDIUM,2026-03-03T19:34:38.688205,Trader T0306 | ETHUSDT | Price 2300.18 | Qty 22
WASH_TRADE,MEDIUM,2026-03-03T19:34:38.688590,Trader T0306 | ETHUSDT | Price 2302.71 | Qty 50
WASH_TRADE,MEDIUM,2026-03-03T19:34:38.691758,Trader T0306 | ETHUSDT | Price 2298.71 | Qty 46
WASH_TRADE,MEDIUM,2026-03-03T19:34:38.695702,Trader T0306 | SOLUSDT | Price 93.25 | Qty 36
WASH_TRADE,HIGH,2026-03-03T19:34:38.696513,Trader T0306 | SOLUSDT | Price 93.82 | Qty 52
WASH_TRADE,MEDIUM,2026-03-03T19:34:38.700772,Trader T0307 | BTCUSDT | Price 42000.29 | Qty 22
WASH_TRADE,MEDIUM,2026-03-03T19:34:38.700854,Trader T0307 | BTCUSDT | Price 41998.9 | Qty 46
WASH_TRADE,MEDIUM,2026-03-03T19:34:38.701126,Trader T0307 | BTCUSDT | Price 42005.55 | Qty 20
WASH_TRADE,MEDIUM,2026-03-03T19:34:38.701356,Trader T0307 | BTCUSDT | Price 41998.54 | Qty 50
WASH_TRADE,MEDIUM,2026-03-03T19:34:38.701855,Trader T0307 | BTCUSDT | Price 41996.96 | Qty 22
WASH_TRADE,MEDIUM,2026-03-03T19:34:38.706397,Trader T0307 | ETHUSDT | Price 2297.28 | Qty 38
WASH_TRADE,MEDIUM,2026-03-03T19:34:38.709212,Trader T0307 | ETHUSDT | Price 2300.21 | Qty 26
WASH_TRADE,MEDIUM,2026-03-03T19:34:38.713355,Trader T0307 | SOLUSDT | Price 94.01 | Qty 24
WASH_TRADE,MEDIUM,2026-03-03T19:34:38.713557,Trader T0307 | SOLUSDT | Price 92.37 | Qty 42
WASH_TRADE,HIGH,2026-03-03T19:34:38.715771,Trader T0307 | SOLUSDT | Price 93.67 | Qty 56
WASH_TRADE,MEDIUM,2026-03-03T19:34:38.717147,Trader T0307 | SOLUSDT | Price 96.14 | Qty 26
WASH_TRADE,MEDIUM,2026-03-03T19:34:38.717694,Trader T0307 | SOLUSDT | Price 95.63 | Qty 48
WASH_TRADE,HIGH,2026-03-03T19:34:38.717875,Trader T0307 | SOLUSDT | Price 92.93 | Qty 52
WASH_TRADE,MEDIUM,2026-03-03T19:34:38.721537,Trader T0308 | BTCUSDT | Price 42001.18 | Qty 50
WASH_TRADE,HIGH,2026-03-03T19:34:38.722536,Trader T0308 | BTCUSDT | Price 42001.45 | Qty 60
WASH_TRADE,MEDIUM,2026-03-03T19:34:38.723565,Trader T0308 | BTCUSDT | Price 41999.83 | Qty 22
WASH_TRADE,MEDIUM,2026-03-03T19:34:38.726278,Trader T0308 | BTCUSDT | Price 42001.76 | Qty 50
WASH_TRADE,MEDIUM,2026-03-03T19:34:38.727078,Trader T0308 | ETHUSDT | Price 2299.57 | Qty 22
WASH_TRADE,MEDIUM,2026-03-03T19:34:38.729342,Trader T0308 | ETHUSDT | Price 2301.69 | Qty 48
WASH_TRADE,HIGH,2026-03-03T19:34:38.731005,Trader T0308 | ETHUSDT | Price 2302.05 | Qty 60
WASH_TRADE,MEDIUM,2026-03-03T19:34:38.732173,Trader T0308 | ETHUSDT | Price 2299.84 | Qty 34
WASH_TRADE,MEDIUM,2026-03-03T19:34:38.741758,Trader T0309 | BTCUSDT | Price 41997.99 | Qty 38
WASH_TRADE,MEDIUM,2026-03-03T19:34:38.751076,Trader T0309 | ETHUSDT | Price 2301.36 | Qty 42
WASH_TRADE,MEDIUM,2026-03-03T19:34:38.752638,Trader T0309 | ETHUSDT | Price 2299.86 | Qty 32
WASH_TRADE,MEDIUM,2026-03-03T19:34:38.757001,Trader T0309 | SOLUSDT | Price 95.52 | Qty 44
WASH_TRADE,MEDIUM,2026-03-03T19:34:38.760311,Trader T0309 | SOLUSDT | Price 97.94 | Qty 32
WASH_TRADE,MEDIUM,2026-03-03T19:34:38.765137,Trader T0310 | BTCUSDT | Price 41998.02 | Qty 24
WASH_TRADE,MEDIUM,2026-03-03T19:34:38.765370,Trader T0310 | BTCUSDT | Price 42001.19 | Qty 36
WASH_TRADE,MEDIUM,2026-03-03T19:34:38.768968,Trader T0310 | ETHUSDT | Price 2300.44 | Qty 32
WASH_TRADE,MEDIUM,2026-03-03T19:34:38.769709,Trader T0310 | ETHUSDT | Price 2299.31 | Qty 46
WASH_TRADE,MEDIUM,2026-03-03T19:34:38.773803,Trader T0310 | SOLUSDT | Price 94.36 | Qty 28
WASH_TRADE,MEDIUM,2026-03-03T19:34:38.776910,Trader T0310 | SOLUSDT | Price 95.82 | Qty 40
WASH_TRADE,HIGH,2026-03-03T19:34:38.780205,Trader T0311 | BTCUSDT | Price 41998.15 | Qty 58
WASH_TRADE,HIGH,2026-03-03T19:34:38.781990,Trader T0311 | BTCUSDT | Price 42001.35 | Qty 60
WASH_TRADE,MEDIUM,2026-03-03T19:34:38.784065,Trader T0311 | BTCUSDT | Price 41998.59 | Qty 26
WASH_TRADE,HIGH,2026-03-03T19:34:38.785994,Trader T0311 | ETHUSDT | Price 2299.68 | Qty 60
WASH_TRADE,MEDIUM,2026-03-03T19:34:38.786606,Trader T0311 | ETHUSDT | Price 2303.03 | Qty 50
WASH_TRADE,MEDIUM,2026-03-03T19:34:38.787533,Trader T0311 | ETHUSDT | Price 2299.07 | Qty 22
WASH_TRADE,MEDIUM,2026-03-03T19:34:38.792450,Trader T0311 | SOLUSDT | Price 93.2 | Qty 20
WASH_TRADE,MEDIUM,2026-03-03T19:34:38.793792,Trader T0311 | SOLUSDT | Price 96.36 | Qty 48
WASH_TRADE,MEDIUM,2026-03-03T19:34:38.795122,Trader T0311 | SOLUSDT | Price 96.42 | Qty 28
WASH_TRADE,MEDIUM,2026-03-03T19:34:38.800130,Trader T0312 | BTCUSDT | Price 41994.55 | Qty 30
WASH_TRADE,HIGH,2026-03-03T19:34:38.800631,Trader T0312 | BTCUSDT | Price 42000.42 | Qty 56
WASH_TRADE,MEDIUM,2026-03-03T19:34:38.802536,Trader T0312 | BTCUSDT | Price 41998.39 | Qty 36
WASH_TRADE,MEDIUM,2026-03-03T19:34:38.811374,Trader T0312 | SOLUSDT | Price 94.59 | Qty 44
WASH_TRADE,MEDIUM,2026-03-03T19:34:38.814871,Trader T0312 | SOLUSDT | Price 93.99 | Qty 28
WASH_TRADE,MEDIUM,2026-03-03T19:34:38.814995,Trader T0312 | SOLUSDT | Price 96.87 | Qty 44
WASH_TRADE,MEDIUM,2026-03-03T19:34:38.815219,Trader T0312 | SOLUSDT | Price 96.57 | Qty 38
WASH_TRADE,HIGH,2026-03-03T19:34:38.816046,Trader T0313 | BTCUSDT | Price 42000.54 | Qty 60
WASH_TRADE,MEDIUM,2026-03-03T19:34:38.818359,Trader T0313 | BTCUSDT | Price 41999.22 | Qty 20
WASH_TRADE,HIGH,2026-03-03T19:34:38.821792,Trader T0313 | BTCUSDT | Price 42001.61 | Qty 52
WASH_TRADE,MEDIUM,2026-03-03T19:34:38.825453,Trader T0313 | ETHUSDT | Price 2299.59 | Qty 32
WASH_TRADE,HIGH,2026-03-03T19:34:38.826083,Trader T0313 | ETHUSDT | Price 2298.35 | Qty 60
WASH_TRADE,MEDIUM,2026-03-03T19:34:38.827917,Trader T0313 | ETHUSDT | Price 2300.89 | Qty 26
WASH_TRADE,MEDIUM,2026-03-03T19:34:38.830135,Trader T0313 | SOLUSDT | Price 91.22 | Qty 44
WASH_TRADE,MEDIUM,2026-03-03T19:34:38.830560,Trader T0313 | SOLUSDT | Price 95.85 | Qty 30
WASH_TRADE,MEDIUM,2026-03-03T19:34:38.832883,Trader T0313 | SOLUSDT | Price 95.74 | Qty 28
WASH_TRADE,MEDIUM,2026-03-03T19:34:38.834065,Trader T0313 | SOLUSDT | Price 93.0 | Qty 42
WASH_TRADE,HIGH,2026-03-03T19:34:38.834713,Trader T0313 | SOLUSDT | Price 92.75 | Qty 58
WASH_TRADE,MEDIUM,2026-03-03T19:34:38.845235,Trader T0314 | ETHUSDT | Price 2299.16 | Qty 44
WASH_TRADE,MEDIUM,2026-03-03T19:34:38.846437,Trader T0314 | SOLUSDT | Price 96.13 | Qty 32
WASH_TRADE,MEDIUM,2026-03-03T19:34:38.846986,Trader T0314 | SOLUSDT | Price 95.44 | Qty 42
WASH_TRADE,MEDIUM,2026-03-03T19:34:38.849593,Trader T0314 | SOLUSDT | Price 93.58 | Qty 32
WASH_TRADE,MEDIUM,2026-03-03T19:34:38.854580,Trader T0315 | BTCUSDT | Price 42000.55 | Qty 20
WASH_TRADE,HIGH,2026-03-03T19:34:38.856908,Trader T0315 | BTCUSDT | Price 41998.38 | Qty 58
WASH_TRADE,HIGH,2026-03-03T19:34:38.857841,Trader T0315 | BTCUSDT | Price 41999.57 | Qty 52
WASH_TRADE,MEDIUM,2026-03-03T19:34:38.860925,Trader T0315 | ETHUSDT | Price 2300.39 | Qty 44
WASH_TRADE,HIGH,2026-03-03T19:34:38.867190,Trader T0315 | SOLUSDT | Price 97.74 | Qty 54
WASH_TRADE,HIGH,2026-03-03T19:34:38.871002,Trader T0316 | BTCUSDT | Price 42000.27 | Qty 58
WASH_TRADE,MEDIUM,2026-03-03T19:34:38.875758,Trader T0316 | BTCUSDT | Price 41997.49 | Qty 50
WASH_TRADE,MEDIUM,2026-03-03T19:34:38.877223,Trader T0316 | ETHUSDT | Price 2300.68 | Qty 32
WASH_TRADE,MEDIUM,2026-03-03T19:34:38.877695,Trader T0316 | ETHUSDT | Price 2297.11 | Qty 38
WASH_TRADE,MEDIUM,2026-03-03T19:34:38.881385,Trader T0316 | ETHUSDT | Price 2299.2 | Qty 44
WASH_TRADE,MEDIUM,2026-03-03T19:34:38.890724,Trader T0317 | BTCUSDT | Price 41999.21 | Qty 22
WASH_TRADE,MEDIUM,2026-03-03T19:34:38.894971,Trader T0317 | BTCUSDT | Price 41998.41 | Qty 38
WASH_TRADE,MEDIUM,2026-03-03T19:34:38.898315,Trader T0317 | ETHUSDT | Price 2299.84 | Qty 30
WASH_TRADE,MEDIUM,2026-03-03T19:34:38.916591,Trader T0317 | ETHUSDT | Price 2301.87 | Qty 22
WASH_TRADE,MEDIUM,2026-03-03T19:34:38.919828,Trader T0317 | SOLUSDT | Price 94.55 | Qty 46
WASH_TRADE,MEDIUM,2026-03-03T19:34:38.923701,Trader T0317 | SOLUSDT | Price 96.88 | Qty 32
WASH_TRADE,MEDIUM,2026-03-03T19:34:38.924370,Trader T0317 | SOLUSDT | Price 98.96 | Qty 42
WASH_TRADE,MEDIUM,2026-03-03T19:34:38.925465,Trader T0317 | SOLUSDT | Price 96.3 | Qty 24
WASH_TRADE,HIGH,2026-03-03T19:34:38.927752,Trader T0318 | BTCUSDT | Price 42003.54 | Qty 56
WASH_TRADE,HIGH,2026-03-03T19:34:38.929761,Trader T0318 | BTCUSDT | Price 41999.93 | Qty 52
WASH_TRADE,MEDIUM,2026-03-03T19:34:38.936499,Trader T0318 | ETHUSDT | Price 2298.4 | Qty 48
WASH_TRADE,HIGH,2026-03-03T19:34:38.938654,Trader T0318 | ETHUSDT | Price 2296.28 | Qty 52
WASH_TRADE,HIGH,2026-03-03T19:34:38.939884,Trader T0318 | ETHUSDT | Price 2299.09 | Qty 58
WASH_TRADE,MEDIUM,2026-03-03T19:34:38.943564,Trader T0318 | SOLUSDT | Price 94.16 | Qty 34
WASH_TRADE,MEDIUM,2026-03-03T19:34:38.946482,Trader T0318 | SOLUSDT | Price 95.14 | Qty 30
WASH_TRADE,MEDIUM,2026-03-03T19:34:38.948094,Trader T0318 | SOLUSDT | Price 94.63 | Qty 40
WASH_TRADE,HIGH,2026-03-03T19:34:38.957903,Trader T0319 | ETHUSDT | Price 2299.04 | Qty 54
WASH_TRADE,MEDIUM,2026-03-03T19:34:38.958630,Trader T0319 | ETHUSDT | Price 2298.25 | Qty 36
WASH_TRADE,HIGH,2026-03-03T19:34:38.960827,Trader T0319 | ETHUSDT | Price 2301.67 | Qty 54
WASH_TRADE,MEDIUM,2026-03-03T19:34:38.961357,Trader T0319 | ETHUSDT | Price 2299.86 | Qty 48
WASH_TRADE,MEDIUM,2026-03-03T19:34:38.962849,Trader T0319 | SOLUSDT | Price 96.74 | Qty 24
WASH_TRADE,HIGH,2026-03-03T19:34:38.965217,Trader T0319 | SOLUSDT | Price 94.88 | Qty 54
WASH_TRADE,MEDIUM,2026-03-03T19:34:38.967293,Trader T0319 | SOLUSDT | Price 97.52 | Qty 42
WASH_TRADE,MEDIUM,2026-03-03T19:34:38.968182,Trader T0319 | SOLUSDT | Price 98.6 | Qty 44
WASH_TRADE,HIGH,2026-03-03T19:34:38.969902,Trader T0320 | BTCUSDT | Price 42002.22 | Qty 54
WASH_TRADE,HIGH,2026-03-03T19:34:38.970870,Trader T0320 | BTCUSDT | Price 41998.74 | Qty 56
WASH_TRADE,HIGH,2026-03-03T19:34:38.972018,Trader T0320 | BTCUSDT | Price 41998.0 | Qty 56
WASH_TRADE,MEDIUM,2026-03-03T19:34:38.973568,Trader T0320 | BTCUSDT | Price 42002.59 | Qty 32
WASH_TRADE,MEDIUM,2026-03-03T19:34:38.975555,Trader T0320 | BTCUSDT | Price 42000.14 | Qty 38
WASH_TRADE,MEDIUM,2026-03-03T19:34:38.977365,Trader T0320 | ETHUSDT | Price 2299.07 | Qty 44
WASH_TRADE,MEDIUM,2026-03-03T19:34:38.978298,Trader T0320 | ETHUSDT | Price 2299.83 | Qty 32
WASH_TRADE,HIGH,2026-03-03T19:34:38.978748,Trader T0320 | ETHUSDT | Price 2301.99 | Qty 60
WASH_TRADE,HIGH,2026-03-03T19:34:38.984111,Trader T0320 | SOLUSDT | Price 93.47 | Qty 54
WASH_TRADE,HIGH,2026-03-03T19:34:38.985237,Trader T0320 | SOLUSDT | Price 93.02 | Qty 58
WASH_TRADE,MEDIUM,2026-03-03T19:34:38.985968,Trader T0320 | SOLUSDT | Price 88.49 | Qty 34
WASH_TRADE,MEDIUM,2026-03-03T19:34:38.986513,Trader T0320 | SOLUSDT | Price 92.95 | Qty 34
WASH_TRADE,HIGH,2026-03-03T19:34:38.988292,Trader T0320 | SOLUSDT | Price 96.2 | Qty 58
WASH_TRADE,HIGH,2026-03-03T19:34:38.988902,Trader T0320 | SOLUSDT | Price 95.74 | Qty 52
WASH_TRADE,HIGH,2026-03-03T19:34:38.991938,Trader T0321 | BTCUSDT | Price 41997.65 | Qty 60
WASH_TRADE,MEDIUM,2026-03-03T19:34:38.995566,Trader T0321 | BTCUSDT | Price 41999.24 | Qty 34
WASH_TRADE,MEDIUM,2026-03-03T19:34:38.996516,Trader T0321 | BTCUSDT | Price 41999.84 | Qty 50
WASH_TRADE,HIGH,2026-03-03T19:34:38.997093,Trader T0321 | ETHUSDT | Price 2304.1 | Qty 54
WASH_TRADE,MEDIUM,2026-03-03T19:34:38.998906,Trader T0321 | ETHUSDT | Price 2304.31 | Qty 20
WASH_TRADE,MEDIUM,2026-03-03T19:34:39.002311,Trader T0321 | ETHUSDT | Price 2301.43 | Qty 24
WASH_TRADE,HIGH,2026-03-03T19:34:39.006909,Trader T0321 | SOLUSDT | Price 97.44 | Qty 58
WASH_TRADE,MEDIUM,2026-03-03T19:34:39.011561,Trader T0322 | BTCUSDT | Price 42000.21 | Qty 20
WASH_TRADE,MEDIUM,2026-03-03T19:34:39.012098,Trader T0322 | BTCUSDT | Price 41999.53 | Qty 32
WASH_TRADE,MEDIUM,2026-03-03T19:34:39.019049,Trader T0322 | ETHUSDT | Price 2298.58 | Qty 26
WASH_TRADE,HIGH,2026-03-03T19:34:39.019685,Trader T0322 | ETHUSDT | Price 2298.99 | Qty 60
WASH_TRADE,HIGH,2026-03-03T19:34:39.019735,Trader T0322 | ETHUSDT | Price 2298.33 | Qty 54
WASH_TRADE,MEDIUM,2026-03-03T19:34:39.020244,Trader T0322 | ETHUSDT | Price 2296.22 | Qty 28
WASH_TRADE,MEDIUM,2026-03-03T19:34:39.020721,Trader T0322 | ETHUSDT | Price 2301.09 | Qty 28
WASH_TRADE,HIGH,2026-03-03T19:34:39.024333,Trader T0322 | SOLUSDT | Price 96.35 | Qty 60
WASH_TRADE,MEDIUM,2026-03-03T19:34:39.027907,Trader T0322 | SOLUSDT | Price 93.88 | Qty 26
WASH_TRADE,MEDIUM,2026-03-03T19:34:39.027962,Trader T0322 | SOLUSDT | Price 96.9 | Qty 40
WASH_TRADE,HIGH,2026-03-03T19:34:39.030089,Trader T0323 | BTCUSDT | Price 41998.02 | Qty 58
WASH_TRADE,HIGH,2026-03-03T19:34:39.030803,Trader T0323 | BTCUSDT | Price 41997.94 | Qty 60
WASH_TRADE,MEDIUM,2026-03-03T19:34:39.031569,Trader T0323 | BTCUSDT | Price 42003.24 | Qty 42
WASH_TRADE,MEDIUM,2026-03-03T19:34:39.031641,Trader T0323 | BTCUSDT | Price 42001.02 | Qty 36
WASH_TRADE,MEDIUM,2026-03-03T19:34:39.036132,Trader T0323 | BTCUSDT | Price 42002.35 | Qty 32
WASH_TRADE,MEDIUM,2026-03-03T19:34:39.040402,Trader T0323 | ETHUSDT | Price 2297.38 | Qty 20
WASH_TRADE,MEDIUM,2026-03-03T19:34:39.041417,Trader T0323 | ETHUSDT | Price 2296.98 | Qty 46
WASH_TRADE,MEDIUM,2026-03-03T19:34:39.042196,Trader T0323 | ETHUSDT | Price 2302.16 | Qty 36
WASH_TRADE,HIGH,2026-03-03T19:34:39.043529,Trader T0323 | SOLUSDT | Price 92.9 | Qty 54
WASH_TRADE,MEDIUM,2026-03-03T19:34:39.049219,Trader T0323 | SOLUSDT | Price 95.78 | Qty 22
WASH_TRADE,MEDIUM,2026-03-03T19:34:39.049438,Trader T0324 | BTCUSDT | Price 42000.1 | Qty 22
WASH_TRADE,HIGH,2026-03-03T19:34:39.056358,Trader T0324 | BTCUSDT | Price 41999.36 | Qty 60
WASH_TRADE,HIGH,2026-03-03T19:34:39.062534,Trader T0324 | ETHUSDT | Price 2302.47 | Qty 54
WASH_TRADE,MEDIUM,2026-03-03T19:34:39.062744,Trader T0324 | ETHUSDT | Price 2301.26 | Qty 48
WASH_TRADE,MEDIUM,2026-03-03T19:34:39.067345,Trader T0324 | SOLUSDT | Price 94.17 | Qty 30
WASH_TRADE,HIGH,2026-03-03T19:34:39.069642,Trader T0325 | BTCUSDT | Price 41998.83 | Qty 60
WASH_TRADE,MEDIUM,2026-03-03T19:34:39.073980,Trader T0325 | BTCUSDT | Price 41997.76 | Qty 42
WASH_TRADE,MEDIUM,2026-03-03T19:34:39.075033,Trader T0325 | BTCUSDT | Price 42000.55 | Qty 24
WASH_TRADE,HIGH,2026-03-03T19:34:39.077140,Trader T0325 | ETHUSDT | Price 2300.39 | Qty 60
WASH_TRADE,MEDIUM,2026-03-03T19:34:39.079593,Trader T0325 | ETHUSDT | Price 2298.97 | Qty 40
WASH_TRADE,MEDIUM,2026-03-03T19:34:39.086538,Trader T0325 | SOLUSDT | Price 96.77 | Qty 30
WASH_TRADE,MEDIUM,2026-03-03T19:34:39.088023,Trader T0325 | SOLUSDT | Price 92.08 | Qty 48
WASH_TRADE,MEDIUM,2026-03-03T19:34:39.088405,Trader T0325 | SOLUSDT | Price 95.28 | Qty 24
WASH_TRADE,MEDIUM,2026-03-03T19:34:39.089018,Trader T0326 | BTCUSDT | Price 41999.9 | Qty 32
WASH_TRADE,MEDIUM,2026-03-03T19:34:39.090188,Trader T0326 | BTCUSDT | Price 42001.62 | Qty 34
WASH_TRADE,MEDIUM,2026-03-03T19:34:39.090983,Trader T0326 | BTCUSDT | Price 41999.69 | Qty 22
WASH_TRADE,HIGH,2026-03-03T19:34:39.093051,Trader T0326 | BTCUSDT | Price 42000.7 | Qty 56
WASH_TRADE,MEDIUM,2026-03-03T19:34:39.093311,Trader T0326 | BTCUSDT | Price 41999.83 | Qty 30
WASH_TRADE,HIGH,2026-03-03T19:34:39.094846,Trader T0326 | BTCUSDT | Price 42002.29 | Qty 54
WASH_TRADE,MEDIUM,2026-03-03T19:34:39.097193,Trader T0326 | ETHUSDT | Price 2297.86 | Qty 40
WASH_TRADE,MEDIUM,2026-03-03T19:34:39.100202,Trader T0326 | ETHUSDT | Price 2300.62 | Qty 22
WASH_TRADE,MEDIUM,2026-03-03T19:34:39.107679,Trader T0326 | SOLUSDT | Price 98.97 | Qty 32
WASH_TRADE,MEDIUM,2026-03-03T19:34:39.108019,Trader T0326 | SOLUSDT | Price 91.53 | Qty 48
WASH_TRADE,HIGH,2026-03-03T19:34:39.109886,Trader T0327 | BTCUSDT | Price 42002.71 | Qty 60
WASH_TRADE,MEDIUM,2026-03-03T19:34:39.110019,Trader T0327 | BTCUSDT | Price 42002.11 | Qty 44
WASH_TRADE,MEDIUM,2026-03-03T19:34:39.110093,Trader T0327 | BTCUSDT | Price 41998.28 | Qty 50
WASH_TRADE,MEDIUM,2026-03-03T19:34:39.110717,Trader T0327 | BTCUSDT | Price 41999.45 | Qty 28
WASH_TRADE,HIGH,2026-03-03T19:34:39.113682,Trader T0327 | BTCUSDT | Price 41996.36 | Qty 60
WASH_TRADE,MEDIUM,2026-03-03T19:34:39.113806,Trader T0327 | BTCUSDT | Price 41998.77 | Qty 30
WASH_TRADE,MEDIUM,2026-03-03T19:34:39.114184,Trader T0327 | BTCUSDT | Price 41999.85 | Qty 38
WASH_TRADE,MEDIUM,2026-03-03T19:34:39.116718,Trader T0327 | BTCUSDT | Price 42000.59 | Qty 32
WASH_TRADE,MEDIUM,2026-03-03T19:34:39.118759,Trader T0327 | ETHUSDT | Price 2302.41 | Qty 44
WASH_TRADE,MEDIUM,2026-03-03T19:34:39.118908,Trader T0327 | ETHUSDT | Price 2298.51 | Qty 48
WASH_TRADE,MEDIUM,2026-03-03T19:34:39.120222,Trader T0327 | ETHUSDT | Price 2303.31 | Qty 26
WASH_TRADE,MEDIUM,2026-03-03T19:34:39.125279,Trader T0327 | SOLUSDT | Price 91.21 | Qty 22
WASH_TRADE,MEDIUM,2026-03-03T19:34:39.135190,Trader T0328 | BTCUSDT | Price 42000.99 | Qty 30
WASH_TRADE,HIGH,2026-03-03T19:34:39.137183,Trader T0328 | BTCUSDT | Price 42000.18 | Qty 58
WASH_TRADE,HIGH,2026-03-03T19:34:39.140874,Trader T0328 | ETHUSDT | Price 2299.95 | Qty 58
WASH_TRADE,MEDIUM,2026-03-03T19:34:39.141915,Trader T0328 | ETHUSDT | Price 2298.3 | Qty 38
WASH_TRADE,HIGH,2026-03-03T19:34:39.142869,Trader T0328 | ETHUSDT | Price 2300.65 | Qty 52
WASH_TRADE,MEDIUM,2026-03-03T19:34:39.149825,Trader T0328 | SOLUSDT | Price 97.28 | Qty 50
WASH_TRADE,MEDIUM,2026-03-03T19:34:39.155081,Trader T0329 | BTCUSDT | Price 42003.07 | Qty 40
WASH_TRADE,MEDIUM,2026-03-03T19:34:39.156416,Trader T0329 | BTCUSDT | Price 42001.23 | Qty 42
WASH_TRADE,MEDIUM,2026-03-03T19:34:39.158013,Trader T0329 | ETHUSDT | Price 2299.18 | Qty 24
WASH_TRADE,HIGH,2026-03-03T19:34:39.159962,Trader T0329 | ETHUSDT | Price 2302.87 | Qty 60
WASH_TRADE,HIGH,2026-03-03T19:34:39.164091,Trader T0329 | ETHUSDT | Price 2300.83 | Qty 54
WASH_TRADE,HIGH,2026-03-03T19:34:39.170527,Trader T0329 | SOLUSDT | Price 95.0 | Qty 54
WASH_TRADE,MEDIUM,2026-03-03T19:34:39.174360,Trader T0330 | BTCUSDT | Price 41999.6 | Qty 32
WASH_TRADE,MEDIUM,2026-03-03T19:34:39.175071,Trader T0330 | BTCUSDT | Price 41997.98 | Qty 26
WASH_TRADE,MEDIUM,2026-03-03T19:34:39.176559,Trader T0330 | BTCUSDT | Price 42001.98 | Qty 26
WASH_TRADE,MEDIUM,2026-03-03T19:34:39.180818,Trader T0330 | ETHUSDT | Price 2301.18 | Qty 50
WASH_TRADE,HIGH,2026-03-03T19:34:39.181277,Trader T0330 | ETHUSDT | Price 2298.52 | Qty 60
WASH_TRADE,MEDIUM,2026-03-03T19:34:39.184308,Trader T0330 | ETHUSDT | Price 2299.89 | Qty 28
WASH_TRADE,HIGH,2026-03-03T19:34:39.184503,Trader T0330 | ETHUSDT | Price 2297.23 | Qty 52
WASH_TRADE,MEDIUM,2026-03-03T19:34:39.193946,Trader T0331 | BTCUSDT | Price 42001.79 | Qty 50
WASH_TRADE,MEDIUM,2026-03-03T19:34:39.194325,Trader T0331 | BTCUSDT | Price 41999.91 | Qty 28
WASH_TRADE,MEDIUM,2026-03-03T19:34:39.196594,Trader T0331 | BTCUSDT | Price 42000.13 | Qty 34
WASH_TRADE,MEDIUM,2026-03-03T19:34:39.197512,Trader T0331 | BTCUSDT | Price 41999.09 | Qty 26
WASH_TRADE,MEDIUM,2026-03-03T19:34:39.198024,Trader T0331 | BTCUSDT | Price 41999.29 | Qty 28
WASH_TRADE,MEDIUM,2026-03-03T19:34:39.207146,Trader T0331 | ETHUSDT | Price 2301.37 | Qty 30
WASH_TRADE,HIGH,2026-03-03T19:34:39.207682,Trader T0331 | ETHUSDT | Price 2297.73 | Qty 56
WASH_TRADE,MEDIUM,2026-03-03T19:34:39.208612,Trader T0331 | SOLUSDT | Price 95.62 | Qty 26
WASH_TRADE,HIGH,2026-03-03T19:34:39.209696,Trader T0331 | SOLUSDT | Price 100.63 | Qty 58
WASH_TRADE,HIGH,2026-03-03T19:34:39.214002,Trader T0331 | SOLUSDT | Price 96.36 | Qty 54
WASH_TRADE,MEDIUM,2026-03-03T19:34:39.216153,Trader T0332 | BTCUSDT | Price 41999.29 | Qty 36
WASH_TRADE,MEDIUM,2026-03-03T19:34:39.218301,Trader T0332 | BTCUSDT | Price 42001.16 | Qty 46
WASH_TRADE,HIGH,2026-03-03T19:34:39.218882,Trader T0332 | BTCUSDT | Price 41998.72 | Qty 52
WASH_TRADE,MEDIUM,2026-03-03T19:34:39.220611,Trader T0332 | BTCUSDT | Price 42000.79 | Qty 50
WASH_TRADE,MEDIUM,2026-03-03T19:34:39.223755,Trader T0332 | ETHUSDT | Price 2302.99 | Qty 28
WASH_TRADE,HIGH,2026-03-03T19:34:39.224202,Trader T0332 | ETHUSDT | Price 2301.51 | Qty 60
WASH_TRADE,HIGH,2026-03-03T19:34:39.229586,Trader T0332 | ETHUSDT | Price 2296.67 | Qty 60
WASH_TRADE,MEDIUM,2026-03-03T19:34:39.230848,Trader T0332 | SOLUSDT | Price 97.47 | Qty 38
WASH_TRADE,HIGH,2026-03-03T19:34:39.238542,Trader T0333 | BTCUSDT | Price 42003.74 | Qty 60
WASH_TRADE,MEDIUM,2026-03-03T19:34:39.241585,Trader T0333 | BTCUSDT | Price 42001.23 | Qty 44
WASH_TRADE,HIGH,2026-03-03T19:34:39.242010,Trader T0333 | BTCUSDT | Price 42000.38 | Qty 54
WASH_TRADE,MEDIUM,2026-03-03T19:34:39.245073,Trader T0333 | ETHUSDT | Price 2301.76 | Qty 42
WASH_TRADE,MEDIUM,2026-03-03T19:34:39.245424,Trader T0333 | ETHUSDT | Price 2297.73 | Qty 42
WASH_TRADE,MEDIUM,2026-03-03T19:34:39.247301,Trader T0333 | ETHUSDT | Price 2298.5 | Qty 26
WASH_TRADE,MEDIUM,2026-03-03T19:34:39.248106,Trader T0333 | ETHUSDT | Price 2298.83 | Qty 34
WASH_TRADE,MEDIUM,2026-03-03T19:34:39.250100,Trader T0333 | SOLUSDT | Price 96.28 | Qty 26
WASH_TRADE,MEDIUM,2026-03-03T19:34:39.250176,Trader T0333 | SOLUSDT | Price 98.1 | Qty 40
WASH_TRADE,MEDIUM,2026-03-03T19:34:39.250324,Trader T0333 | SOLUSDT | Price 97.09 | Qty 32
WASH_TRADE,MEDIUM,2026-03-03T19:34:39.253570,Trader T0333 | SOLUSDT | Price 96.08 | Qty 32
WASH_TRADE,MEDIUM,2026-03-03T19:34:39.255023,Trader T0334 | BTCUSDT | Price 41999.6 | Qty 34
WASH_TRADE,HIGH,2026-03-03T19:34:39.256701,Trader T0334 | BTCUSDT | Price 41995.36 | Qty 60
WASH_TRADE,MEDIUM,2026-03-03T19:34:39.258935,Trader T0334 | BTCUSDT | Price 42003.71 | Qty 20
WASH_TRADE,MEDIUM,2026-03-03T19:34:39.259700,Trader T0334 | BTCUSDT | Price 42000.97 | Qty 46
WASH_TRADE,HIGH,2026-03-03T19:34:39.259897,Trader T0334 | BTCUSDT | Price 42001.21 | Qty 60
WASH_TRADE,MEDIUM,2026-03-03T19:34:39.260553,Trader T0334 | BTCUSDT | Price 42001.55 | Qty 50
WASH_TRADE,MEDIUM,2026-03-03T19:34:39.266835,Trader T0334 | ETHUSDT | Price 2300.84 | Qty 50
WASH_TRADE,HIGH,2026-03-03T19:34:39.270249,Trader T0334 | SOLUSDT | Price 93.55 | Qty 58
WASH_TRADE,MEDIUM,2026-03-03T19:34:39.270567,Trader T0334 | SOLUSDT | Price 94.58 | Qty 50
WASH_TRADE,MEDIUM,2026-03-03T19:34:39.272021,Trader T0334 | SOLUSDT | Price 96.12 | Qty 50
WASH_TRADE,HIGH,2026-03-03T19:34:39.277723,Trader T0335 | BTCUSDT | Price 41999.82 | Qty 58
WASH_TRADE,MEDIUM,2026-03-03T19:34:39.280689,Trader T0335 | BTCUSDT | Price 41999.03 | Qty 40
WASH_TRADE,MEDIUM,2026-03-03T19:34:39.284313,Trader T0335 | ETHUSDT | Price 2304.93 | Qty 34
WASH_TRADE,MEDIUM,2026-03-03T19:34:39.285850,Trader T0335 | ETHUSDT | Price 2302.1 | Qty 48
WASH_TRADE,MEDIUM,2026-03-03T19:34:39.288488,Trader T0335 | ETHUSDT | Price 2300.64 | Qty 44
WASH_TRADE,HIGH,2026-03-03T19:34:39.288691,Trader T0335 | ETHUSDT | Price 2297.94 | Qty 54
WASH_TRADE,HIGH,2026-03-03T19:34:39.291737,Trader T0335 | SOLUSDT | Price 95.7 | Qty 58
WASH_TRADE,MEDIUM,2026-03-03T19:34:39.294074,Trader T0335 | SOLUSDT | Price 96.94 | Qty 30
WASH_TRADE,MEDIUM,2026-03-03T19:34:39.295519,Trader T0335 | SOLUSDT | Price 90.97 | Qty 38
WASH_TRADE,MEDIUM,2026-03-03T19:34:39.299764,Trader T0336 | BTCUSDT | Price 42000.68 | Qty 34
WASH_TRADE,MEDIUM,2026-03-03T19:34:39.302313,Trader T0336 | BTCUSDT | Price 42003.27 | Qty 22
WASH_TRADE,MEDIUM,2026-03-03T19:34:39.306057,Trader T0336 | ETHUSDT | Price 2302.2 | Qty 26
WASH_TRADE,MEDIUM,2026-03-03T19:34:39.306547,Trader T0336 | ETHUSDT | Price 2301.41 | Qty 20
WASH_TRADE,HIGH,2026-03-03T19:34:39.307675,Trader T0336 | ETHUSDT | Price 2298.54 | Qty 60
WASH_TRADE,MEDIUM,2026-03-03T19:34:39.313230,Trader T0336 | SOLUSDT | Price 98.26 | Qty 34
WASH_TRADE,MEDIUM,2026-03-03T19:34:39.314428,Trader T0336 | SOLUSDT | Price 95.15 | Qty 34
WASH_TRADE,MEDIUM,2026-03-03T19:34:39.314816,Trader T0336 | SOLUSDT | Price 93.5 | Qty 36
WASH_TRADE,MEDIUM,2026-03-03T19:34:39.314915,Trader T0336 | SOLUSDT | Price 95.2 | Qty 28
WASH_TRADE,MEDIUM,2026-03-03T19:34:39.316832,Trader T0336 | SOLUSDT | Price 93.67 | Qty 22
WASH_TRADE,MEDIUM,2026-03-03T19:34:39.319353,Trader T0337 | BTCUSDT | Price 41999.98 | Qty 26
WASH_TRADE,HIGH,2026-03-03T19:34:39.325435,Trader T0337 | BTCUSDT | Price 41997.32 | Qty 58
WASH_TRADE,HIGH,2026-03-03T19:34:39.328615,Trader T0337 | ETHUSDT | Price 2295.83 | Qty 58
WASH_TRADE,MEDIUM,2026-03-03T19:34:39.331820,Trader T0337 | ETHUSDT | Price 2295.07 | Qty 50
WASH_TRADE,MEDIUM,2026-03-03T19:34:39.338916,Trader T0337 | SOLUSDT | Price 94.16 | Qty 48
WASH_TRADE,MEDIUM,2026-03-03T19:34:39.341647,Trader T0338 | BTCUSDT | Price 41996.32 | Qty 46
WASH_TRADE,HIGH,2026-03-03T19:34:39.344838,Trader T0338 | BTCUSDT | Price 42001.93 | Qty 60
WASH_TRADE,MEDIUM,2026-03-03T19:34:39.346826,Trader T0338 | ETHUSDT | Price 2301.21 | Qty 32
WASH_TRADE,MEDIUM,2026-03-03T19:34:39.347487,Trader T0338 | ETHUSDT | Price 2300.29 | Qty 38
WASH_TRADE,MEDIUM,2026-03-03T19:34:39.350193,Trader T0338 | ETHUSDT | Price 2302.79 | Qty 34
WASH_TRADE,MEDIUM,2026-03-03T19:34:39.359399,Trader T0338 | SOLUSDT | Price 95.29 | Qty 26
WASH_TRADE,MEDIUM,2026-03-03T19:34:39.366929,Trader T0339 | ETHUSDT | Price 2296.95 | Qty 48
WASH_TRADE,MEDIUM,2026-03-03T19:34:39.367554,Trader T0339 | ETHUSDT | Price 2300.32 | Qty 42
WASH_TRADE,HIGH,2026-03-03T19:34:39.369113,Trader T0339 | ETHUSDT | Price 2302.01 | Qty 58
WASH_TRADE,MEDIUM,2026-03-03T19:34:39.369490,Trader T0339 | ETHUSDT | Price 2300.33 | Qty 40
WASH_TRADE,MEDIUM,2026-03-03T19:34:39.371568,Trader T0339 | ETHUSDT | Price 2300.37 | Qty 50
WASH_TRADE,MEDIUM,2026-03-03T19:34:39.373677,Trader T0339 | SOLUSDT | Price 97.92 | Qty 20
WASH_TRADE,MEDIUM,2026-03-03T19:34:39.378277,Trader T0339 | SOLUSDT | Price 93.3 | Qty 48
WASH_TRADE,HIGH,2026-03-03T19:34:39.387304,Trader T0340 | ETHUSDT | Price 2299.13 | Qty 60
WASH_TRADE,MEDIUM,2026-03-03T19:34:39.387960,Trader T0340 | ETHUSDT | Price 2298.17 | Qty 44
WASH_TRADE,MEDIUM,2026-03-03T19:34:39.389581,Trader T0340 | ETHUSDT | Price 2298.94 | Qty 22
WASH_TRADE,MEDIUM,2026-03-03T19:34:39.389927,Trader T0340 | ETHUSDT | Price 2303.2 | Qty 26
WASH_TRADE,HIGH,2026-03-03T19:34:39.395258,Trader T0340 | SOLUSDT | Price 91.67 | Qty 58
WASH_TRADE,HIGH,2026-03-03T19:34:39.395332,Trader T0340 | SOLUSDT | Price 96.05 | Qty 52
WASH_TRADE,HIGH,2026-03-03T19:34:39.395456,Trader T0340 | SOLUSDT | Price 98.09 | Qty 60
WASH_TRADE,MEDIUM,2026-03-03T19:34:39.399340,Trader T0341 | BTCUSDT | Price 41998.76 | Qty 38
WASH_TRADE,MEDIUM,2026-03-03T19:34:39.399488,Trader T0341 | BTCUSDT | Price 41998.82 | Qty 48
WASH_TRADE,HIGH,2026-03-03T19:34:39.408478,Trader T0341 | ETHUSDT | Price 2302.21 | Qty 56
WASH_TRADE,MEDIUM,2026-03-03T19:34:39.411716,Trader T0341 | SOLUSDT | Price 97.56 | Qty 20
WASH_TRADE,HIGH,2026-03-03T19:34:39.416464,Trader T0341 | SOLUSDT | Price 93.99 | Qty 54
WASH_TRADE,MEDIUM,2026-03-03T19:34:39.428163,Trader T0342 | ETHUSDT | Price 2297.84 | Qty 48
WASH_TRADE,MEDIUM,2026-03-03T19:34:39.429297,Trader T0342 | ETHUSDT | Price 2298.83 | Qty 48
WASH_TRADE,MEDIUM,2026-03-03T19:34:39.429965,Trader T0342 | ETHUSDT | Price 2303.29 | Qty 36
WASH_TRADE,MEDIUM,2026-03-03T19:34:39.431085,Trader T0342 | ETHUSDT | Price 2299.86 | Qty 40
WASH_TRADE,MEDIUM,2026-03-03T19:34:39.431806,Trader T0342 | ETHUSDT | Price 2302.88 | Qty 50
WASH_TRADE,MEDIUM,2026-03-03T19:34:39.435141,Trader T0342 | SOLUSDT | Price 93.45 | Qty 50
WASH_TRADE,MEDIUM,2026-03-03T19:34:39.440395,Trader T0343 | BTCUSDT | Price 41998.79 | Qty 28
WASH_TRADE,HIGH,2026-03-03T19:34:39.441831,Trader T0343 | BTCUSDT | Price 42000.87 | Qty 58
WASH_TRADE,HIGH,2026-03-03T19:34:39.448049,Trader T0343 | ETHUSDT | Price 2297.52 | Qty 52
WASH_TRADE,HIGH,2026-03-03T19:34:39.452771,Trader T0343 | ETHUSDT | Price 2299.67 | Qty 52
WASH_TRADE,MEDIUM,2026-03-03T19:34:39.455870,Trader T0343 | SOLUSDT | Price 94.41 | Qty 48
WASH_TRADE,MEDIUM,2026-03-03T19:34:39.462660,Trader T0344 | BTCUSDT | Price 41998.9 | Qty 48
WASH_TRADE,MEDIUM,2026-03-03T19:34:39.465287,Trader T0344 | BTCUSDT | Price 42002.54 | Qty 32
WASH_TRADE,MEDIUM,2026-03-03T19:34:39.467537,Trader T0344 | ETHUSDT | Price 2300.61 | Qty 38
WASH_TRADE,MEDIUM,2026-03-03T19:34:39.467717,Trader T0344 | ETHUSDT | Price 2302.15 | Qty 42
WASH_TRADE,MEDIUM,2026-03-03T19:34:39.467845,Trader T0344 | ETHUSDT | Price 2300.03 | Qty 30
WASH_TRADE,MEDIUM,2026-03-03T19:34:39.470528,Trader T0344 | ETHUSDT | Price 2298.98 | Qty 26
WASH_TRADE,MEDIUM,2026-03-03T19:34:39.473191,Trader T0344 | SOLUSDT | Price 96.44 | Qty 42
WASH_TRADE,HIGH,2026-03-03T19:34:39.478048,Trader T0344 | SOLUSDT | Price 96.4 | Qty 52
WASH_TRADE,HIGH,2026-03-03T19:34:39.488611,Trader T0345 | ETHUSDT | Price 2297.55 | Qty 58
WASH_TRADE,MEDIUM,2026-03-03T19:34:39.490544,Trader T0345 | ETHUSDT | Price 2302.07 | Qty 26
WASH_TRADE,HIGH,2026-03-03T19:34:39.490965,Trader T0345 | ETHUSDT | Price 2298.17 | Qty 60
WASH_TRADE,MEDIUM,2026-03-03T19:34:39.494239,Trader T0345 | SOLUSDT | Price 96.14 | Qty 28
WASH_TRADE,MEDIUM,2026-03-03T19:34:39.496185,Trader T0345 | SOLUSDT | Price 95.18 | Qty 48
WASH_TRADE,HIGH,2026-03-03T19:34:39.497739,Trader T0345 | SOLUSDT | Price 91.28 | Qty 52
WASH_TRADE,HIGH,2026-03-03T19:34:39.500244,Trader T0346 | BTCUSDT | Price 42000.53 | Qty 56
WASH_TRADE,HIGH,2026-03-03T19:34:39.502824,Trader T0346 | BTCUSDT | Price 42000.15 | Qty 54
WASH_TRADE,MEDIUM,2026-03-03T19:34:39.508600,Trader T0346 | ETHUSDT | Price 2300.05 | Qty 30
WASH_TRADE,MEDIUM,2026-03-03T19:34:39.508863,Trader T0346 | ETHUSDT | Price 2298.42 | Qty 36
WASH_TRADE,MEDIUM,2026-03-03T19:34:39.509836,Trader T0346 | ETHUSDT | Price 2297.77 | Qty 28
WASH_TRADE,MEDIUM,2026-03-03T19:34:39.527808,Trader T0346 | ETHUSDT | Price 2300.95 | Qty 28
WASH_TRADE,HIGH,2026-03-03T19:34:39.529237,Trader T0346 | SOLUSDT | Price 96.4 | Qty 54
WASH_TRADE,MEDIUM,2026-03-03T19:34:39.530870,Trader T0346 | SOLUSDT | Price 96.01 | Qty 42
WASH_TRADE,MEDIUM,2026-03-03T19:34:39.530940,Trader T0346 | SOLUSDT | Price 95.77 | Qty 50
WASH_TRADE,MEDIUM,2026-03-03T19:34:39.539132,Trader T0347 | BTCUSDT | Price 41999.12 | Qty 36
WASH_TRADE,MEDIUM,2026-03-03T19:34:39.539648,Trader T0347 | BTCUSDT | Price 42000.52 | Qty 30
WASH_TRADE,MEDIUM,2026-03-03T19:34:39.541248,Trader T0347 | BTCUSDT | Price 41998.95 | Qty 34
WASH_TRADE,MEDIUM,2026-03-03T19:34:39.543273,Trader T0347 | ETHUSDT | Price 2300.36 | Qty 28
WASH_TRADE,MEDIUM,2026-03-03T19:34:39.543635,Trader T0347 | ETHUSDT | Price 2297.49 | Qty 48
WASH_TRADE,MEDIUM,2026-03-03T19:34:39.547937,Trader T0347 | ETHUSDT | Price 2300.04 | Qty 46
WASH_TRADE,MEDIUM,2026-03-03T19:34:39.549617,Trader T0347 | ETHUSDT | Price 2301.33 | Qty 46
WASH_TRADE,MEDIUM,2026-03-03T19:34:39.549875,Trader T0347 | SOLUSDT | Price 94.19 | Qty 44
WASH_TRADE,HIGH,2026-03-03T19:34:39.554955,Trader T0347 | SOLUSDT | Price 95.35 | Qty 56
WASH_TRADE,MEDIUM,2026-03-03T19:34:39.556005,Trader T0347 | SOLUSDT | Price 91.67 | Qty 42
WASH_TRADE,MEDIUM,2026-03-03T19:34:39.556895,Trader T0348 | BTCUSDT | Price 42001.27 | Qty 34
WASH_TRADE,MEDIUM,2026-03-03T19:34:39.556996,Trader T0348 | BTCUSDT | Price 41996.31 | Qty 40
WASH_TRADE,HIGH,2026-03-03T19:34:39.566007,Trader T0348 | ETHUSDT | Price 2297.59 | Qty 54
WASH_TRADE,HIGH,2026-03-03T19:34:39.572191,Trader T0348 | SOLUSDT | Price 97.28 | Qty 56
WASH_TRADE,MEDIUM,2026-03-03T19:34:39.573235,Trader T0348 | SOLUSDT | Price 89.53 | Qty 38
WASH_TRADE,MEDIUM,2026-03-03T19:34:39.574935,Trader T0349 | BTCUSDT | Price 42000.81 | Qty 26
WASH_TRADE,MEDIUM,2026-03-03T19:34:39.577614,Trader T0349 | BTCUSDT | Price 42002.12 | Qty 38
WASH_TRADE,MEDIUM,2026-03-03T19:34:39.578043,Trader T0349 | BTCUSDT | Price 41999.92 | Qty 28
WASH_TRADE,MEDIUM,2026-03-03T19:34:39.580468,Trader T0349 | BTCUSDT | Price 41999.28 | Qty 48
WASH_TRADE,HIGH,2026-03-03T19:34:39.582521,Trader T0349 | ETHUSDT | Price 2300.78 | Qty 56
WASH_TRADE,HIGH,2026-03-03T19:34:39.587045,Trader T0349 | ETHUSDT | Price 2301.24 | Qty 52
WASH_TRADE,MEDIUM,2026-03-03T19:34:39.588013,Trader T0349 | SOLUSDT | Price 95.81 | Qty 34
WASH_TRADE,HIGH,2026-03-03T19:34:39.591833,Trader T0349 | SOLUSDT | Price 93.85 | Qty 54
WASH_TRADE,HIGH,2026-03-03T19:34:39.592315,Trader T0349 | SOLUSDT | Price 98.02 | Qty 56
WASH_TRADE,MEDIUM,2026-03-03T19:34:39.594034,Trader T0349 | SOLUSDT | Price 96.04 | Qty 24
WASH_TRADE,MEDIUM,2026-03-03T19:34:39.594728,Trader T0350 | BTCUSDT | Price 42003.47 | Qty 34
WASH_TRADE,HIGH,2026-03-03T19:34:39.598245,Trader T0350 | BTCUSDT | Price 41999.44 | Qty 58
WASH_TRADE,HIGH,2026-03-03T19:34:39.598720,Trader T0350 | BTCUSDT | Price 42000.09 | Qty 56
WASH_TRADE,MEDIUM,2026-03-03T19:34:39.600339,Trader T0350 | BTCUSDT | Price 41997.47 | Qty 42
WASH_TRADE,MEDIUM,2026-03-03T19:34:39.600802,Trader T0350 | BTCUSDT | Price 41999.13 | Qty 40
WASH_TRADE,MEDIUM,2026-03-03T19:34:39.601036,Trader T0350 | BTCUSDT | Price 41998.18 | Qty 50
WASH_TRADE,HIGH,2026-03-03T19:34:39.602065,Trader T0350 | ETHUSDT | Price 2301.45 | Qty 52
WASH_TRADE,MEDIUM,2026-03-03T19:34:39.602417,Trader T0350 | ETHUSDT | Price 2301.43 | Qty 22
WASH_TRADE,HIGH,2026-03-03T19:34:39.603520,Trader T0350 | ETHUSDT | Price 2299.06 | Qty 52
WASH_TRADE,MEDIUM,2026-03-03T19:34:39.611878,Trader T0350 | SOLUSDT | Price 99.88 | Qty 20
WASH_TRADE,MEDIUM,2026-03-03T19:34:39.614615,Trader T0350 | SOLUSDT | Price 94.09 | Qty 44
WASH_TRADE,MEDIUM,2026-03-03T19:34:39.615972,Trader T0351 | BTCUSDT | Price 41997.81 | Qty 30
WASH_TRADE,HIGH,2026-03-03T19:34:39.618890,Trader T0351 | BTCUSDT | Price 41999.62 | Qty 60
WASH_TRADE,HIGH,2026-03-03T19:34:39.621430,Trader T0351 | ETHUSDT | Price 2301.54 | Qty 52
WASH_TRADE,HIGH,2026-03-03T19:34:39.623071,Trader T0351 | ETHUSDT | Price 2301.82 | Qty 60
WASH_TRADE,MEDIUM,2026-03-03T19:34:39.623930,Trader T0351 | ETHUSDT | Price 2297.84 | Qty 38
WASH_TRADE,MEDIUM,2026-03-03T19:34:39.625776,Trader T0351 | ETHUSDT | Price 2300.63 | Qty 42
WASH_TRADE,MEDIUM,2026-03-03T19:34:39.627448,Trader T0351 | SOLUSDT | Price 95.58 | Qty 24
WASH_TRADE,HIGH,2026-03-03T19:34:39.629391,Trader T0351 | SOLUSDT | Price 95.92 | Qty 58
WASH_TRADE,HIGH,2026-03-03T19:34:39.630404,Trader T0351 | SOLUSDT | Price 93.77 | Qty 56
WASH_TRADE,HIGH,2026-03-03T19:34:39.631628,Trader T0351 | SOLUSDT | Price 93.22 | Qty 60
WASH_TRADE,MEDIUM,2026-03-03T19:34:39.635818,Trader T0352 | BTCUSDT | Price 42002.7 | Qty 28
WASH_TRADE,MEDIUM,2026-03-03T19:34:39.638993,Trader T0352 | BTCUSDT | Price 41999.91 | Qty 46
WASH_TRADE,MEDIUM,2026-03-03T19:34:39.639566,Trader T0352 | BTCUSDT | Price 41998.81 | Qty 28
WASH_TRADE,MEDIUM,2026-03-03T19:34:39.641550,Trader T0352 | ETHUSDT | Price 2297.43 | Qty 24
WASH_TRADE,MEDIUM,2026-03-03T19:34:39.642003,Trader T0352 | ETHUSDT | Price 2301.93 | Qty 22
WASH_TRADE,HIGH,2026-03-03T19:34:39.646660,Trader T0352 | ETHUSDT | Price 2303.33 | Qty 52
WASH_TRADE,HIGH,2026-03-03T19:34:39.648165,Trader T0352 | SOLUSDT | Price 93.94 | Qty 52
WASH_TRADE,MEDIUM,2026-03-03T19:34:39.652176,Trader T0352 | SOLUSDT | Price 95.37 | Qty 48
WASH_TRADE,MEDIUM,2026-03-03T19:34:39.652500,Trader T0352 | SOLUSDT | Price 93.58 | Qty 44
WASH_TRADE,MEDIUM,2026-03-03T19:34:39.655636,Trader T0353 | BTCUSDT | Price 41999.5 | Qty 32
WASH_TRADE,HIGH,2026-03-03T19:34:39.660681,Trader T0353 | ETHUSDT | Price 2300.31 | Qty 56
WASH_TRADE,HIGH,2026-03-03T19:34:39.665603,Trader T0353 | ETHUSDT | Price 2299.17 | Qty 52
WASH_TRADE,MEDIUM,2026-03-03T19:34:39.666142,Trader T0353 | ETHUSDT | Price 2298.05 | Qty 38
WASH_TRADE,MEDIUM,2026-03-03T19:34:39.667516,Trader T0353 | SOLUSDT | Price 93.94 | Qty 24
WASH_TRADE,MEDIUM,2026-03-03T19:34:39.670250,Trader T0353 | SOLUSDT | Price 95.13 | Qty 24
WASH_TRADE,HIGH,2026-03-03T19:34:39.675223,Trader T0354 | BTCUSDT | Price 42002.49 | Qty 54
WASH_TRADE,MEDIUM,2026-03-03T19:34:39.675339,Trader T0354 | BTCUSDT | Price 41998.55 | Qty 36
WASH_TRADE,MEDIUM,2026-03-03T19:34:39.676737,Trader T0354 | BTCUSDT | Price 42000.86 | Qty 44
WASH_TRADE,HIGH,2026-03-03T19:34:39.676783,Trader T0354 | BTCUSDT | Price 41997.72 | Qty 56
WASH_TRADE,MEDIUM,2026-03-03T19:34:39.680176,Trader T0354 | ETHUSDT | Price 2303.27 | Qty 28
WASH_TRADE,MEDIUM,2026-03-03T19:34:39.688763,Trader T0354 | SOLUSDT | Price 99.14 | Qty 48
WASH_TRADE,MEDIUM,2026-03-03T19:34:39.693043,Trader T0354 | SOLUSDT | Price 95.4 | Qty 30
WASH_TRADE,MEDIUM,2026-03-03T19:34:39.694644,Trader T0355 | BTCUSDT | Price 41997.04 | Qty 34
WASH_TRADE,HIGH,2026-03-03T19:34:39.695572,Trader T0355 | BTCUSDT | Price 42003.48 | Qty 58
WASH_TRADE,MEDIUM,2026-03-03T19:34:39.695764,Trader T0355 | BTCUSDT | Price 41995.91 | Qty 28
WASH_TRADE,HIGH,2026-03-03T19:34:39.697365,Trader T0355 | BTCUSDT | Price 41999.34 | Qty 52
WASH_TRADE,MEDIUM,2026-03-03T19:34:39.701513,Trader T0355 | BTCUSDT | Price 42002.6 | Qty 34
WASH_TRADE,HIGH,2026-03-03T19:34:39.702429,Trader T0355 | ETHUSDT | Price 2304.27 | Qty 54
WASH_TRADE,HIGH,2026-03-03T19:34:39.704698,Trader T0355 | ETHUSDT | Price 2299.61 | Qty 52
WASH_TRADE,MEDIUM,2026-03-03T19:34:39.705097,Trader T0355 | ETHUSDT | Price 2298.75 | Qty 48
WASH_TRADE,MEDIUM,2026-03-03T19:34:39.705776,Trader T0355 | ETHUSDT | Price 2299.41 | Qty 28
WASH_TRADE,MEDIUM,2026-03-03T19:34:39.707133,Trader T0355 | ETHUSDT | Price 2297.06 | Qty 24
WASH_TRADE,MEDIUM,2026-03-03T19:34:39.707179,Trader T0355 | ETHUSDT | Price 2305.1 | Qty 22
WASH_TRADE,MEDIUM,2026-03-03T19:34:39.709539,Trader T0355 | SOLUSDT | Price 93.52 | Qty 42
WASH_TRADE,MEDIUM,2026-03-03T19:34:39.711340,Trader T0355 | SOLUSDT | Price 94.96 | Qty 32
WASH_TRADE,MEDIUM,2026-03-03T19:34:39.717118,Trader T0356 | BTCUSDT | Price 41998.89 | Qty 40
WASH_TRADE,HIGH,2026-03-03T19:34:39.720127,Trader T0356 | BTCUSDT | Price 41999.34 | Qty 54
WASH_TRADE,MEDIUM,2026-03-03T19:34:39.721363,Trader T0356 | BTCUSDT | Price 42000.38 | Qty 20
WASH_TRADE,HIGH,2026-03-03T19:34:39.723368,Trader T0356 | ETHUSDT | Price 2302.89 | Qty 56
WASH_TRADE,HIGH,2026-03-03T19:34:39.723460,Trader T0356 | ETHUSDT | Price 2296.86 | Qty 54
WASH_TRADE,MEDIUM,2026-03-03T19:34:39.723885,Trader T0356 | ETHUSDT | Price 2301.34 | Qty 22
WASH_TRADE,MEDIUM,2026-03-03T19:34:39.724728,Trader T0356 | ETHUSDT | Price 2301.67 | Qty 32
WASH_TRADE,MEDIUM,2026-03-03T19:34:39.729714,Trader T0356 | SOLUSDT | Price 94.35 | Qty 28
WASH_TRADE,MEDIUM,2026-03-03T19:34:39.732016,Trader T0356 | SOLUSDT | Price 93.74 | Qty 50
WASH_TRADE,MEDIUM,2026-03-03T19:34:39.735646,Trader T0357 | BTCUSDT | Price 42002.68 | Qty 48
WASH_TRADE,MEDIUM,2026-03-03T19:34:39.740025,Trader T0357 | BTCUSDT | Price 42000.95 | Qty 28
WASH_TRADE,MEDIUM,2026-03-03T19:34:39.744379,Trader T0357 | ETHUSDT | Price 2300.21 | Qty 26
WASH_TRADE,MEDIUM,2026-03-03T19:34:39.751826,Trader T0358 | BTCUSDT | Price 41998.84 | Qty 20
WASH_TRADE,MEDIUM,2026-03-03T19:34:39.753465,Trader T0358 | BTCUSDT | Price 41997.32 | Qty 32
WASH_TRADE,MEDIUM,2026-03-03T19:34:39.755112,Trader T0358 | BTCUSDT | Price 42000.43 | Qty 48
WASH_TRADE,MEDIUM,2026-03-03T19:34:39.755641,Trader T0358 | BTCUSDT | Price 42000.43 | Qty 50
WASH_TRADE,HIGH,2026-03-03T19:34:39.756542,Trader T0358 | BTCUSDT | Price 42004.72 | Qty 56
WASH_TRADE,HIGH,2026-03-03T19:34:39.761729,Trader T0358 | ETHUSDT | Price 2297.49 | Qty 58
WASH_TRADE,MEDIUM,2026-03-03T19:34:39.762502,Trader T0358 | ETHUSDT | Price 2296.33 | Qty 36
WASH_TRADE,MEDIUM,2026-03-03T19:34:39.763835,Trader T0358 | ETHUSDT | Price 2299.48 | Qty 30
WASH_TRADE,MEDIUM,2026-03-03T19:34:39.766991,Trader T0358 | SOLUSDT | Price 95.4 | Qty 34
WASH_TRADE,HIGH,2026-03-03T19:34:39.769579,Trader T0358 | SOLUSDT | Price 96.94 | Qty 54
WASH_TRADE,MEDIUM,2026-03-03T19:34:39.772042,Trader T0359 | BTCUSDT | Price 42002.22 | Qty 26
WASH_TRADE,MEDIUM,2026-03-03T19:34:39.772647,Trader T0359 | BTCUSDT | Price 41999.76 | Qty 20
WASH_TRADE,MEDIUM,2026-03-03T19:34:39.775209,Trader T0359 | BTCUSDT | Price 41998.93 | Qty 44
WASH_TRADE,MEDIUM,2026-03-03T19:34:39.779283,Trader T0359 | ETHUSDT | Price 2300.86 | Qty 40
WASH_TRADE,MEDIUM,2026-03-03T19:34:39.784795,Trader T0359 | SOLUSDT | Price 94.03 | Qty 24
WASH_TRADE,HIGH,2026-03-03T19:34:39.792586,Trader T0360 | BTCUSDT | Price 41998.08 | Qty 56
WASH_TRADE,MEDIUM,2026-03-03T19:34:39.793384,Trader T0360 | BTCUSDT | Price 41998.86 | Qty 42
WASH_TRADE,MEDIUM,2026-03-03T19:34:39.796848,Trader T0360 | ETHUSDT | Price 2297.73 | Qty 36
WASH_TRADE,MEDIUM,2026-03-03T19:34:39.804862,Trader T0360 | SOLUSDT | Price 94.62 | Qty 42
WASH_TRADE,HIGH,2026-03-03T19:34:39.806472,Trader T0360 | SOLUSDT | Price 93.39 | Qty 52
WASH_TRADE,MEDIUM,2026-03-03T19:34:39.807695,Trader T0360 | SOLUSDT | Price 92.68 | Qty 38
WASH_TRADE,MEDIUM,2026-03-03T19:34:39.811564,Trader T0361 | BTCUSDT | Price 42000.97 | Qty 44
WASH_TRADE,MEDIUM,2026-03-03T19:34:39.817751,Trader T0361 | ETHUSDT | Price 2300.15 | Qty 48
WASH_TRADE,MEDIUM,2026-03-03T19:34:39.819564,Trader T0361 | SOLUSDT | Price 94.28 | Qty 46
WASH_TRADE,MEDIUM,2026-03-03T19:34:39.820311,Trader T0361 | SOLUSDT | Price 95.54 | Qty 28
WASH_TRADE,HIGH,2026-03-03T19:34:39.826212,Trader T0362 | BTCUSDT | Price 42000.81 | Qty 56
WASH_TRADE,HIGH,2026-03-03T19:34:39.830052,Trader T0362 | BTCUSDT | Price 42000.52 | Qty 56
WASH_TRADE,HIGH,2026-03-03T19:34:39.835487,Trader T0362 | ETHUSDT | Price 2300.72 | Qty 58
WASH_TRADE,MEDIUM,2026-03-03T19:34:39.836613,Trader T0362 | ETHUSDT | Price 2299.84 | Qty 50
WASH_TRADE,MEDIUM,2026-03-03T19:34:39.837233,Trader T0362 | ETHUSDT | Price 2299.73 | Qty 44
WASH_TRADE,MEDIUM,2026-03-03T19:34:39.842795,Trader T0362 | SOLUSDT | Price 93.06 | Qty 30
WASH_TRADE,HIGH,2026-03-03T19:34:39.846813,Trader T0363 | BTCUSDT | Price 42000.48 | Qty 52
WASH_TRADE,MEDIUM,2026-03-03T19:34:39.847711,Trader T0363 | BTCUSDT | Price 42003.03 | Qty 28
WASH_TRADE,MEDIUM,2026-03-03T19:34:39.849533,Trader T0363 | BTCUSDT | Price 42001.82 | Qty 30
WASH_TRADE,MEDIUM,2026-03-03T19:34:39.851696,Trader T0363 | ETHUSDT | Price 2303.46 | Qty 40
WASH_TRADE,MEDIUM,2026-03-03T19:34:39.852081,Trader T0363 | ETHUSDT | Price 2299.07 | Qty 38
WASH_TRADE,MEDIUM,2026-03-03T19:34:39.854093,Trader T0363 | ETHUSDT | Price 2302.29 | Qty 22
WASH_TRADE,MEDIUM,2026-03-03T19:34:39.863894,Trader T0364 | BTCUSDT | Price 41998.04 | Qty 46
WASH_TRADE,MEDIUM,2026-03-03T19:34:39.866558,Trader T0364 | BTCUSDT | Price 41999.7 | Qty 22
WASH_TRADE,MEDIUM,2026-03-03T19:34:39.869373,Trader T0364 | ETHUSDT | Price 2299.7 | Qty 32
WASH_TRADE,HIGH,2026-03-03T19:34:39.872915,Trader T0364 | ETHUSDT | Price 2298.51 | Qty 52
WASH_TRADE,MEDIUM,2026-03-03T19:34:39.878483,Trader T0364 | SOLUSDT | Price 92.15 | Qty 32
WASH_TRADE,MEDIUM,2026-03-03T19:34:39.880012,Trader T0364 | SOLUSDT | Price 94.35 | Qty 46
WASH_TRADE,MEDIUM,2026-03-03T19:34:39.880383,Trader T0364 | SOLUSDT | Price 92.95 | Qty 20
WASH_TRADE,HIGH,2026-03-03T19:34:39.883719,Trader T0365 | BTCUSDT | Price 41998.98 | Qty 56
WASH_TRADE,MEDIUM,2026-03-03T19:34:39.885284,Trader T0365 | BTCUSDT | Price 42000.87 | Qty 38
WASH_TRADE,HIGH,2026-03-03T19:34:39.897688,Trader T0365 | SOLUSDT | Price 95.76 | Qty 60
WASH_TRADE,MEDIUM,2026-03-03T19:34:39.914509,Trader T0366 | SOLUSDT | Price 94.63 | Qty 24
WASH_TRADE,MEDIUM,2026-03-03T19:34:39.914579,Trader T0366 | SOLUSDT | Price 95.06 | Qty 44
WASH_TRADE,MEDIUM,2026-03-03T19:34:39.914775,Trader T0366 | SOLUSDT | Price 96.62 | Qty 36
WASH_TRADE,HIGH,2026-03-03T19:34:39.924795,Trader T0367 | ETHUSDT | Price 2299.59 | Qty 60
WASH_TRADE,MEDIUM,2026-03-03T19:34:39.925448,Trader T0367 | ETHUSDT | Price 2300.2 | Qty 22
WASH_TRADE,MEDIUM,2026-03-03T19:34:39.929290,Trader T0367 | SOLUSDT | Price 94.18 | Qty 22
WASH_TRADE,MEDIUM,2026-03-03T19:34:39.936645,Trader T0368 | BTCUSDT | Price 42000.48 | Qty 42
WASH_TRADE,MEDIUM,2026-03-03T19:34:39.938447,Trader T0368 | BTCUSDT | Price 41994.92 | Qty 20
WASH_TRADE,MEDIUM,2026-03-03T19:34:39.939690,Trader T0368 | BTCUSDT | Price 41997.03 | Qty 28
WASH_TRADE,MEDIUM,2026-03-03T19:34:39.942313,Trader T0368 | BTCUSDT | Price 42000.6 | Qty 36
WASH_TRADE,MEDIUM,2026-03-03T19:34:39.942516,Trader T0368 | BTCUSDT | Price 42002.53 | Qty 44
WASH_TRADE,MEDIUM,2026-03-03T19:34:39.943360,Trader T0368 | ETHUSDT | Price 2298.27 | Qty 26
WASH_TRADE,MEDIUM,2026-03-03T19:34:39.944397,Trader T0368 | ETHUSDT | Price 2299.78 | Qty 50
WASH_TRADE,MEDIUM,2026-03-03T19:34:39.945509,Trader T0368 | ETHUSDT | Price 2299.86 | Qty 28
WASH_TRADE,HIGH,2026-03-03T19:34:39.946682,Trader T0368 | ETHUSDT | Price 2298.62 | Qty 56
WASH_TRADE,MEDIUM,2026-03-03T19:34:39.947275,Trader T0368 | ETHUSDT | Price 2297.16 | Qty 28
WASH_TRADE,MEDIUM,2026-03-03T19:34:39.947323,Trader T0368 | ETHUSDT | Price 2303.84 | Qty 26
WASH_TRADE,MEDIUM,2026-03-03T19:34:39.947853,Trader T0368 | ETHUSDT | Price 2302.82 | Qty 30
WASH_TRADE,HIGH,2026-03-03T19:34:39.948456,Trader T0368 | ETHUSDT | Price 2300.42 | Qty 54
WASH_TRADE,MEDIUM,2026-03-03T19:34:39.949191,Trader T0368 | ETHUSDT | Price 2298.02 | Qty 28
WASH_TRADE,MEDIUM,2026-03-03T19:34:39.950605,Trader T0368 | SOLUSDT | Price 93.57 | Qty 24
WASH_TRADE,MEDIUM,2026-03-03T19:34:39.951785,Trader T0368 | SOLUSDT | Price 96.6 | Qty 24
WASH_TRADE,MEDIUM,2026-03-03T19:34:39.952404,Trader T0368 | SOLUSDT | Price 96.99 | Qty 42
WASH_TRADE,MEDIUM,2026-03-03T19:34:39.957436,Trader T0369 | BTCUSDT | Price 42002.46 | Qty 22
WASH_TRADE,MEDIUM,2026-03-03T19:34:39.957536,Trader T0369 | BTCUSDT | Price 41998.94 | Qty 38
WASH_TRADE,MEDIUM,2026-03-03T19:34:39.958076,Trader T0369 | BTCUSDT | Price 42002.19 | Qty 40
WASH_TRADE,MEDIUM,2026-03-03T19:34:39.960884,Trader T0369 | BTCUSDT | Price 41999.25 | Qty 20
WASH_TRADE,MEDIUM,2026-03-03T19:34:39.960932,Trader T0369 | BTCUSDT | Price 42000.74 | Qty 40
WASH_TRADE,MEDIUM,2026-03-03T19:34:39.968904,Trader T0369 | ETHUSDT | Price 2299.4 | Qty 22
WASH_TRADE,HIGH,2026-03-03T19:34:39.979798,Trader T0370 | BTCUSDT | Price 42000.19 | Qty 54
WASH_TRADE,HIGH,2026-03-03T19:34:39.981210,Trader T0370 | BTCUSDT | Price 41996.75 | Qty 54
WASH_TRADE,HIGH,2026-03-03T19:34:39.982134,Trader T0370 | BTCUSDT | Price 41999.28 | Qty 60
WASH_TRADE,HIGH,2026-03-03T19:34:39.983717,Trader T0370 | ETHUSDT | Price 2304.16 | Qty 56
WASH_TRADE,MEDIUM,2026-03-03T19:34:39.985343,Trader T0370 | ETHUSDT | Price 2301.26 | Qty 32
WASH_TRADE,MEDIUM,2026-03-03T19:34:39.993484,Trader T0370 | SOLUSDT | Price 93.29 | Qty 42
WASH_TRADE,MEDIUM,2026-03-03T19:34:39.993554,Trader T0370 | SOLUSDT | Price 93.01 | Qty 30
WASH_TRADE,MEDIUM,2026-03-03T19:34:39.996608,Trader T0370 | SOLUSDT | Price 99.3 | Qty 48
WASH_TRADE,MEDIUM,2026-03-03T19:34:39.996849,Trader T0371 | BTCUSDT | Price 41999.47 | Qty 42
WASH_TRADE,MEDIUM,2026-03-03T19:34:39.998693,Trader T0371 | BTCUSDT | Price 41999.53 | Qty 38
WASH_TRADE,HIGH,2026-03-03T19:34:40.006558,Trader T0371 | ETHUSDT | Price 2299.91 | Qty 54
WASH_TRADE,MEDIUM,2026-03-03T19:34:40.007604,Trader T0371 | ETHUSDT | Price 2301.21 | Qty 48
WASH_TRADE,MEDIUM,2026-03-03T19:34:40.010500,Trader T0371 | SOLUSDT | Price 96.09 | Qty 28
WASH_TRADE,MEDIUM,2026-03-03T19:34:40.011704,Trader T0371 | SOLUSDT | Price 94.68 | Qty 26
WASH_TRADE,MEDIUM,2026-03-03T19:34:40.013345,Trader T0371 | SOLUSDT | Price 94.79 | Qty 50
WASH_TRADE,MEDIUM,2026-03-03T19:34:40.013649,Trader T0371 | SOLUSDT | Price 92.95 | Qty 28
WASH_TRADE,HIGH,2026-03-03T19:34:40.014813,Trader T0371 | SOLUSDT | Price 91.47 | Qty 56
WASH_TRADE,MEDIUM,2026-03-03T19:34:40.017393,Trader T0372 | BTCUSDT | Price 41998.69 | Qty 50
WASH_TRADE,MEDIUM,2026-03-03T19:34:40.018078,Trader T0372 | BTCUSDT | Price 42000.94 | Qty 46
WASH_TRADE,MEDIUM,2026-03-03T19:34:40.019619,Trader T0372 | BTCUSDT | Price 42000.82 | Qty 48
WASH_TRADE,MEDIUM,2026-03-03T19:34:40.019688,Trader T0372 | BTCUSDT | Price 42003.95 | Qty 28
WASH_TRADE,MEDIUM,2026-03-03T19:34:40.023425,Trader T0372 | ETHUSDT | Price 2301.87 | Qty 24
WASH_TRADE,MEDIUM,2026-03-03T19:34:40.024406,Trader T0372 | ETHUSDT | Price 2299.46 | Qty 46
WASH_TRADE,MEDIUM,2026-03-03T19:34:40.026105,Trader T0372 | ETHUSDT | Price 2298.71 | Qty 46
WASH_TRADE,MEDIUM,2026-03-03T19:34:40.026400,Trader T0372 | ETHUSDT | Price 2301.09 | Qty 40
WASH_TRADE,HIGH,2026-03-03T19:34:40.026866,Trader T0372 | ETHUSDT | Price 2300.54 | Qty 58
WASH_TRADE,MEDIUM,2026-03-03T19:34:40.032260,Trader T0372 | SOLUSDT | Price 92.52 | Qty 28
WASH_TRADE,MEDIUM,2026-03-03T19:34:40.038861,Trader T0373 | BTCUSDT | Price 42000.56 | Qty 24
WASH_TRADE,HIGH,2026-03-03T19:34:40.043626,Trader T0373 | ETHUSDT | Price 2300.26 | Qty 58
WASH_TRADE,HIGH,2026-03-03T19:34:40.047411,Trader T0373 | ETHUSDT | Price 2299.3 | Qty 56
WASH_TRADE,MEDIUM,2026-03-03T19:34:40.048354,Trader T0373 | ETHUSDT | Price 2298.87 | Qty 46
WASH_TRADE,MEDIUM,2026-03-03T19:34:40.050772,Trader T0373 | SOLUSDT | Price 97.43 | Qty 34
WASH_TRADE,MEDIUM,2026-03-03T19:34:40.052793,Trader T0373 | SOLUSDT | Price 96.99 | Qty 50
WASH_TRADE,MEDIUM,2026-03-03T19:34:40.053955,Trader T0373 | SOLUSDT | Price 96.52 | Qty 44
WASH_TRADE,HIGH,2026-03-03T19:34:40.057840,Trader T0374 | BTCUSDT | Price 41998.4 | Qty 54
WASH_TRADE,MEDIUM,2026-03-03T19:34:40.058964,Trader T0374 | BTCUSDT | Price 42004.49 | Qty 44
WASH_TRADE,HIGH,2026-03-03T19:34:40.067789,Trader T0374 | ETHUSDT | Price 2296.7 | Qty 60
WASH_TRADE,MEDIUM,2026-03-03T19:34:40.069614,Trader T0374 | SOLUSDT | Price 93.32 | Qty 44
WASH_TRADE,MEDIUM,2026-03-03T19:34:40.071145,Trader T0374 | SOLUSDT | Price 96.01 | Qty 28
WASH_TRADE,HIGH,2026-03-03T19:34:40.074361,Trader T0374 | SOLUSDT | Price 94.68 | Qty 52
WASH_TRADE,HIGH,2026-03-03T19:34:40.077213,Trader T0375 | BTCUSDT | Price 41998.94 | Qty 54
WASH_TRADE,MEDIUM,2026-03-03T19:34:40.085636,Trader T0375 | ETHUSDT | Price 2298.84 | Qty 22
WASH_TRADE,MEDIUM,2026-03-03T19:34:40.087458,Trader T0375 | ETHUSDT | Price 2299.08 | Qty 20
WASH_TRADE,HIGH,2026-03-03T19:34:40.088969,Trader T0375 | ETHUSDT | Price 2301.74 | Qty 52
WASH_TRADE,HIGH,2026-03-03T19:34:40.090461,Trader T0375 | SOLUSDT | Price 92.88 | Qty 56
WASH_TRADE,HIGH,2026-03-03T19:34:40.091445,Trader T0375 | SOLUSDT | Price 96.06 | Qty 54
WASH_TRADE,MEDIUM,2026-03-03T19:34:40.092034,Trader T0375 | SOLUSDT | Price 91.28 | Qty 38
WASH_TRADE,MEDIUM,2026-03-03T19:34:40.120234,Trader T0376 | BTCUSDT | Price 41999.65 | Qty 32
WASH_TRADE,MEDIUM,2026-03-03T19:34:40.121728,Trader T0376 | ETHUSDT | Price 2298.2 | Qty 38
WASH_TRADE,MEDIUM,2026-03-03T19:34:40.122405,Trader T0376 | ETHUSDT | Price 2301.22 | Qty 48
WASH_TRADE,MEDIUM,2026-03-03T19:34:40.130022,Trader T0376 | SOLUSDT | Price 96.29 | Qty 44
WASH_TRADE,MEDIUM,2026-03-03T19:34:40.139425,Trader T0377 | BTCUSDT | Price 42002.37 | Qty 42
WASH_TRADE,MEDIUM,2026-03-03T19:34:40.141285,Trader T0377 | ETHUSDT | Price 2299.36 | Qty 26
WASH_TRADE,MEDIUM,2026-03-03T19:34:40.145241,Trader T0377 | ETHUSDT | Price 2300.63 | Qty 20
WASH_TRADE,MEDIUM,2026-03-03T19:34:40.147427,Trader T0377 | SOLUSDT | Price 91.4 | Qty 42
WASH_TRADE,MEDIUM,2026-03-03T19:34:40.148525,Trader T0377 | SOLUSDT | Price 94.08 | Qty 40
WASH_TRADE,MEDIUM,2026-03-03T19:34:40.154441,Trader T0378 | BTCUSDT | Price 41994.28 | Qty 22
WASH_TRADE,MEDIUM,2026-03-03T19:34:40.158078,Trader T0378 | BTCUSDT | Price 41999.48 | Qty 46
WASH_TRADE,HIGH,2026-03-03T19:34:40.163809,Trader T0378 | ETHUSDT | Price 2301.08 | Qty 54
WASH_TRADE,MEDIUM,2026-03-03T19:34:40.165012,Trader T0378 | ETHUSDT | Price 2302.46 | Qty 36
WASH_TRADE,MEDIUM,2026-03-03T19:34:40.165698,Trader T0378 | ETHUSDT | Price 2300.41 | Qty 44
WASH_TRADE,MEDIUM,2026-03-03T19:34:40.173827,Trader T0379 | BTCUSDT | Price 41996.55 | Qty 30
WASH_TRADE,HIGH,2026-03-03T19:34:40.174669,Trader T0379 | BTCUSDT | Price 42000.47 | Qty 52
WASH_TRADE,MEDIUM,2026-03-03T19:34:40.175169,Trader T0379 | BTCUSDT | Price 41997.91 | Qty 32
WASH_TRADE,MEDIUM,2026-03-03T19:34:40.175790,Trader T0379 | BTCUSDT | Price 41998.2 | Qty 46
WASH_TRADE,MEDIUM,2026-03-03T19:34:40.178062,Trader T0379 | BTCUSDT | Price 41996.87 | Qty 34
WASH_TRADE,MEDIUM,2026-03-03T19:34:40.179576,Trader T0379 | ETHUSDT | Price 2301.71 | Qty 42
WASH_TRADE,MEDIUM,2026-03-03T19:34:40.179739,Trader T0379 | ETHUSDT | Price 2300.14 | Qty 38
WASH_TRADE,MEDIUM,2026-03-03T19:34:40.181533,Trader T0379 | ETHUSDT | Price 2302.94 | Qty 48
WASH_TRADE,MEDIUM,2026-03-03T19:34:40.181678,Trader T0379 | ETHUSDT | Price 2300.26 | Qty 48
WASH_TRADE,MEDIUM,2026-03-03T19:34:40.182231,Trader T0379 | ETHUSDT | Price 2297.08 | Qty 46
WASH_TRADE,MEDIUM,2026-03-03T19:34:40.184338,Trader T0379 | ETHUSDT | Price 2299.42 | Qty 34
WASH_TRADE,HIGH,2026-03-03T19:34:40.185774,Trader T0379 | SOLUSDT | Price 93.05 | Qty 54
WASH_TRADE,MEDIUM,2026-03-03T19:34:40.187610,Trader T0379 | SOLUSDT | Price 92.41 | Qty 30
WASH_TRADE,MEDIUM,2026-03-03T19:34:40.187719,Trader T0379 | SOLUSDT | Price 94.46 | Qty 24
WASH_TRADE,MEDIUM,2026-03-03T19:34:40.193041,Trader T0380 | BTCUSDT | Price 42005.21 | Qty 50
WASH_TRADE,MEDIUM,2026-03-03T19:34:40.194316,Trader T0380 | BTCUSDT | Price 41999.54 | Qty 36
WASH_TRADE,MEDIUM,2026-03-03T19:34:40.194635,Trader T0380 | BTCUSDT | Price 41999.6 | Qty 28
WASH_TRADE,MEDIUM,2026-03-03T19:34:40.198129,Trader T0380 | BTCUSDT | Price 41999.76 | Qty 34
WASH_TRADE,MEDIUM,2026-03-03T19:34:40.198686,Trader T0380 | ETHUSDT | Price 2300.42 | Qty 38
WASH_TRADE,HIGH,2026-03-03T19:34:40.198816,Trader T0380 | ETHUSDT | Price 2300.4 | Qty 54
WASH_TRADE,MEDIUM,2026-03-03T19:34:40.200916,Trader T0380 | ETHUSDT | Price 2300.1 | Qty 44
WASH_TRADE,MEDIUM,2026-03-03T19:34:40.205382,Trader T0380 | SOLUSDT | Price 97.67 | Qty 50
WASH_TRADE,MEDIUM,2026-03-03T19:34:40.205927,Trader T0380 | SOLUSDT | Price 98.67 | Qty 48
WASH_TRADE,MEDIUM,2026-03-03T19:34:40.206951,Trader T0380 | SOLUSDT | Price 95.39 | Qty 36
WASH_TRADE,HIGH,2026-03-03T19:34:40.208561,Trader T0380 | SOLUSDT | Price 95.5 | Qty 60
WASH_TRADE,MEDIUM,2026-03-03T19:34:40.209200,Trader T0380 | SOLUSDT | Price 97.45 | Qty 36
WASH_TRADE,MEDIUM,2026-03-03T19:34:40.212593,Trader T0381 | BTCUSDT | Price 42000.98 | Qty 26
WASH_TRADE,MEDIUM,2026-03-03T19:34:40.217414,Trader T0381 | ETHUSDT | Price 2301.73 | Qty 42
WASH_TRADE,HIGH,2026-03-03T19:34:40.219998,Trader T0381 | ETHUSDT | Price 2301.31 | Qty 60
WASH_TRADE,MEDIUM,2026-03-03T19:34:40.223307,Trader T0381 | ETHUSDT | Price 2296.4 | Qty 24
WASH_TRADE,MEDIUM,2026-03-03T19:34:40.225810,Trader T0381 | SOLUSDT | Price 97.95 | Qty 44
WASH_TRADE,MEDIUM,2026-03-03T19:34:40.225866,Trader T0381 | SOLUSDT | Price 94.82 | Qty 30
WASH_TRADE,HIGH,2026-03-03T19:34:40.225919,Trader T0381 | SOLUSDT | Price 94.27 | Qty 58
WASH_TRADE,MEDIUM,2026-03-03T19:34:40.228743,Trader T0381 | SOLUSDT | Price 96.94 | Qty 48
WASH_TRADE,MEDIUM,2026-03-03T19:34:40.230854,Trader T0381 | SOLUSDT | Price 94.7 | Qty 48
WASH_TRADE,MEDIUM,2026-03-03T19:34:40.232547,Trader T0382 | BTCUSDT | Price 42001.36 | Qty 26
WASH_TRADE,MEDIUM,2026-03-03T19:34:40.234593,Trader T0382 | BTCUSDT | Price 41998.85 | Qty 20
WASH_TRADE,MEDIUM,2026-03-03T19:34:40.234720,Trader T0382 | BTCUSDT | Price 41998.22 | Qty 28
WASH_TRADE,MEDIUM,2026-03-03T19:34:40.235102,Trader T0382 | BTCUSDT | Price 41999.18 | Qty 48
WASH_TRADE,HIGH,2026-03-03T19:34:40.236866,Trader T0382 | BTCUSDT | Price 42006.05 | Qty 60
WASH_TRADE,MEDIUM,2026-03-03T19:34:40.237426,Trader T0382 | BTCUSDT | Price 42000.3 | Qty 46
WASH_TRADE,MEDIUM,2026-03-03T19:34:40.237588,Trader T0382 | BTCUSDT | Price 42000.5 | Qty 38
WASH_TRADE,MEDIUM,2026-03-03T19:34:40.239583,Trader T0382 | ETHUSDT | Price 2303.34 | Qty 44
WASH_TRADE,MEDIUM,2026-03-03T19:34:40.239978,Trader T0382 | ETHUSDT | Price 2297.74 | Qty 44
WASH_TRADE,MEDIUM,2026-03-03T19:34:40.240764,Trader T0382 | ETHUSDT | Price 2299.19 | Qty 28
WASH_TRADE,HIGH,2026-03-03T19:34:40.245657,Trader T0382 | SOLUSDT | Price 97.46 | Qty 56
WASH_TRADE,MEDIUM,2026-03-03T19:34:40.246773,Trader T0382 | SOLUSDT | Price 94.99 | Qty 28
WASH_TRADE,HIGH,2026-03-03T19:34:40.259124,Trader T0383 | ETHUSDT | Price 2298.31 | Qty 54
WASH_TRADE,MEDIUM,2026-03-03T19:34:40.263002,Trader T0383 | ETHUSDT | Price 2298.84 | Qty 50
WASH_TRADE,MEDIUM,2026-03-03T19:34:40.263781,Trader T0383 | SOLUSDT | Price 92.46 | Qty 30
WASH_TRADE,HIGH,2026-03-03T19:34:40.264832,Trader T0383 | SOLUSDT | Price 93.07 | Qty 60
WASH_TRADE,MEDIUM,2026-03-03T19:34:40.266304,Trader T0383 | SOLUSDT | Price 95.51 | Qty 34
WASH_TRADE,MEDIUM,2026-03-03T19:34:40.266419,Trader T0383 | SOLUSDT | Price 93.63 | Qty 22
WASH_TRADE,MEDIUM,2026-03-03T19:34:40.268327,Trader T0383 | SOLUSDT | Price 93.07 | Qty 28
WASH_TRADE,HIGH,2026-03-03T19:34:40.269450,Trader T0383 | SOLUSDT | Price 90.22 | Qty 54
WASH_TRADE,MEDIUM,2026-03-03T19:34:40.271002,Trader T0384 | BTCUSDT | Price 42001.16 | Qty 48
WASH_TRADE,MEDIUM,2026-03-03T19:34:40.272854,Trader T0384 | BTCUSDT | Price 42001.59 | Qty 28
WASH_TRADE,MEDIUM,2026-03-03T19:34:40.274389,Trader T0384 | BTCUSDT | Price 41997.53 | Qty 46
WASH_TRADE,MEDIUM,2026-03-03T19:34:40.274560,Trader T0384 | BTCUSDT | Price 42001.91 | Qty 46
WASH_TRADE,MEDIUM,2026-03-03T19:34:40.277971,Trader T0384 | ETHUSDT | Price 2300.12 | Qty 32
WASH_TRADE,MEDIUM,2026-03-03T19:34:40.282173,Trader T0384 | ETHUSDT | Price 2301.83 | Qty 44
WASH_TRADE,MEDIUM,2026-03-03T19:34:40.282218,Trader T0384 | ETHUSDT | Price 2301.27 | Qty 22
WASH_TRADE,MEDIUM,2026-03-03T19:34:40.283807,Trader T0384 | SOLUSDT | Price 94.35 | Qty 22
WASH_TRADE,MEDIUM,2026-03-03T19:34:40.284443,Trader T0384 | SOLUSDT | Price 95.94 | Qty 30
WASH_TRADE,MEDIUM,2026-03-03T19:34:40.288648,Trader T0385 | BTCUSDT | Price 42000.45 | Qty 42
WASH_TRADE,HIGH,2026-03-03T19:34:40.290825,Trader T0385 | BTCUSDT | Price 42003.0 | Qty 52
WASH_TRADE,HIGH,2026-03-03T19:34:40.291896,Trader T0385 | BTCUSDT | Price 42000.62 | Qty 52
WASH_TRADE,HIGH,2026-03-03T19:34:40.298265,Trader T0385 | ETHUSDT | Price 2300.01 | Qty 54
WASH_TRADE,HIGH,2026-03-03T19:34:40.300362,Trader T0385 | SOLUSDT | Price 94.34 | Qty 60
WASH_TRADE,MEDIUM,2026-03-03T19:34:40.302442,Trader T0385 | SOLUSDT | Price 95.31 | Qty 20
WASH_TRADE,MEDIUM,2026-03-03T19:34:40.303368,Trader T0385 | SOLUSDT | Price 93.58 | Qty 40
WASH_TRADE,HIGH,2026-03-03T19:34:40.304027,Trader T0385 | SOLUSDT | Price 94.8 | Qty 52
WASH_TRADE,MEDIUM,2026-03-03T19:34:40.304780,Trader T0385 | SOLUSDT | Price 92.4 | Qty 40
WASH_TRADE,MEDIUM,2026-03-03T19:34:40.309457,Trader T0386 | BTCUSDT | Price 41999.73 | Qty 50
WASH_TRADE,HIGH,2026-03-03T19:34:40.312520,Trader T0386 | ETHUSDT | Price 2301.88 | Qty 52
WASH_TRADE,MEDIUM,2026-03-03T19:34:40.316409,Trader T0386 | ETHUSDT | Price 2301.79 | Qty 34
WASH_TRADE,MEDIUM,2026-03-03T19:34:40.320637,Trader T0386 | SOLUSDT | Price 90.59 | Qty 26
WASH_TRADE,HIGH,2026-03-03T19:34:40.332404,Trader T0387 | ETHUSDT | Price 2304.93 | Qty 56
WASH_TRADE,MEDIUM,2026-03-03T19:34:40.335110,Trader T0387 | ETHUSDT | Price 2300.32 | Qty 34
WASH_TRADE,MEDIUM,2026-03-03T19:34:40.337088,Trader T0387 | ETHUSDT | Price 2301.88 | Qty 42
WASH_TRADE,MEDIUM,2026-03-03T19:34:40.342438,Trader T0387 | SOLUSDT | Price 90.84 | Qty 40
WASH_TRADE,HIGH,2026-03-03T19:34:40.344095,Trader T0387 | SOLUSDT | Price 94.89 | Qty 60
WASH_TRADE,MEDIUM,2026-03-03T19:34:40.349693,Trader T0388 | BTCUSDT | Price 42003.91 | Qty 22
WASH_TRADE,HIGH,2026-03-03T19:34:40.350181,Trader T0388 | BTCUSDT | Price 42000.32 | Qty 60
WASH_TRADE,MEDIUM,2026-03-03T19:34:40.356546,Trader T0388 | ETHUSDT | Price 2299.84 | Qty 20
WASH_TRADE,MEDIUM,2026-03-03T19:34:40.356763,Trader T0388 | ETHUSDT | Price 2304.54 | Qty 26
WASH_TRADE,HIGH,2026-03-03T19:34:40.359935,Trader T0388 | SOLUSDT | Price 95.24 | Qty 54
WASH_TRADE,HIGH,2026-03-03T19:34:40.360503,Trader T0388 | SOLUSDT | Price 94.66 | Qty 60
WASH_TRADE,MEDIUM,2026-03-03T19:34:40.361766,Trader T0388 | SOLUSDT | Price 94.87 | Qty 46
WASH_TRADE,MEDIUM,2026-03-03T19:34:40.362542,Trader T0388 | SOLUSDT | Price 95.65 | Qty 22
WASH_TRADE,MEDIUM,2026-03-03T19:34:40.364005,Trader T0389 | BTCUSDT | Price 41998.41 | Qty 22
WASH_TRADE,MEDIUM,2026-03-03T19:34:40.365279,Trader T0389 | BTCUSDT | Price 41999.71 | Qty 40
WASH_TRADE,MEDIUM,2026-03-03T19:34:40.367010,Trader T0389 | BTCUSDT | Price 41998.71 | Qty 40
WASH_TRADE,MEDIUM,2026-03-03T19:34:40.369019,Trader T0389 | BTCUSDT | Price 41996.48 | Qty 32
WASH_TRADE,HIGH,2026-03-03T19:34:40.369246,Trader T0389 | BTCUSDT | Price 42000.15 | Qty 52
WASH_TRADE,MEDIUM,2026-03-03T19:34:40.369990,Trader T0389 | BTCUSDT | Price 41998.06 | Qty 48
WASH_TRADE,MEDIUM,2026-03-03T19:34:40.371897,Trader T0389 | ETHUSDT | Price 2299.61 | Qty 20
WASH_TRADE,MEDIUM,2026-03-03T19:34:40.372780,Trader T0389 | ETHUSDT | Price 2299.55 | Qty 34
WASH_TRADE,MEDIUM,2026-03-03T19:34:40.375439,Trader T0389 | ETHUSDT | Price 2297.18 | Qty 44
WASH_TRADE,MEDIUM,2026-03-03T19:34:40.376807,Trader T0389 | ETHUSDT | Price 2302.22 | Qty 24
WASH_TRADE,MEDIUM,2026-03-03T19:34:40.379606,Trader T0389 | SOLUSDT | Price 93.7 | Qty 22
WASH_TRADE,MEDIUM,2026-03-03T19:34:40.381067,Trader T0389 | SOLUSDT | Price 91.51 | Qty 34
WASH_TRADE,MEDIUM,2026-03-03T19:34:40.386755,Trader T0390 | BTCUSDT | Price 41998.76 | Qty 30
WASH_TRADE,HIGH,2026-03-03T19:34:40.386801,Trader T0390 | BTCUSDT | Price 42002.93 | Qty 52
WASH_TRADE,MEDIUM,2026-03-03T19:34:40.388300,Trader T0390 | BTCUSDT | Price 41998.97 | Qty 48
WASH_TRADE,MEDIUM,2026-03-03T19:34:40.389825,Trader T0390 | ETHUSDT | Price 2297.15 | Qty 40
WASH_TRADE,MEDIUM,2026-03-03T19:34:40.390874,Trader T0390 | ETHUSDT | Price 2300.7 | Qty 24
WASH_TRADE,MEDIUM,2026-03-03T19:34:40.391676,Trader T0390 | ETHUSDT | Price 2301.89 | Qty 46
WASH_TRADE,MEDIUM,2026-03-03T19:34:40.391947,Trader T0390 | ETHUSDT | Price 2299.15 | Qty 22
WASH_TRADE,MEDIUM,2026-03-03T19:34:40.393478,Trader T0390 | ETHUSDT | Price 2302.19 | Qty 36
WASH_TRADE,MEDIUM,2026-03-03T19:34:40.396653,Trader T0390 | SOLUSDT | Price 97.84 | Qty 50
WASH_TRADE,HIGH,2026-03-03T19:34:40.400896,Trader T0390 | SOLUSDT | Price 94.61 | Qty 58
WASH_TRADE,MEDIUM,2026-03-03T19:34:40.407849,Trader T0391 | BTCUSDT | Price 41999.73 | Qty 46
WASH_TRADE,HIGH,2026-03-03T19:34:40.410877,Trader T0391 | ETHUSDT | Price 2301.78 | Qty 54
WASH_TRADE,MEDIUM,2026-03-03T19:34:40.412932,Trader T0391 | ETHUSDT | Price 2298.88 | Qty 38
WASH_TRADE,MEDIUM,2026-03-03T19:34:40.413597,Trader T0391 | ETHUSDT | Price 2296.97 | Qty 50
WASH_TRADE,HIGH,2026-03-03T19:34:40.415130,Trader T0391 | ETHUSDT | Price 2298.15 | Qty 54
WASH_TRADE,MEDIUM,2026-03-03T19:34:40.415620,Trader T0391 | SOLUSDT | Price 94.77 | Qty 48
WASH_TRADE,MEDIUM,2026-03-03T19:34:40.417882,Trader T0391 | SOLUSDT | Price 92.75 | Qty 38
WASH_TRADE,HIGH,2026-03-03T19:34:40.418075,Trader T0391 | SOLUSDT | Price 98.59 | Qty 60
WASH_TRADE,MEDIUM,2026-03-03T19:34:40.422471,Trader T0392 | BTCUSDT | Price 42001.68 | Qty 42
WASH_TRADE,HIGH,2026-03-03T19:34:40.423144,Trader T0392 | BTCUSDT | Price 42000.43 | Qty 56
WASH_TRADE,MEDIUM,2026-03-03T19:34:40.425082,Trader T0392 | BTCUSDT | Price 42002.23 | Qty 34
WASH_TRADE,MEDIUM,2026-03-03T19:34:40.428585,Trader T0392 | ETHUSDT | Price 2294.11 | Qty 30
WASH_TRADE,HIGH,2026-03-03T19:34:40.430818,Trader T0392 | ETHUSDT | Price 2296.59 | Qty 58
WASH_TRADE,MEDIUM,2026-03-03T19:34:40.431901,Trader T0392 | ETHUSDT | Price 2298.46 | Qty 42
WASH_TRADE,MEDIUM,2026-03-03T19:34:40.438730,Trader T0392 | SOLUSDT | Price 94.97 | Qty 28
WASH_TRADE,MEDIUM,2026-03-03T19:34:40.441061,Trader T0392 | SOLUSDT | Price 96.52 | Qty 50
WASH_TRADE,MEDIUM,2026-03-03T19:34:40.448320,Trader T0393 | ETHUSDT | Price 2297.43 | Qty 22
WASH_TRADE,HIGH,2026-03-03T19:34:40.450011,Trader T0393 | ETHUSDT | Price 2300.92 | Qty 56
WASH_TRADE,HIGH,2026-03-03T19:34:40.452323,Trader T0393 | ETHUSDT | Price 2299.7 | Qty 58
WASH_TRADE,MEDIUM,2026-03-03T19:34:40.452486,Trader T0393 | ETHUSDT | Price 2296.16 | Qty 26
WASH_TRADE,MEDIUM,2026-03-03T19:34:40.454558,Trader T0393 | ETHUSDT | Price 2301.18 | Qty 36
WASH_TRADE,MEDIUM,2026-03-03T19:34:40.454959,Trader T0393 | ETHUSDT | Price 2299.62 | Qty 50
WASH_TRADE,HIGH,2026-03-03T19:34:40.458915,Trader T0393 | SOLUSDT | Price 95.28 | Qty 56
WASH_TRADE,HIGH,2026-03-03T19:34:40.460470,Trader T0393 | SOLUSDT | Price 95.38 | Qty 56
WASH_TRADE,MEDIUM,2026-03-03T19:34:40.463545,Trader T0394 | BTCUSDT | Price 42000.04 | Qty 20
WASH_TRADE,HIGH,2026-03-03T19:34:40.463754,Trader T0394 | BTCUSDT | Price 41997.02 | Qty 60
WASH_TRADE,MEDIUM,2026-03-03T19:34:40.465556,Trader T0394 | BTCUSDT | Price 42000.66 | Qty 24
WASH_TRADE,MEDIUM,2026-03-03T19:34:40.466721,Trader T0394 | BTCUSDT | Price 41998.77 | Qty 48
WASH_TRADE,MEDIUM,2026-03-03T19:34:40.469435,Trader T0394 | ETHUSDT | Price 2298.7 | Qty 38
WASH_TRADE,HIGH,2026-03-03T19:34:40.472488,Trader T0394 | ETHUSDT | Price 2298.83 | Qty 54
WASH_TRADE,MEDIUM,2026-03-03T19:34:40.475578,Trader T0394 | SOLUSDT | Price 93.65 | Qty 20
WASH_TRADE,HIGH,2026-03-03T19:34:40.475969,Trader T0394 | SOLUSDT | Price 91.19 | Qty 60
WASH_TRADE,MEDIUM,2026-03-03T19:34:40.476143,Trader T0394 | SOLUSDT | Price 96.61 | Qty 42
WASH_TRADE,HIGH,2026-03-03T19:34:40.478330,Trader T0394 | SOLUSDT | Price 93.06 | Qty 60
WASH_TRADE,HIGH,2026-03-03T19:34:40.480777,Trader T0395 | BTCUSDT | Price 42000.0 | Qty 60
WASH_TRADE,MEDIUM,2026-03-03T19:34:40.487002,Trader T0395 | ETHUSDT | Price 2301.19 | Qty 30
WASH_TRADE,MEDIUM,2026-03-03T19:34:40.490427,Trader T0395 | ETHUSDT | Price 2300.21 | Qty 22
WASH_TRADE,HIGH,2026-03-03T19:34:40.491058,Trader T0395 | ETHUSDT | Price 2300.48 | Qty 54
WASH_TRADE,MEDIUM,2026-03-03T19:34:40.497326,Trader T0395 | SOLUSDT | Price 93.86 | Qty 24
WASH_TRADE,MEDIUM,2026-03-03T19:34:40.500615,Trader T0396 | BTCUSDT | Price 41999.17 | Qty 26
WASH_TRADE,MEDIUM,2026-03-03T19:34:40.500716,Trader T0396 | BTCUSDT | Price 42001.9 | Qty 34
WASH_TRADE,MEDIUM,2026-03-03T19:34:40.501569,Trader T0396 | BTCUSDT | Price 41999.86 | Qty 42
WASH_TRADE,HIGH,2026-03-03T19:34:40.504501,Trader T0396 | BTCUSDT | Price 41998.75 | Qty 52
WASH_TRADE,MEDIUM,2026-03-03T19:34:40.505403,Trader T0396 | BTCUSDT | Price 41999.71 | Qty 28
WASH_TRADE,MEDIUM,2026-03-03T19:34:40.509673,Trader T0396 | ETHUSDT | Price 2302.15 | Qty 20
WASH_TRADE,MEDIUM,2026-03-03T19:34:40.517253,Trader T0396 | SOLUSDT | Price 95.63 | Qty 22
WASH_TRADE,MEDIUM,2026-03-03T19:34:40.518621,Trader T0397 | BTCUSDT | Price 42002.21 | Qty 48
WASH_TRADE,HIGH,2026-03-03T19:34:40.521517,Trader T0397 | BTCUSDT | Price 42000.09 | Qty 56
WASH_TRADE,HIGH,2026-03-03T19:34:40.525627,Trader T0397 | ETHUSDT | Price 2302.19 | Qty 56
WASH_TRADE,MEDIUM,2026-03-03T19:34:40.525989,Trader T0397 | ETHUSDT | Price 2298.19 | Qty 22
WASH_TRADE,MEDIUM,2026-03-03T19:34:40.526797,Trader T0397 | ETHUSDT | Price 2302.09 | Qty 48
WASH_TRADE,HIGH,2026-03-03T19:34:40.527457,Trader T0397 | ETHUSDT | Price 2297.34 | Qty 52
WASH_TRADE,HIGH,2026-03-03T19:34:40.527867,Trader T0397 | ETHUSDT | Price 2301.71 | Qty 52
WASH_TRADE,MEDIUM,2026-03-03T19:34:40.529309,Trader T0397 | ETHUSDT | Price 2301.14 | Qty 46
WASH_TRADE,MEDIUM,2026-03-03T19:34:40.534290,Trader T0397 | SOLUSDT | Price 96.06 | Qty 28
WASH_TRADE,MEDIUM,2026-03-03T19:34:40.534744,Trader T0397 | SOLUSDT | Price 99.78 | Qty 28
WASH_TRADE,MEDIUM,2026-03-03T19:34:40.538797,Trader T0398 | BTCUSDT | Price 42000.78 | Qty 48
WASH_TRADE,MEDIUM,2026-03-03T19:34:40.541371,Trader T0398 | BTCUSDT | Price 42000.51 | Qty 42
WASH_TRADE,HIGH,2026-03-03T19:34:40.542484,Trader T0398 | BTCUSDT | Price 42003.99 | Qty 54
WASH_TRADE,HIGH,2026-03-03T19:34:40.543801,Trader T0398 | BTCUSDT | Price 41998.93 | Qty 58
WASH_TRADE,MEDIUM,2026-03-03T19:34:40.544784,Trader T0398 | BTCUSDT | Price 41998.93 | Qty 44
WASH_TRADE,MEDIUM,2026-03-03T19:34:40.547420,Trader T0398 | ETHUSDT | Price 2300.17 | Qty 20
WASH_TRADE,MEDIUM,2026-03-03T19:34:40.552465,Trader T0398 | SOLUSDT | Price 95.38 | Qty 42
WASH_TRADE,MEDIUM,2026-03-03T19:34:40.557522,Trader T0398 | SOLUSDT | Price 94.69 | Qty 36
WASH_TRADE,MEDIUM,2026-03-03T19:34:40.558055,Trader T0399 | BTCUSDT | Price 42001.0 | Qty 44
WASH_TRADE,MEDIUM,2026-03-03T19:34:40.562943,Trader T0399 | BTCUSDT | Price 41998.01 | Qty 34
WASH_TRADE,MEDIUM,2026-03-03T19:34:40.569186,Trader T0399 | ETHUSDT | Price 2298.57 | Qty 20
WASH_TRADE,MEDIUM,2026-03-03T19:34:40.570079,Trader T0399 | ETHUSDT | Price 2302.5 | Qty 44
WASH_TRADE,HIGH,2026-03-03T19:34:40.572273,Trader T0399 | SOLUSDT | Price 95.41 | Qty 60
WASH_TRADE,MEDIUM,2026-03-03T19:34:40.573170,Trader T0399 | SOLUSDT | Price 93.28 | Qty 20
WASH_TRADE,MEDIUM,2026-03-03T19:34:40.574782,Trader T0399 | SOLUSDT | Price 95.37 | Qty 40
WASH_TRADE,MEDIUM,2026-03-03T19:34:40.574959,Trader T0399 | SOLUSDT | Price 97.16 | Qty 38
WASH_TRADE,MEDIUM,2026-03-03T19:34:40.575120,Trader T0399 | SOLUSDT | Price 93.56 | Qty 26
WASH_TRADE,MEDIUM,2026-03-03T19:34:40.576511,Trader T0400 | BTCUSDT | Price 42000.83 | Qty 30
WASH_TRADE,HIGH,2026-03-03T19:34:40.581429,Trader T0400 | BTCUSDT | Price 42000.5 | Qty 60
WASH_TRADE,MEDIUM,2026-03-03T19:34:40.585205,Trader T0400 | ETHUSDT | Price 2299.48 | Qty 20
WASH_TRADE,MEDIUM,2026-03-03T19:34:40.594778,Trader T0400 | SOLUSDT | Price 95.18 | Qty 50
WASH_TRADE,HIGH,2026-03-03T19:34:40.595103,Trader T0400 | SOLUSDT | Price 94.78 | Qty 56
WASH_TRADE,MEDIUM,2026-03-03T19:34:40.599036,Trader T0401 | BTCUSDT | Price 42002.01 | Qty 46
WASH_TRADE,HIGH,2026-03-03T19:34:40.599254,Trader T0401 | BTCUSDT | Price 42001.41 | Qty 58
WASH_TRADE,MEDIUM,2026-03-03T19:34:40.599431,Trader T0401 | BTCUSDT | Price 41998.25 | Qty 50
WASH_TRADE,MEDIUM,2026-03-03T19:34:40.602369,Trader T0401 | ETHUSDT | Price 2302.45 | Qty 48
WASH_TRADE,MEDIUM,2026-03-03T19:34:40.604955,Trader T0401 | ETHUSDT | Price 2299.84 | Qty 20
WASH_TRADE,MEDIUM,2026-03-03T19:34:40.606022,Trader T0401 | ETHUSDT | Price 2299.71 | Qty 24
WASH_TRADE,HIGH,2026-03-03T19:34:40.606829,Trader T0401 | ETHUSDT | Price 2298.97 | Qty 52
WASH_TRADE,MEDIUM,2026-03-03T19:34:40.609229,Trader T0401 | SOLUSDT | Price 97.1 | Qty 22
WASH_TRADE,MEDIUM,2026-03-03T19:34:40.612820,Trader T0401 | SOLUSDT | Price 98.03 | Qty 50
WASH_TRADE,MEDIUM,2026-03-03T19:34:40.614329,Trader T0402 | BTCUSDT | Price 42003.96 | Qty 24
WASH_TRADE,MEDIUM,2026-03-03T19:34:40.614834,Trader T0402 | BTCUSDT | Price 41997.71 | Qty 20
WASH_TRADE,HIGH,2026-03-03T19:34:40.615496,Trader T0402 | BTCUSDT | Price 41996.17 | Qty 56
WASH_TRADE,MEDIUM,2026-03-03T19:34:40.619168,Trader T0402 | BTCUSDT | Price 41996.62 | Qty 44
WASH_TRADE,MEDIUM,2026-03-03T19:34:40.619899,Trader T0402 | ETHUSDT | Price 2295.93 | Qty 32
WASH_TRADE,MEDIUM,2026-03-03T19:34:40.623074,Trader T0402 | ETHUSDT | Price 2301.46 | Qty 30
WASH_TRADE,MEDIUM,2026-03-03T19:34:40.627000,Trader T0402 | SOLUSDT | Price 95.11 | Qty 24
WASH_TRADE,MEDIUM,2026-03-03T19:34:40.627275,Trader T0402 | SOLUSDT | Price 94.55 | Qty 46
WASH_TRADE,MEDIUM,2026-03-03T19:34:40.629992,Trader T0402 | SOLUSDT | Price 96.57 | Qty 32
WASH_TRADE,MEDIUM,2026-03-03T19:34:40.632926,Trader T0403 | BTCUSDT | Price 41999.34 | Qty 34
WASH_TRADE,MEDIUM,2026-03-03T19:34:40.633964,Trader T0403 | BTCUSDT | Price 41998.2 | Qty 32
WASH_TRADE,MEDIUM,2026-03-03T19:34:40.635316,Trader T0403 | BTCUSDT | Price 41997.74 | Qty 24
WASH_TRADE,HIGH,2026-03-03T19:34:40.636184,Trader T0403 | BTCUSDT | Price 41996.79 | Qty 60
WASH_TRADE,HIGH,2026-03-03T19:34:40.638052,Trader T0403 | BTCUSDT | Price 42001.22 | Qty 54
WASH_TRADE,MEDIUM,2026-03-03T19:34:40.639351,Trader T0403 | ETHUSDT | Price 2300.44 | Qty 44
WASH_TRADE,HIGH,2026-03-03T19:34:40.640432,Trader T0403 | ETHUSDT | Price 2295.1 | Qty 58
WASH_TRADE,HIGH,2026-03-03T19:34:40.645122,Trader T0403 | ETHUSDT | Price 2300.4 | Qty 58
WASH_TRADE,MEDIUM,2026-03-03T19:34:40.645389,Trader T0403 | SOLUSDT | Price 97.61 | Qty 36
WASH_TRADE,HIGH,2026-03-03T19:34:40.647403,Trader T0403 | SOLUSDT | Price 95.64 | Qty 54
WASH_TRADE,MEDIUM,2026-03-03T19:34:40.650533,Trader T0403 | SOLUSDT | Price 92.97 | Qty 42
WASH_TRADE,HIGH,2026-03-03T19:34:40.654017,Trader T0404 | BTCUSDT | Price 41998.92 | Qty 60
WASH_TRADE,MEDIUM,2026-03-03T19:34:40.654462,Trader T0404 | BTCUSDT | Price 42000.43 | Qty 38
WASH_TRADE,HIGH,2026-03-03T19:34:40.662844,Trader T0404 | ETHUSDT | Price 2300.7 | Qty 52
WASH_TRADE,MEDIUM,2026-03-03T19:34:40.663194,Trader T0404 | ETHUSDT | Price 2302.35 | Qty 24
WASH_TRADE,HIGH,2026-03-03T19:34:40.670278,Trader T0404 | SOLUSDT | Price 93.42 | Qty 58
WASH_TRADE,MEDIUM,2026-03-03T19:34:40.671484,Trader T0404 | SOLUSDT | Price 94.93 | Qty 26
WASH_TRADE,MEDIUM,2026-03-03T19:34:40.695775,Trader T0405 | ETHUSDT | Price 2302.06 | Qty 46
WASH_TRADE,MEDIUM,2026-03-03T19:34:40.701633,Trader T0405 | SOLUSDT | Price 90.94 | Qty 38
WASH_TRADE,HIGH,2026-03-03T19:34:40.704837,Trader T0405 | SOLUSDT | Price 93.41 | Qty 58
WASH_TRADE,MEDIUM,2026-03-03T19:34:40.705210,Trader T0405 | SOLUSDT | Price 92.03 | Qty 20
WASH_TRADE,MEDIUM,2026-03-03T19:34:40.709063,Trader T0406 | BTCUSDT | Price 41996.62 | Qty 34
WASH_TRADE,MEDIUM,2026-03-03T19:34:40.709168,Trader T0406 | BTCUSDT | Price 41996.75 | Qty 50
WASH_TRADE,HIGH,2026-03-03T19:34:40.709479,Trader T0406 | BTCUSDT | Price 41994.44 | Qty 60
WASH_TRADE,MEDIUM,2026-03-03T19:34:40.713547,Trader T0406 | BTCUSDT | Price 41998.17 | Qty 26
WASH_TRADE,MEDIUM,2026-03-03T19:34:40.714401,Trader T0406 | ETHUSDT | Price 2300.45 | Qty 24
WASH_TRADE,MEDIUM,2026-03-03T19:34:40.719375,Trader T0406 | ETHUSDT | Price 2297.59 | Qty 22
WASH_TRADE,MEDIUM,2026-03-03T19:34:40.726151,Trader T0406 | SOLUSDT | Price 95.56 | Qty 30
WASH_TRADE,MEDIUM,2026-03-03T19:34:40.733858,Trader T0407 | BTCUSDT | Price 42001.71 | Qty 28
WASH_TRADE,MEDIUM,2026-03-03T19:34:40.735147,Trader T0407 | ETHUSDT | Price 2299.47 | Qty 38
WASH_TRADE,MEDIUM,2026-03-03T19:34:40.738296,Trader T0407 | ETHUSDT | Price 2296.74 | Qty 42
WASH_TRADE,MEDIUM,2026-03-03T19:34:40.738608,Trader T0407 | ETHUSDT | Price 2300.21 | Qty 40
WASH_TRADE,HIGH,2026-03-03T19:34:40.739395,Trader T0407 | ETHUSDT | Price 2299.59 | Qty 58
WASH_TRADE,HIGH,2026-03-03T19:34:40.740104,Trader T0407 | ETHUSDT | Price 2301.8 | Qty 60
WASH_TRADE,HIGH,2026-03-03T19:34:40.742748,Trader T0407 | SOLUSDT | Price 92.72 | Qty 58
WASH_TRADE,HIGH,2026-03-03T19:34:40.743262,Trader T0407 | SOLUSDT | Price 95.09 | Qty 52
WASH_TRADE,MEDIUM,2026-03-03T19:34:40.747710,Trader T0408 | BTCUSDT | Price 41998.42 | Qty 32
WASH_TRADE,HIGH,2026-03-03T19:34:40.748673,Trader T0408 | BTCUSDT | Price 41995.61 | Qty 58
WASH_TRADE,HIGH,2026-03-03T19:34:40.749871,Trader T0408 | BTCUSDT | Price 41996.41 | Qty 52
WASH_TRADE,MEDIUM,2026-03-03T19:34:40.751468,Trader T0408 | BTCUSDT | Price 41997.86 | Qty 50
WASH_TRADE,MEDIUM,2026-03-03T19:34:40.752154,Trader T0408 | BTCUSDT | Price 42002.53 | Qty 38
WASH_TRADE,MEDIUM,2026-03-03T19:34:40.752270,Trader T0408 | BTCUSDT | Price 41999.49 | Qty 20
WASH_TRADE,MEDIUM,2026-03-03T19:34:40.752455,Trader T0408 | BTCUSDT | Price 42000.76 | Qty 34
WASH_TRADE,MEDIUM,2026-03-03T19:34:40.753065,Trader T0408 | BTCUSDT | Price 41999.15 | Qty 44
WASH_TRADE,MEDIUM,2026-03-03T19:34:40.753323,Trader T0408 | BTCUSDT | Price 41999.54 | Qty 44
WASH_TRADE,HIGH,2026-03-03T19:34:40.758647,Trader T0408 | ETHUSDT | Price 2299.81 | Qty 52
WASH_TRADE,MEDIUM,2026-03-03T19:34:40.759444,Trader T0408 | SOLUSDT | Price 93.07 | Qty 20
WASH_TRADE,MEDIUM,2026-03-03T19:34:40.760089,Trader T0408 | SOLUSDT | Price 93.12 | Qty 28
WASH_TRADE,MEDIUM,2026-03-03T19:34:40.760267,Trader T0408 | SOLUSDT | Price 97.66 | Qty 46
WASH_TRADE,HIGH,2026-03-03T19:34:40.766070,Trader T0409 | BTCUSDT | Price 42002.59 | Qty 54
WASH_TRADE,HIGH,2026-03-03T19:34:40.768804,Trader T0409 | BTCUSDT | Price 41996.19 | Qty 56
WASH_TRADE,MEDIUM,2026-03-03T19:34:40.769248,Trader T0409 | BTCUSDT | Price 42000.09 | Qty 40
WASH_TRADE,HIGH,2026-03-03T19:34:40.769737,Trader T0409 | BTCUSDT | Price 42000.97 | Qty 56
WASH_TRADE,MEDIUM,2026-03-03T19:34:40.770832,Trader T0409 | BTCUSDT | Price 42002.51 | Qty 28
WASH_TRADE,MEDIUM,2026-03-03T19:34:40.772603,Trader T0409 | ETHUSDT | Price 2295.6 | Qty 26
WASH_TRADE,HIGH,2026-03-03T19:34:40.773687,Trader T0409 | ETHUSDT | Price 2298.64 | Qty 60
WASH_TRADE,MEDIUM,2026-03-03T19:34:40.774149,Trader T0409 | ETHUSDT | Price 2300.69 | Qty 24
WASH_TRADE,MEDIUM,2026-03-03T19:34:40.775150,Trader T0409 | ETHUSDT | Price 2302.72 | Qty 40
WASH_TRADE,MEDIUM,2026-03-03T19:34:40.775220,Trader T0409 | ETHUSDT | Price 2302.31 | Qty 22
WASH_TRADE,MEDIUM,2026-03-03T19:34:40.779069,Trader T0409 | ETHUSDT | Price 2298.72 | Qty 26
WASH_TRADE,MEDIUM,2026-03-03T19:34:40.780791,Trader T0409 | SOLUSDT | Price 93.6 | Qty 24
WASH_TRADE,MEDIUM,2026-03-03T19:34:40.783003,Trader T0409 | SOLUSDT | Price 95.65 | Qty 40
WASH_TRADE,HIGH,2026-03-03T19:34:40.783492,Trader T0409 | SOLUSDT | Price 92.93 | Qty 52
WASH_TRADE,HIGH,2026-03-03T19:34:40.785187,Trader T0410 | BTCUSDT | Price 41999.99 | Qty 52
WASH_TRADE,HIGH,2026-03-03T19:34:40.786161,Trader T0410 | BTCUSDT | Price 41999.89 | Qty 52
WASH_TRADE,HIGH,2026-03-03T19:34:40.790061,Trader T0410 | BTCUSDT | Price 42004.34 | Qty 54
WASH_TRADE,MEDIUM,2026-03-03T19:34:40.790703,Trader T0410 | BTCUSDT | Price 42001.4 | Qty 36
WASH_TRADE,MEDIUM,2026-03-03T19:34:40.791649,Trader T0410 | BTCUSDT | Price 42003.44 | Qty 46
WASH_TRADE,HIGH,2026-03-03T19:34:40.798062,Trader T0410 | ETHUSDT | Price 2301.01 | Qty 56
WASH_TRADE,MEDIUM,2026-03-03T19:34:40.799909,Trader T0410 | SOLUSDT | Price 93.87 | Qty 40
WASH_TRADE,MEDIUM,2026-03-03T19:34:40.804018,Trader T0410 | SOLUSDT | Price 92.11 | Qty 30
WASH_TRADE,MEDIUM,2026-03-03T19:34:40.805908,Trader T0411 | BTCUSDT | Price 41999.56 | Qty 50
WASH_TRADE,MEDIUM,2026-03-03T19:34:40.808562,Trader T0411 | BTCUSDT | Price 41997.17 | Qty 48
WASH_TRADE,MEDIUM,2026-03-03T19:34:40.808991,Trader T0411 | BTCUSDT | Price 42000.53 | Qty 40
WASH_TRADE,HIGH,2026-03-03T19:34:40.812143,Trader T0411 | ETHUSDT | Price 2297.37 | Qty 58
WASH_TRADE,MEDIUM,2026-03-03T19:34:40.812959,Trader T0411 | ETHUSDT | Price 2302.82 | Qty 46
WASH_TRADE,MEDIUM,2026-03-03T19:34:40.816983,Trader T0411 | SOLUSDT | Price 98.26 | Qty 32
WASH_TRADE,HIGH,2026-03-03T19:34:40.817836,Trader T0411 | SOLUSDT | Price 95.34 | Qty 56
WASH_TRADE,MEDIUM,2026-03-03T19:34:40.819446,Trader T0411 | SOLUSDT | Price 93.13 | Qty 24
WASH_TRADE,HIGH,2026-03-03T19:34:40.826340,Trader T0412 | BTCUSDT | Price 41996.69 | Qty 58
WASH_TRADE,MEDIUM,2026-03-03T19:34:40.827318,Trader T0412 | BTCUSDT | Price 41996.09 | Qty 44
WASH_TRADE,MEDIUM,2026-03-03T19:34:40.829376,Trader T0412 | ETHUSDT | Price 2295.8 | Qty 44
WASH_TRADE,MEDIUM,2026-03-03T19:34:40.829926,Trader T0412 | ETHUSDT | Price 2298.8 | Qty 42
WASH_TRADE,HIGH,2026-03-03T19:34:40.831496,Trader T0412 | ETHUSDT | Price 2302.16 | Qty 58
WASH_TRADE,MEDIUM,2026-03-03T19:34:40.832525,Trader T0412 | ETHUSDT | Price 2298.23 | Qty 38
WASH_TRADE,MEDIUM,2026-03-03T19:34:40.832914,Trader T0412 | ETHUSDT | Price 2301.59 | Qty 42
WASH_TRADE,MEDIUM,2026-03-03T19:34:40.834984,Trader T0412 | SOLUSDT | Price 95.97 | Qty 26
WASH_TRADE,HIGH,2026-03-03T19:34:40.838181,Trader T0412 | SOLUSDT | Price 97.08 | Qty 54
WASH_TRADE,MEDIUM,2026-03-03T19:34:40.839608,Trader T0412 | SOLUSDT | Price 95.0 | Qty 28
WASH_TRADE,MEDIUM,2026-03-03T19:34:40.841857,Trader T0412 | SOLUSDT | Price 98.79 | Qty 50
WASH_TRADE,HIGH,2026-03-03T19:34:40.842805,Trader T0413 | BTCUSDT | Price 41999.93 | Qty 54
WASH_TRADE,MEDIUM,2026-03-03T19:34:40.843838,Trader T0413 | BTCUSDT | Price 42001.36 | Qty 20
WASH_TRADE,HIGH,2026-03-03T19:34:40.847315,Trader T0413 | BTCUSDT | Price 42003.13 | Qty 58
WASH_TRADE,HIGH,2026-03-03T19:34:40.850221,Trader T0413 | ETHUSDT | Price 2302.3 | Qty 52
WASH_TRADE,MEDIUM,2026-03-03T19:34:40.855754,Trader T0413 | SOLUSDT | Price 93.84 | Qty 38
WASH_TRADE,MEDIUM,2026-03-03T19:34:40.856492,Trader T0413 | SOLUSDT | Price 94.18 | Qty 34
WASH_TRADE,MEDIUM,2026-03-03T19:34:40.857872,Trader T0413 | SOLUSDT | Price 94.65 | Qty 38
WASH_TRADE,MEDIUM,2026-03-03T19:34:40.858974,Trader T0413 | SOLUSDT | Price 95.15 | Qty 44
WASH_TRADE,MEDIUM,2026-03-03T19:34:40.869609,Trader T0414 | ETHUSDT | Price 2300.52 | Qty 42
WASH_TRADE,MEDIUM,2026-03-03T19:34:40.873308,Trader T0414 | SOLUSDT | Price 93.93 | Qty 36
WASH_TRADE,MEDIUM,2026-03-03T19:34:40.873353,Trader T0414 | SOLUSDT | Price 96.33 | Qty 20
WASH_TRADE,HIGH,2026-03-03T19:34:40.876016,Trader T0414 | SOLUSDT | Price 91.06 | Qty 56
WASH_TRADE,MEDIUM,2026-03-03T19:34:40.878393,Trader T0415 | BTCUSDT | Price 41999.1 | Qty 46
WASH_TRADE,MEDIUM,2026-03-03T19:34:40.880355,Trader T0415 | BTCUSDT | Price 41998.51 | Qty 36
WASH_TRADE,MEDIUM,2026-03-03T19:34:40.880935,Trader T0415 | BTCUSDT | Price 41998.27 | Qty 42
WASH_TRADE,MEDIUM,2026-03-03T19:34:40.883984,Trader T0415 | BTCUSDT | Price 42002.51 | Qty 36
WASH_TRADE,MEDIUM,2026-03-03T19:34:40.884054,Trader T0415 | BTCUSDT | Price 42004.96 | Qty 36
WASH_TRADE,MEDIUM,2026-03-03T19:34:40.885902,Trader T0415 | ETHUSDT | Price 2297.86 | Qty 20
WASH_TRADE,MEDIUM,2026-03-03T19:34:40.886332,Trader T0415 | ETHUSDT | Price 2301.13 | Qty 50
WASH_TRADE,MEDIUM,2026-03-03T19:34:40.888218,Trader T0415 | ETHUSDT | Price 2300.28 | Qty 36
WASH_TRADE,MEDIUM,2026-03-03T19:34:40.890269,Trader T0415 | ETHUSDT | Price 2301.27 | Qty 20
WASH_TRADE,MEDIUM,2026-03-03T19:34:40.891904,Trader T0415 | SOLUSDT | Price 97.38 | Qty 28
WASH_TRADE,MEDIUM,2026-03-03T19:34:40.895374,Trader T0415 | SOLUSDT | Price 95.05 | Qty 50
WASH_TRADE,MEDIUM,2026-03-03T19:34:40.895492,Trader T0415 | SOLUSDT | Price 93.32 | Qty 26
WASH_TRADE,MEDIUM,2026-03-03T19:34:40.902475,Trader T0416 | BTCUSDT | Price 42001.45 | Qty 48
WASH_TRADE,MEDIUM,2026-03-03T19:34:40.903032,Trader T0416 | ETHUSDT | Price 2298.77 | Qty 48
WASH_TRADE,MEDIUM,2026-03-03T19:34:40.903890,Trader T0416 | ETHUSDT | Price 2300.27 | Qty 36
WASH_TRADE,MEDIUM,2026-03-03T19:34:40.909025,Trader T0416 | ETHUSDT | Price 2301.12 | Qty 48
WASH_TRADE,MEDIUM,2026-03-03T19:34:40.912787,Trader T0416 | SOLUSDT | Price 95.52 | Qty 44
WASH_TRADE,MEDIUM,2026-03-03T19:34:40.916098,Trader T0417 | BTCUSDT | Price 42002.53 | Qty 40
WASH_TRADE,MEDIUM,2026-03-03T19:34:40.916144,Trader T0417 | BTCUSDT | Price 42000.99 | Qty 42
WASH_TRADE,MEDIUM,2026-03-03T19:34:40.917134,Trader T0417 | BTCUSDT | Price 41998.04 | Qty 40
WASH_TRADE,MEDIUM,2026-03-03T19:34:40.918599,Trader T0417 | BTCUSDT | Price 41999.71 | Qty 24
WASH_TRADE,MEDIUM,2026-03-03T19:34:40.921013,Trader T0417 | BTCUSDT | Price 41999.78 | Qty 22
WASH_TRADE,MEDIUM,2026-03-03T19:34:40.926049,Trader T0417 | ETHUSDT | Price 2298.31 | Qty 32
WASH_TRADE,MEDIUM,2026-03-03T19:34:40.929843,Trader T0417 | SOLUSDT | Price 95.21 | Qty 38
WASH_TRADE,MEDIUM,2026-03-03T19:34:40.931225,Trader T0417 | SOLUSDT | Price 94.46 | Qty 24
WASH_TRADE,MEDIUM,2026-03-03T19:34:40.936157,Trader T0418 | BTCUSDT | Price 42001.74 | Qty 24
WASH_TRADE,MEDIUM,2026-03-03T19:34:40.938872,Trader T0418 | BTCUSDT | Price 41998.56 | Qty 48
WASH_TRADE,MEDIUM,2026-03-03T19:34:40.942022,Trader T0418 | ETHUSDT | Price 2299.61 | Qty 34
WASH_TRADE,MEDIUM,2026-03-03T19:34:40.945402,Trader T0418 | ETHUSDT | Price 2300.14 | Qty 40
WASH_TRADE,MEDIUM,2026-03-03T19:34:40.946795,Trader T0418 | SOLUSDT | Price 95.75 | Qty 44
WASH_TRADE,MEDIUM,2026-03-03T19:34:40.947270,Trader T0418 | SOLUSDT | Price 97.36 | Qty 28
WASH_TRADE,MEDIUM,2026-03-03T19:34:40.948739,Trader T0418 | SOLUSDT | Price 97.1 | Qty 50
WASH_TRADE,MEDIUM,2026-03-03T19:34:40.950027,Trader T0418 | SOLUSDT | Price 95.04 | Qty 24
WASH_TRADE,MEDIUM,2026-03-03T19:34:40.953589,Trader T0419 | BTCUSDT | Price 42002.51 | Qty 26
WASH_TRADE,MEDIUM,2026-03-03T19:34:40.958208,Trader T0419 | ETHUSDT | Price 2298.53 | Qty 24
WASH_TRADE,MEDIUM,2026-03-03T19:34:40.963183,Trader T0419 | SOLUSDT | Price 95.74 | Qty 46
WASH_TRADE,MEDIUM,2026-03-03T19:34:40.964882,Trader T0419 | SOLUSDT | Price 96.56 | Qty 22
WASH_TRADE,HIGH,2026-03-03T19:34:40.965121,Trader T0419 | SOLUSDT | Price 98.69 | Qty 52
WASH_TRADE,MEDIUM,2026-03-03T19:34:40.967671,Trader T0419 | SOLUSDT | Price 95.6 | Qty 42
WASH_TRADE,MEDIUM,2026-03-03T19:34:40.968517,Trader T0419 | SOLUSDT | Price 99.26 | Qty 28
WASH_TRADE,MEDIUM,2026-03-03T19:34:40.970573,Trader T0420 | BTCUSDT | Price 41997.5 | Qty 40
WASH_TRADE,MEDIUM,2026-03-03T19:34:40.974087,Trader T0420 | BTCUSDT | Price 42001.58 | Qty 26
WASH_TRADE,HIGH,2026-03-03T19:34:40.974339,Trader T0420 | BTCUSDT | Price 42000.95 | Qty 60
WASH_TRADE,MEDIUM,2026-03-03T19:34:40.975455,Trader T0420 | ETHUSDT | Price 2298.75 | Qty 20
WASH_TRADE,HIGH,2026-03-03T19:34:40.975735,Trader T0420 | ETHUSDT | Price 2299.06 | Qty 58
WASH_TRADE,HIGH,2026-03-03T19:34:40.976066,Trader T0420 | ETHUSDT | Price 2300.7 | Qty 60
WASH_TRADE,MEDIUM,2026-03-03T19:34:40.978220,Trader T0420 | ETHUSDT | Price 2296.94 | Qty 26
WASH_TRADE,MEDIUM,2026-03-03T19:34:40.982234,Trader T0420 | SOLUSDT | Price 95.05 | Qty 40
WASH_TRADE,MEDIUM,2026-03-03T19:34:40.984890,Trader T0420 | SOLUSDT | Price 93.12 | Qty 26
WASH_TRADE,MEDIUM,2026-03-03T19:34:40.985841,Trader T0420 | SOLUSDT | Price 95.63 | Qty 44
WASH_TRADE,MEDIUM,2026-03-03T19:34:40.986094,Trader T0420 | SOLUSDT | Price 91.63 | Qty 50
WASH_TRADE,MEDIUM,2026-03-03T19:34:40.989414,Trader T0421 | BTCUSDT | Price 42001.21 | Qty 22
WASH_TRADE,MEDIUM,2026-03-03T19:34:40.990187,Trader T0421 | BTCUSDT | Price 42003.39 | Qty 50
WASH_TRADE,HIGH,2026-03-03T19:34:40.990682,Trader T0421 | BTCUSDT | Price 41999.39 | Qty 60
WASH_TRADE,MEDIUM,2026-03-03T19:34:40.993089,Trader T0421 | ETHUSDT | Price 2302.0 | Qty 24
WASH_TRADE,MEDIUM,2026-03-03T19:34:40.998989,Trader T0421 | ETHUSDT | Price 2299.58 | Qty 20
WASH_TRADE,MEDIUM,2026-03-03T19:34:40.999150,Trader T0421 | ETHUSDT | Price 2300.0 | Qty 44
WASH_TRADE,MEDIUM,2026-03-03T19:34:41.001416,Trader T0421 | SOLUSDT | Price 93.67 | Qty 38
WASH_TRADE,MEDIUM,2026-03-03T19:34:41.002036,Trader T0421 | SOLUSDT | Price 92.76 | Qty 46
WASH_TRADE,MEDIUM,2026-03-03T19:34:41.004197,Trader T0421 | SOLUSDT | Price 98.51 | Qty 48
WASH_TRADE,MEDIUM,2026-03-03T19:34:41.007378,Trader T0422 | BTCUSDT | Price 41998.86 | Qty 46
WASH_TRADE,HIGH,2026-03-03T19:34:41.008080,Trader T0422 | BTCUSDT | Price 41999.43 | Qty 60
WASH_TRADE,MEDIUM,2026-03-03T19:34:41.008404,Trader T0422 | BTCUSDT | Price 41999.95 | Qty 46
WASH_TRADE,MEDIUM,2026-03-03T19:34:41.011448,Trader T0422 | BTCUSDT | Price 41999.16 | Qty 36
WASH_TRADE,MEDIUM,2026-03-03T19:34:41.016091,Trader T0422 | ETHUSDT | Price 2301.34 | Qty 24
WASH_TRADE,MEDIUM,2026-03-03T19:34:41.017791,Trader T0422 | ETHUSDT | Price 2300.37 | Qty 48
WASH_TRADE,MEDIUM,2026-03-03T19:34:41.019317,Trader T0422 | ETHUSDT | Price 2299.4 | Qty 50
WASH_TRADE,MEDIUM,2026-03-03T19:34:41.020067,Trader T0422 | SOLUSDT | Price 92.03 | Qty 50
WASH_TRADE,MEDIUM,2026-03-03T19:34:41.021881,Trader T0422 | SOLUSDT | Price 95.79 | Qty 48
WASH_TRADE,MEDIUM,2026-03-03T19:34:41.022712,Trader T0422 | SOLUSDT | Price 91.22 | Qty 50
WASH_TRADE,HIGH,2026-03-03T19:34:41.024032,Trader T0422 | SOLUSDT | Price 94.64 | Qty 60
WASH_TRADE,MEDIUM,2026-03-03T19:34:41.024245,Trader T0422 | SOLUSDT | Price 94.82 | Qty 44
WASH_TRADE,MEDIUM,2026-03-03T19:34:41.026629,Trader T0422 | SOLUSDT | Price 91.54 | Qty 46
WASH_TRADE,HIGH,2026-03-03T19:34:41.027950,Trader T0423 | BTCUSDT | Price 42000.35 | Qty 54
WASH_TRADE,MEDIUM,2026-03-03T19:34:41.030823,Trader T0423 | BTCUSDT | Price 42001.27 | Qty 42
WASH_TRADE,MEDIUM,2026-03-03T19:34:41.031022,Trader T0423 | BTCUSDT | Price 41996.72 | Qty 32
WASH_TRADE,MEDIUM,2026-03-03T19:34:41.032634,Trader T0423 | BTCUSDT | Price 41997.95 | Qty 50
WASH_TRADE,MEDIUM,2026-03-03T19:34:41.032833,Trader T0423 | BTCUSDT | Price 42000.03 | Qty 48
WASH_TRADE,MEDIUM,2026-03-03T19:34:41.034030,Trader T0423 | ETHUSDT | Price 2299.51 | Qty 38
WASH_TRADE,MEDIUM,2026-03-03T19:34:41.034078,Trader T0423 | ETHUSDT | Price 2301.56 | Qty 20
WASH_TRADE,MEDIUM,2026-03-03T19:34:41.036021,Trader T0423 | ETHUSDT | Price 2302.1 | Qty 36
WASH_TRADE,MEDIUM,2026-03-03T19:34:41.038541,Trader T0423 | ETHUSDT | Price 2295.52 | Qty 32
WASH_TRADE,MEDIUM,2026-03-03T19:34:41.039377,Trader T0423 | SOLUSDT | Price 94.01 | Qty 48
WASH_TRADE,MEDIUM,2026-03-03T19:34:41.043789,Trader T0423 | SOLUSDT | Price 93.87 | Qty 36
WASH_TRADE,MEDIUM,2026-03-03T19:34:41.054810,Trader T0424 | ETHUSDT | Price 2297.62 | Qty 42
WASH_TRADE,HIGH,2026-03-03T19:34:41.057912,Trader T0424 | ETHUSDT | Price 2297.57 | Qty 52
WASH_TRADE,MEDIUM,2026-03-03T19:34:41.061948,Trader T0424 | SOLUSDT | Price 94.12 | Qty 40
WASH_TRADE,MEDIUM,2026-03-03T19:34:41.064194,Trader T0424 | SOLUSDT | Price 94.33 | Qty 20
WASH_TRADE,MEDIUM,2026-03-03T19:34:41.064286,Trader T0424 | SOLUSDT | Price 98.23 | Qty 28
WASH_TRADE,HIGH,2026-03-03T19:34:41.066729,Trader T0425 | BTCUSDT | Price 42002.72 | Qty 60
WASH_TRADE,MEDIUM,2026-03-03T19:34:41.067441,Trader T0425 | BTCUSDT | Price 42001.66 | Qty 36
WASH_TRADE,MEDIUM,2026-03-03T19:34:41.068665,Trader T0425 | BTCUSDT | Price 41998.69 | Qty 32
WASH_TRADE,MEDIUM,2026-03-03T19:34:41.069135,Trader T0425 | BTCUSDT | Price 41998.03 | Qty 46
WASH_TRADE,MEDIUM,2026-03-03T19:34:41.070181,Trader T0425 | BTCUSDT | Price 42001.19 | Qty 48
WASH_TRADE,MEDIUM,2026-03-03T19:34:41.077622,Trader T0425 | ETHUSDT | Price 2298.1 | Qty 22
WASH_TRADE,MEDIUM,2026-03-03T19:34:41.084974,Trader T0425 | SOLUSDT | Price 98.78 | Qty 50
WASH_TRADE,MEDIUM,2026-03-03T19:34:41.090288,Trader T0426 | BTCUSDT | Price 42000.73 | Qty 32
WASH_TRADE,MEDIUM,2026-03-03T19:34:41.091996,Trader T0426 | BTCUSDT | Price 41999.9 | Qty 26
WASH_TRADE,MEDIUM,2026-03-03T19:34:41.096361,Trader T0426 | ETHUSDT | Price 2300.72 | Qty 32
WASH_TRADE,MEDIUM,2026-03-03T19:34:41.097006,Trader T0426 | ETHUSDT | Price 2295.3 | Qty 38
WASH_TRADE,MEDIUM,2026-03-03T19:34:41.101581,Trader T0426 | SOLUSDT | Price 93.02 | Qty 30
WASH_TRADE,MEDIUM,2026-03-03T19:34:41.109222,Trader T0427 | BTCUSDT | Price 42001.6 | Qty 22
WASH_TRADE,MEDIUM,2026-03-03T19:34:41.111830,Trader T0427 | BTCUSDT | Price 42000.15 | Qty 42
WASH_TRADE,HIGH,2026-03-03T19:34:41.117632,Trader T0427 | ETHUSDT | Price 2295.39 | Qty 54
WASH_TRADE,MEDIUM,2026-03-03T19:34:41.120987,Trader T0427 | SOLUSDT | Price 95.26 | Qty 48
WASH_TRADE,MEDIUM,2026-03-03T19:34:41.121877,Trader T0427 | SOLUSDT | Price 91.15 | Qty 34
WASH_TRADE,HIGH,2026-03-03T19:34:41.122818,Trader T0427 | SOLUSDT | Price 94.61 | Qty 58
WASH_TRADE,MEDIUM,2026-03-03T19:34:41.123634,Trader T0427 | SOLUSDT | Price 93.58 | Qty 20
WASH_TRADE,MEDIUM,2026-03-03T19:34:41.125982,Trader T0428 | BTCUSDT | Price 41999.42 | Qty 40
WASH_TRADE,MEDIUM,2026-03-03T19:34:41.127120,Trader T0428 | BTCUSDT | Price 42000.63 | Qty 22
WASH_TRADE,HIGH,2026-03-03T19:34:41.127947,Trader T0428 | BTCUSDT | Price 41999.51 | Qty 56
WASH_TRADE,MEDIUM,2026-03-03T19:34:41.133624,Trader T0428 | ETHUSDT | Price 2299.98 | Qty 50
WASH_TRADE,MEDIUM,2026-03-03T19:34:41.137549,Trader T0428 | ETHUSDT | Price 2300.56 | Qty 50
WASH_TRADE,MEDIUM,2026-03-03T19:34:41.139772,Trader T0428 | SOLUSDT | Price 96.86 | Qty 28
WASH_TRADE,HIGH,2026-03-03T19:34:41.140033,Trader T0428 | SOLUSDT | Price 91.93 | Qty 56
WASH_TRADE,MEDIUM,2026-03-03T19:34:41.144809,Trader T0428 | SOLUSDT | Price 92.05 | Qty 32
WASH_TRADE,HIGH,2026-03-03T19:34:41.146284,Trader T0429 | BTCUSDT | Price 41998.01 | Qty 56
WASH_TRADE,MEDIUM,2026-03-03T19:34:41.150395,Trader T0429 | BTCUSDT | Price 42001.38 | Qty 40
WASH_TRADE,MEDIUM,2026-03-03T19:34:41.152979,Trader T0429 | ETHUSDT | Price 2296.51 | Qty 26
WASH_TRADE,MEDIUM,2026-03-03T19:34:41.153921,Trader T0429 | ETHUSDT | Price 2301.28 | Qty 38
WASH_TRADE,HIGH,2026-03-03T19:34:41.162772,Trader T0429 | SOLUSDT | Price 96.91 | Qty 54
WASH_TRADE,MEDIUM,2026-03-03T19:34:41.164510,Trader T0429 | SOLUSDT | Price 96.27 | Qty 34
WASH_TRADE,HIGH,2026-03-03T19:34:41.166869,Trader T0430 | BTCUSDT | Price 42002.25 | Qty 56
WASH_TRADE,MEDIUM,2026-03-03T19:34:41.172140,Trader T0430 | ETHUSDT | Price 2301.41 | Qty 46
WASH_TRADE,HIGH,2026-03-03T19:34:41.176785,Trader T0430 | ETHUSDT | Price 2298.56 | Qty 60
WASH_TRADE,MEDIUM,2026-03-03T19:34:41.178177,Trader T0430 | ETHUSDT | Price 2301.26 | Qty 20
WASH_TRADE,MEDIUM,2026-03-03T19:34:41.181212,Trader T0430 | SOLUSDT | Price 99.54 | Qty 42
WASH_TRADE,HIGH,2026-03-03T19:34:41.182714,Trader T0430 | SOLUSDT | Price 94.23 | Qty 54
WASH_TRADE,HIGH,2026-03-03T19:34:41.184524,Trader T0430 | SOLUSDT | Price 94.35 | Qty 52
WASH_TRADE,HIGH,2026-03-03T19:34:41.188707,Trader T0431 | BTCUSDT | Price 42002.03 | Qty 54
WASH_TRADE,MEDIUM,2026-03-03T19:34:41.188794,Trader T0431 | BTCUSDT | Price 41998.01 | Qty 22
WASH_TRADE,MEDIUM,2026-03-03T19:34:41.189002,Trader T0431 | BTCUSDT | Price 41999.72 | Qty 30
WASH_TRADE,MEDIUM,2026-03-03T19:34:41.191979,Trader T0431 | BTCUSDT | Price 42000.46 | Qty 26
WASH_TRADE,HIGH,2026-03-03T19:34:41.192430,Trader T0431 | BTCUSDT | Price 42000.21 | Qty 60
WASH_TRADE,MEDIUM,2026-03-03T19:34:41.192862,Trader T0431 | ETHUSDT | Price 2298.2 | Qty 44
WASH_TRADE,MEDIUM,2026-03-03T19:34:41.193351,Trader T0431 | ETHUSDT | Price 2301.26 | Qty 34
WASH_TRADE,MEDIUM,2026-03-03T19:34:41.195038,Trader T0431 | ETHUSDT | Price 2304.67 | Qty 24
WASH_TRADE,MEDIUM,2026-03-03T19:34:41.195159,Trader T0431 | ETHUSDT | Price 2301.14 | Qty 32
WASH_TRADE,MEDIUM,2026-03-03T19:34:41.195208,Trader T0431 | ETHUSDT | Price 2298.0 | Qty 28
WASH_TRADE,MEDIUM,2026-03-03T19:34:41.195444,Trader T0431 | ETHUSDT | Price 2300.09 | Qty 46
WASH_TRADE,MEDIUM,2026-03-03T19:34:41.207571,Trader T0432 | BTCUSDT | Price 41997.98 | Qty 26
WASH_TRADE,MEDIUM,2026-03-03T19:34:41.207926,Trader T0432 | BTCUSDT | Price 42003.57 | Qty 30
WASH_TRADE,MEDIUM,2026-03-03T19:34:41.208640,Trader T0432 | BTCUSDT | Price 42000.24 | Qty 30
WASH_TRADE,MEDIUM,2026-03-03T19:34:41.210589,Trader T0432 | BTCUSDT | Price 41998.51 | Qty 26
WASH_TRADE,MEDIUM,2026-03-03T19:34:41.212298,Trader T0432 | BTCUSDT | Price 41997.54 | Qty 36
WASH_TRADE,MEDIUM,2026-03-03T19:34:41.225806,Trader T0432 | SOLUSDT | Price 96.5 | Qty 44
WASH_TRADE,MEDIUM,2026-03-03T19:34:41.226341,Trader T0432 | SOLUSDT | Price 100.26 | Qty 48
WASH_TRADE,HIGH,2026-03-03T19:34:41.226561,Trader T0432 | SOLUSDT | Price 93.16 | Qty 60
WASH_TRADE,HIGH,2026-03-03T19:34:41.229761,Trader T0433 | BTCUSDT | Price 42005.16 | Qty 54
WASH_TRADE,HIGH,2026-03-03T19:34:41.230400,Trader T0433 | BTCUSDT | Price 41999.28 | Qty 56
WASH_TRADE,MEDIUM,2026-03-03T19:34:41.231571,Trader T0433 | BTCUSDT | Price 41997.42 | Qty 44
WASH_TRADE,MEDIUM,2026-03-03T19:34:41.233438,Trader T0433 | BTCUSDT | Price 42002.63 | Qty 28
WASH_TRADE,MEDIUM,2026-03-03T19:34:41.233915,Trader T0433 | BTCUSDT | Price 41999.23 | Qty 30
WASH_TRADE,HIGH,2026-03-03T19:34:41.239530,Trader T0433 | ETHUSDT | Price 2299.78 | Qty 58
WASH_TRADE,HIGH,2026-03-03T19:34:41.240288,Trader T0433 | ETHUSDT | Price 2302.53 | Qty 56
WASH_TRADE,MEDIUM,2026-03-03T19:34:41.240386,Trader T0433 | SOLUSDT | Price 92.12 | Qty 50
WASH_TRADE,HIGH,2026-03-03T19:34:41.242597,Trader T0433 | SOLUSDT | Price 94.77 | Qty 54
WASH_TRADE,MEDIUM,2026-03-03T19:34:41.246141,Trader T0434 | BTCUSDT | Price 42000.63 | Qty 20
WASH_TRADE,HIGH,2026-03-03T19:34:41.246216,Trader T0434 | BTCUSDT | Price 41997.71 | Qty 56
WASH_TRADE,HIGH,2026-03-03T19:34:41.248699,Trader T0434 | BTCUSDT | Price 41998.97 | Qty 56
WASH_TRADE,MEDIUM,2026-03-03T19:34:41.255448,Trader T0434 | ETHUSDT | Price 2299.83 | Qty 34
WASH_TRADE,HIGH,2026-03-03T19:34:41.255586,Trader T0434 | ETHUSDT | Price 2300.8 | Qty 52
WASH_TRADE,MEDIUM,2026-03-03T19:34:41.258847,Trader T0434 | SOLUSDT | Price 94.87 | Qty 48
WASH_TRADE,MEDIUM,2026-03-03T19:34:41.259144,Trader T0434 | SOLUSDT | Price 94.62 | Qty 30
WASH_TRADE,MEDIUM,2026-03-03T19:34:41.263936,Trader T0434 | SOLUSDT | Price 94.35 | Qty 38
WASH_TRADE,MEDIUM,2026-03-03T19:34:41.271893,Trader T0435 | ETHUSDT | Price 2300.32 | Qty 34
WASH_TRADE,MEDIUM,2026-03-03T19:34:41.274924,Trader T0435 | ETHUSDT | Price 2303.52 | Qty 50
WASH_TRADE,HIGH,2026-03-03T19:34:41.275654,Trader T0435 | ETHUSDT | Price 2299.12 | Qty 60
WASH_TRADE,MEDIUM,2026-03-03T19:34:41.279398,Trader T0435 | SOLUSDT | Price 94.21 | Qty 36
WASH_TRADE,MEDIUM,2026-03-03T19:34:41.299642,Trader T0435 | SOLUSDT | Price 94.11 | Qty 28
WASH_TRADE,MEDIUM,2026-03-03T19:34:41.300530,Trader T0436 | BTCUSDT | Price 42001.94 | Qty 42
WASH_TRADE,MEDIUM,2026-03-03T19:34:41.302395,Trader T0436 | BTCUSDT | Price 41999.29 | Qty 24
WASH_TRADE,MEDIUM,2026-03-03T19:34:41.302786,Trader T0436 | BTCUSDT | Price 41999.56 | Qty 44
WASH_TRADE,MEDIUM,2026-03-03T19:34:41.304724,Trader T0436 | BTCUSDT | Price 41999.17 | Qty 48
WASH_TRADE,MEDIUM,2026-03-03T19:34:41.312643,Trader T0436 | ETHUSDT | Price 2300.74 | Qty 36
WASH_TRADE,MEDIUM,2026-03-03T19:34:41.315392,Trader T0436 | SOLUSDT | Price 96.39 | Qty 44
WASH_TRADE,MEDIUM,2026-03-03T19:34:41.319486,Trader T0437 | BTCUSDT | Price 42000.61 | Qty 26
WASH_TRADE,MEDIUM,2026-03-03T19:34:41.320671,Trader T0437 | BTCUSDT | Price 42002.16 | Qty 38
WASH_TRADE,MEDIUM,2026-03-03T19:34:41.323261,Trader T0437 | BTCUSDT | Price 41999.93 | Qty 28
WASH_TRADE,MEDIUM,2026-03-03T19:34:41.329112,Trader T0437 | ETHUSDT | Price 2300.22 | Qty 44
WASH_TRADE,MEDIUM,2026-03-03T19:34:41.331942,Trader T0437 | SOLUSDT | Price 96.27 | Qty 42
WASH_TRADE,MEDIUM,2026-03-03T19:34:41.335104,Trader T0437 | SOLUSDT | Price 94.0 | Qty 40
WASH_TRADE,MEDIUM,2026-03-03T19:34:41.336568,Trader T0437 | SOLUSDT | Price 95.67 | Qty 48
WASH_TRADE,MEDIUM,2026-03-03T19:34:41.338066,Trader T0437 | SOLUSDT | Price 95.83 | Qty 42
WASH_TRADE,HIGH,2026-03-03T19:34:41.338532,Trader T0438 | BTCUSDT | Price 42002.83 | Qty 60
WASH_TRADE,HIGH,2026-03-03T19:34:41.339000,Trader T0438 | BTCUSDT | Price 41999.32 | Qty 60
WASH_TRADE,MEDIUM,2026-03-03T19:34:41.340838,Trader T0438 | BTCUSDT | Price 42002.42 | Qty 48
WASH_TRADE,MEDIUM,2026-03-03T19:34:41.340977,Trader T0438 | BTCUSDT | Price 42003.04 | Qty 30
WASH_TRADE,MEDIUM,2026-03-03T19:34:41.345754,Trader T0438 | ETHUSDT | Price 2298.4 | Qty 38
WASH_TRADE,MEDIUM,2026-03-03T19:34:41.346531,Trader T0438 | ETHUSDT | Price 2297.72 | Qty 28
WASH_TRADE,MEDIUM,2026-03-03T19:34:41.347481,Trader T0438 | ETHUSDT | Price 2299.35 | Qty 24
WASH_TRADE,MEDIUM,2026-03-03T19:34:41.351549,Trader T0438 | SOLUSDT | Price 95.78 | Qty 40
WASH_TRADE,HIGH,2026-03-03T19:34:41.352810,Trader T0438 | SOLUSDT | Price 97.98 | Qty 52
WASH_TRADE,MEDIUM,2026-03-03T19:34:41.359799,Trader T0439 | BTCUSDT | Price 41997.77 | Qty 42
WASH_TRADE,MEDIUM,2026-03-03T19:34:41.360480,Trader T0439 | BTCUSDT | Price 41999.75 | Qty 38
WASH_TRADE,MEDIUM,2026-03-03T19:34:41.361221,Trader T0439 | BTCUSDT | Price 42002.11 | Qty 34
WASH_TRADE,MEDIUM,2026-03-03T19:34:41.361668,Trader T0439 | BTCUSDT | Price 41997.32 | Qty 34
WASH_TRADE,MEDIUM,2026-03-03T19:34:41.366854,Trader T0439 | ETHUSDT | Price 2299.38 | Qty 24
WASH_TRADE,MEDIUM,2026-03-03T19:34:41.375585,Trader T0440 | BTCUSDT | Price 42002.37 | Qty 40
WASH_TRADE,HIGH,2026-03-03T19:34:41.379299,Trader T0440 | BTCUSDT | Price 41995.88 | Qty 52
WASH_TRADE,MEDIUM,2026-03-03T19:34:41.380649,Trader T0440 | ETHUSDT | Price 2300.14 | Qty 34
WASH_TRADE,HIGH,2026-03-03T19:34:41.383306,Trader T0440 | ETHUSDT | Price 2299.87 | Qty 56
WASH_TRADE,MEDIUM,2026-03-03T19:34:41.385595,Trader T0440 | ETHUSDT | Price 2302.86 | Qty 20
WASH_TRADE,HIGH,2026-03-03T19:34:41.385954,Trader T0440 | ETHUSDT | Price 2298.05 | Qty 54
WASH_TRADE,HIGH,2026-03-03T19:34:41.390320,Trader T0440 | SOLUSDT | Price 96.99 | Qty 56
WASH_TRADE,MEDIUM,2026-03-03T19:34:41.390918,Trader T0440 | SOLUSDT | Price 94.27 | Qty 44
WASH_TRADE,HIGH,2026-03-03T19:34:41.392046,Trader T0440 | SOLUSDT | Price 92.97 | Qty 54
WASH_TRADE,MEDIUM,2026-03-03T19:34:41.392240,Trader T0440 | SOLUSDT | Price 94.99 | Qty 42
WASH_TRADE,MEDIUM,2026-03-03T19:34:41.393279,Trader T0440 | SOLUSDT | Price 92.79 | Qty 44
WASH_TRADE,MEDIUM,2026-03-03T19:34:41.393632,Trader T0441 | BTCUSDT | Price 41999.76 | Qty 46
WASH_TRADE,MEDIUM,2026-03-03T19:34:41.395413,Trader T0441 | BTCUSDT | Price 41999.81 | Qty 26
WASH_TRADE,MEDIUM,2026-03-03T19:34:41.402191,Trader T0441 | ETHUSDT | Price 2303.49 | Qty 34
WASH_TRADE,HIGH,2026-03-03T19:34:41.411152,Trader T0441 | SOLUSDT | Price 97.99 | Qty 52
WASH_TRADE,MEDIUM,2026-03-03T19:34:41.412981,Trader T0442 | BTCUSDT | Price 42002.41 | Qty 34
WASH_TRADE,MEDIUM,2026-03-03T19:34:41.416270,Trader T0442 | BTCUSDT | Price 41998.78 | Qty 38
WASH_TRADE,MEDIUM,2026-03-03T19:34:41.417400,Trader T0442 | BTCUSDT | Price 41999.48 | Qty 26
WASH_TRADE,HIGH,2026-03-03T19:34:41.417470,Trader T0442 | BTCUSDT | Price 42001.66 | Qty 54
WASH_TRADE,HIGH,2026-03-03T19:34:41.419892,Trader T0442 | ETHUSDT | Price 2298.43 | Qty 56
WASH_TRADE,MEDIUM,2026-03-03T19:34:41.421264,Trader T0442 | ETHUSDT | Price 2300.14 | Qty 34
WASH_TRADE,MEDIUM,2026-03-03T19:34:41.423253,Trader T0442 | ETHUSDT | Price 2297.17 | Qty 46
WASH_TRADE,MEDIUM,2026-03-03T19:34:41.428208,Trader T0442 | SOLUSDT | Price 93.85 | Qty 20
WASH_TRADE,MEDIUM,2026-03-03T19:34:41.434020,Trader T0443 | BTCUSDT | Price 42000.7 | Qty 30
WASH_TRADE,MEDIUM,2026-03-03T19:34:41.435640,Trader T0443 | BTCUSDT | Price 42000.7 | Qty 26
WASH_TRADE,MEDIUM,2026-03-03T19:34:41.438058,Trader T0443 | ETHUSDT | Price 2301.16 | Qty 36
WASH_TRADE,MEDIUM,2026-03-03T19:34:41.439269,Trader T0443 | ETHUSDT | Price 2296.4 | Qty 42
WASH_TRADE,HIGH,2026-03-03T19:34:41.439511,Trader T0443 | ETHUSDT | Price 2300.89 | Qty 58
WASH_TRADE,MEDIUM,2026-03-03T19:34:41.439736,Trader T0443 | ETHUSDT | Price 2300.08 | Qty 20
WASH_TRADE,HIGH,2026-03-03T19:34:41.441334,Trader T0443 | ETHUSDT | Price 2301.89 | Qty 52
WASH_TRADE,HIGH,2026-03-03T19:34:41.451998,Trader T0444 | BTCUSDT | Price 42002.51 | Qty 58
WASH_TRADE,MEDIUM,2026-03-03T19:34:41.454348,Trader T0444 | BTCUSDT | Price 41998.21 | Qty 50
WASH_TRADE,MEDIUM,2026-03-03T19:34:41.461595,Trader T0444 | ETHUSDT | Price 2298.39 | Qty 34
WASH_TRADE,MEDIUM,2026-03-03T19:34:41.463050,Trader T0444 | SOLUSDT | Price 95.47 | Qty 48
WASH_TRADE,HIGH,2026-03-03T19:34:41.463554,Trader T0444 | SOLUSDT | Price 96.4 | Qty 60
WASH_TRADE,MEDIUM,2026-03-03T19:34:41.466570,Trader T0444 | SOLUSDT | Price 93.54 | Qty 48
WASH_TRADE,MEDIUM,2026-03-03T19:34:41.467744,Trader T0444 | SOLUSDT | Price 94.07 | Qty 22
WASH_TRADE,MEDIUM,2026-03-03T19:34:41.470275,Trader T0445 | BTCUSDT | Price 42003.01 | Qty 40
WASH_TRADE,MEDIUM,2026-03-03T19:34:41.471948,Trader T0445 | BTCUSDT | Price 41999.88 | Qty 24
WASH_TRADE,MEDIUM,2026-03-03T19:34:41.479538,Trader T0445 | ETHUSDT | Price 2299.98 | Qty 34
WASH_TRADE,MEDIUM,2026-03-03T19:34:41.480272,Trader T0445 | ETHUSDT | Price 2302.0 | Qty 42
WASH_TRADE,MEDIUM,2026-03-03T19:34:41.480863,Trader T0445 | ETHUSDT | Price 2299.28 | Qty 42
WASH_TRADE,MEDIUM,2026-03-03T19:34:41.484303,Trader T0445 | SOLUSDT | Price 96.31 | Qty 46
WASH_TRADE,MEDIUM,2026-03-03T19:34:41.484481,Trader T0445 | SOLUSDT | Price 95.07 | Qty 30
WASH_TRADE,MEDIUM,2026-03-03T19:34:41.489625,Trader T0446 | BTCUSDT | Price 42001.8 | Qty 20
WASH_TRADE,MEDIUM,2026-03-03T19:34:41.490253,Trader T0446 | BTCUSDT | Price 41995.14 | Qty 24
WASH_TRADE,MEDIUM,2026-03-03T19:34:41.491665,Trader T0446 | BTCUSDT | Price 42000.32 | Qty 36
WASH_TRADE,HIGH,2026-03-03T19:34:41.491710,Trader T0446 | BTCUSDT | Price 42001.25 | Qty 58
WASH_TRADE,MEDIUM,2026-03-03T19:34:41.491780,Trader T0446 | BTCUSDT | Price 42001.14 | Qty 46
WASH_TRADE,MEDIUM,2026-03-03T19:34:41.493279,Trader T0446 | BTCUSDT | Price 42004.0 | Qty 30
WASH_TRADE,MEDIUM,2026-03-03T19:34:41.493489,Trader T0446 | BTCUSDT | Price 42000.26 | Qty 24
WASH_TRADE,MEDIUM,2026-03-03T19:34:41.495912,Trader T0446 | ETHUSDT | Price 2302.84 | Qty 40
WASH_TRADE,MEDIUM,2026-03-03T19:34:41.496988,Trader T0446 | ETHUSDT | Price 2299.28 | Qty 48
WASH_TRADE,MEDIUM,2026-03-03T19:34:41.497519,Trader T0446 | ETHUSDT | Price 2303.61 | Qty 20
WASH_TRADE,MEDIUM,2026-03-03T19:34:41.497682,Trader T0446 | ETHUSDT | Price 2303.01 | Qty 38
WASH_TRADE,MEDIUM,2026-03-03T19:34:41.499368,Trader T0446 | ETHUSDT | Price 2298.12 | Qty 36
WASH_TRADE,MEDIUM,2026-03-03T19:34:41.500652,Trader T0446 | ETHUSDT | Price 2300.93 | Qty 26
WASH_TRADE,MEDIUM,2026-03-03T19:34:41.503973,Trader T0446 | SOLUSDT | Price 96.63 | Qty 22
WASH_TRADE,MEDIUM,2026-03-03T19:34:41.512374,Trader T0447 | BTCUSDT | Price 41997.24 | Qty 30
WASH_TRADE,MEDIUM,2026-03-03T19:34:41.521686,Trader T0447 | SOLUSDT | Price 94.96 | Qty 34
WASH_TRADE,MEDIUM,2026-03-03T19:34:41.525928,Trader T0448 | BTCUSDT | Price 42001.2 | Qty 30
WASH_TRADE,MEDIUM,2026-03-03T19:34:41.527473,Trader T0448 | BTCUSDT | Price 41999.01 | Qty 26
WASH_TRADE,MEDIUM,2026-03-03T19:34:41.527781,Trader T0448 | BTCUSDT | Price 42004.26 | Qty 50
WASH_TRADE,MEDIUM,2026-03-03T19:34:41.532490,Trader T0448 | ETHUSDT | Price 2301.41 | Qty 44
WASH_TRADE,MEDIUM,2026-03-03T19:34:41.538475,Trader T0448 | ETHUSDT | Price 2300.91 | Qty 42
WASH_TRADE,MEDIUM,2026-03-03T19:34:41.539293,Trader T0448 | SOLUSDT | Price 97.53 | Qty 26
WASH_TRADE,MEDIUM,2026-03-03T19:34:41.539682,Trader T0448 | SOLUSDT | Price 96.47 | Qty 28
WASH_TRADE,HIGH,2026-03-03T19:34:41.541233,Trader T0448 | SOLUSDT | Price 95.64 | Qty 56
WASH_TRADE,HIGH,2026-03-03T19:34:41.544856,Trader T0448 | SOLUSDT | Price 95.47 | Qty 56
WASH_TRADE,MEDIUM,2026-03-03T19:34:41.551488,Trader T0449 | BTCUSDT | Price 42005.55 | Qty 50
WASH_TRADE,MEDIUM,2026-03-03T19:34:41.551780,Trader T0449 | BTCUSDT | Price 41999.49 | Qty 46
WASH_TRADE,MEDIUM,2026-03-03T19:34:41.554773,Trader T0449 | ETHUSDT | Price 2303.82 | Qty 30
WASH_TRADE,MEDIUM,2026-03-03T19:34:41.557429,Trader T0449 | ETHUSDT | Price 2298.31 | Qty 46
WASH_TRADE,MEDIUM,2026-03-03T19:34:41.559242,Trader T0449 | SOLUSDT | Price 96.54 | Qty 26
WASH_TRADE,MEDIUM,2026-03-03T19:34:41.561060,Trader T0449 | SOLUSDT | Price 96.79 | Qty 48
WASH_TRADE,MEDIUM,2026-03-03T19:34:41.561294,Trader T0449 | SOLUSDT | Price 92.41 | Qty 46
WASH_TRADE,MEDIUM,2026-03-03T19:34:41.573381,Trader T0450 | ETHUSDT | Price 2299.69 | Qty 44
WASH_TRADE,MEDIUM,2026-03-03T19:34:41.573692,Trader T0450 | ETHUSDT | Price 2300.42 | Qty 44
WASH_TRADE,MEDIUM,2026-03-03T19:34:41.586187,Trader T0451 | BTCUSDT | Price 42000.42 | Qty 20
WASH_TRADE,MEDIUM,2026-03-03T19:34:41.587109,Trader T0451 | BTCUSDT | Price 42000.0 | Qty 44
WASH_TRADE,HIGH,2026-03-03T19:34:41.592735,Trader T0451 | ETHUSDT | Price 2300.76 | Qty 60
WASH_TRADE,HIGH,2026-03-03T19:34:41.595198,Trader T0451 | ETHUSDT | Price 2300.16 | Qty 56
WASH_TRADE,MEDIUM,2026-03-03T19:34:41.597045,Trader T0451 | ETHUSDT | Price 2301.45 | Qty 30
WASH_TRADE,HIGH,2026-03-03T19:34:41.599003,Trader T0451 | ETHUSDT | Price 2304.46 | Qty 54
WASH_TRADE,MEDIUM,2026-03-03T19:34:41.599425,Trader T0451 | ETHUSDT | Price 2298.24 | Qty 28
WASH_TRADE,MEDIUM,2026-03-03T19:34:41.605736,Trader T0451 | SOLUSDT | Price 91.61 | Qty 22
WASH_TRADE,MEDIUM,2026-03-03T19:34:41.606697,Trader T0452 | BTCUSDT | Price 42001.66 | Qty 40
WASH_TRADE,MEDIUM,2026-03-03T19:34:41.608723,Trader T0452 | BTCUSDT | Price 41998.66 | Qty 46
WASH_TRADE,MEDIUM,2026-03-03T19:34:41.609134,Trader T0452 | BTCUSDT | Price 42003.22 | Qty 40
WASH_TRADE,MEDIUM,2026-03-03T19:34:41.614115,Trader T0452 | ETHUSDT | Price 2299.18 | Qty 30
WASH_TRADE,MEDIUM,2026-03-03T19:34:41.614160,Trader T0452 | ETHUSDT | Price 2296.83 | Qty 28
WASH_TRADE,HIGH,2026-03-03T19:34:41.618515,Trader T0452 | SOLUSDT | Price 95.25 | Qty 58
WASH_TRADE,MEDIUM,2026-03-03T19:34:41.618777,Trader T0452 | SOLUSDT | Price 93.25 | Qty 46
WASH_TRADE,MEDIUM,2026-03-03T19:34:41.622768,Trader T0452 | SOLUSDT | Price 98.69 | Qty 40
WASH_TRADE,MEDIUM,2026-03-03T19:34:41.623237,Trader T0452 | SOLUSDT | Price 95.25 | Qty 24
WASH_TRADE,HIGH,2026-03-03T19:34:41.629791,Trader T0453 | BTCUSDT | Price 42000.43 | Qty 52
WASH_TRADE,MEDIUM,2026-03-03T19:34:41.630490,Trader T0453 | BTCUSDT | Price 41999.48 | Qty 30
WASH_TRADE,MEDIUM,2026-03-03T19:34:41.636735,Trader T0453 | ETHUSDT | Price 2300.22 | Qty 36
WASH_TRADE,HIGH,2026-03-03T19:34:41.639471,Trader T0453 | SOLUSDT | Price 95.43 | Qty 58
WASH_TRADE,MEDIUM,2026-03-03T19:34:41.642586,Trader T0453 | SOLUSDT | Price 96.33 | Qty 34
WASH_TRADE,MEDIUM,2026-03-03T19:34:41.643686,Trader T0453 | SOLUSDT | Price 94.36 | Qty 32
WASH_TRADE,MEDIUM,2026-03-03T19:34:41.644166,Trader T0453 | SOLUSDT | Price 98.15 | Qty 34
WASH_TRADE,MEDIUM,2026-03-03T19:34:41.644236,Trader T0453 | SOLUSDT | Price 95.62 | Qty 44
WASH_TRADE,HIGH,2026-03-03T19:34:41.645951,Trader T0454 | BTCUSDT | Price 41998.06 | Qty 54
WASH_TRADE,MEDIUM,2026-03-03T19:34:41.650755,Trader T0454 | BTCUSDT | Price 42000.02 | Qty 50
WASH_TRADE,HIGH,2026-03-03T19:34:41.652787,Trader T0454 | ETHUSDT | Price 2299.74 | Qty 60
WASH_TRADE,MEDIUM,2026-03-03T19:34:41.662909,Trader T0454 | SOLUSDT | Price 94.81 | Qty 32
WASH_TRADE,HIGH,2026-03-03T19:34:41.664872,Trader T0455 | BTCUSDT | Price 41999.36 | Qty 56
WASH_TRADE,MEDIUM,2026-03-03T19:34:41.665925,Trader T0455 | BTCUSDT | Price 42001.97 | Qty 30
WASH_TRADE,MEDIUM,2026-03-03T19:34:41.666789,Trader T0455 | BTCUSDT | Price 41999.32 | Qty 26
WASH_TRADE,MEDIUM,2026-03-03T19:34:41.667298,Trader T0455 | BTCUSDT | Price 41998.97 | Qty 50
WASH_TRADE,HIGH,2026-03-03T19:34:41.668615,Trader T0455 | BTCUSDT | Price 41999.77 | Qty 56
WASH_TRADE,MEDIUM,2026-03-03T19:34:41.669727,Trader T0455 | BTCUSDT | Price 42001.52 | Qty 32
WASH_TRADE,HIGH,2026-03-03T19:34:41.673142,Trader T0455 | ETHUSDT | Price 2296.72 | Qty 56
WASH_TRADE,MEDIUM,2026-03-03T19:34:41.673324,Trader T0455 | ETHUSDT | Price 2301.7 | Qty 38
WASH_TRADE,MEDIUM,2026-03-03T19:34:41.674771,Trader T0455 | ETHUSDT | Price 2298.01 | Qty 46
WASH_TRADE,HIGH,2026-03-03T19:34:41.679191,Trader T0455 | SOLUSDT | Price 93.24 | Qty 52
WASH_TRADE,MEDIUM,2026-03-03T19:34:41.683533,Trader T0455 | SOLUSDT | Price 96.09 | Qty 26
WASH_TRADE,MEDIUM,2026-03-03T19:34:41.686826,Trader T0456 | BTCUSDT | Price 41999.47 | Qty 32
WASH_TRADE,HIGH,2026-03-03T19:34:41.687647,Trader T0456 | BTCUSDT | Price 42002.08 | Qty 58
WASH_TRADE,MEDIUM,2026-03-03T19:34:41.688022,Trader T0456 | BTCUSDT | Price 42001.87 | Qty 34
WASH_TRADE,MEDIUM,2026-03-03T19:34:41.691949,Trader T0456 | ETHUSDT | Price 2304.53 | Qty 38
WASH_TRADE,MEDIUM,2026-03-03T19:34:41.692235,Trader T0456 | ETHUSDT | Price 2297.93 | Qty 26
WASH_TRADE,HIGH,2026-03-03T19:34:41.699222,Trader T0456 | SOLUSDT | Price 96.32 | Qty 54
WASH_TRADE,MEDIUM,2026-03-03T19:34:41.702073,Trader T0456 | SOLUSDT | Price 92.12 | Qty 40
WASH_TRADE,HIGH,2026-03-03T19:34:41.707381,Trader T0457 | BTCUSDT | Price 42000.12 | Qty 52
WASH_TRADE,HIGH,2026-03-03T19:34:41.713089,Trader T0457 | ETHUSDT | Price 2301.84 | Qty 60
WASH_TRADE,MEDIUM,2026-03-03T19:34:41.717358,Trader T0457 | SOLUSDT | Price 91.39 | Qty 40
WASH_TRADE,MEDIUM,2026-03-03T19:34:41.718640,Trader T0457 | SOLUSDT | Price 99.39 | Qty 44
WASH_TRADE,MEDIUM,2026-03-03T19:34:41.718858,Trader T0457 | SOLUSDT | Price 94.92 | Qty 22
WASH_TRADE,MEDIUM,2026-03-03T19:34:41.719067,Trader T0457 | SOLUSDT | Price 95.88 | Qty 40
WASH_TRADE,MEDIUM,2026-03-03T19:34:41.720390,Trader T0457 | SOLUSDT | Price 95.96 | Qty 34
WASH_TRADE,MEDIUM,2026-03-03T19:34:41.721531,Trader T0457 | SOLUSDT | Price 94.18 | Qty 36
WASH_TRADE,MEDIUM,2026-03-03T19:34:41.724450,Trader T0458 | BTCUSDT | Price 42000.42 | Qty 30
WASH_TRADE,MEDIUM,2026-03-03T19:34:41.728297,Trader T0458 | BTCUSDT | Price 41997.46 | Qty 50
WASH_TRADE,MEDIUM,2026-03-03T19:34:41.730019,Trader T0458 | BTCUSDT | Price 42002.13 | Qty 26
WASH_TRADE,MEDIUM,2026-03-03T19:34:41.733088,Trader T0458 | ETHUSDT | Price 2301.04 | Qty 48
WASH_TRADE,MEDIUM,2026-03-03T19:34:41.734962,Trader T0458 | ETHUSDT | Price 2300.07 | Qty 38
WASH_TRADE,HIGH,2026-03-03T19:34:41.736938,Trader T0458 | SOLUSDT | Price 96.62 | Qty 60
WASH_TRADE,MEDIUM,2026-03-03T19:34:41.739672,Trader T0458 | SOLUSDT | Price 95.75 | Qty 20
WASH_TRADE,MEDIUM,2026-03-03T19:34:41.742960,Trader T0459 | BTCUSDT | Price 42001.6 | Qty 20
WASH_TRADE,MEDIUM,2026-03-03T19:34:41.753874,Trader T0459 | ETHUSDT | Price 2301.1 | Qty 34
WASH_TRADE,MEDIUM,2026-03-03T19:34:41.759200,Trader T0459 | SOLUSDT | Price 96.49 | Qty 22
WASH_TRADE,MEDIUM,2026-03-03T19:34:41.759988,Trader T0459 | SOLUSDT | Price 96.2 | Qty 32
WASH_TRADE,MEDIUM,2026-03-03T19:34:41.761310,Trader T0460 | BTCUSDT | Price 42003.25 | Qty 36
WASH_TRADE,MEDIUM,2026-03-03T19:34:41.761865,Trader T0460 | BTCUSDT | Price 41998.36 | Qty 44
WASH_TRADE,HIGH,2026-03-03T19:34:41.765056,Trader T0460 | BTCUSDT | Price 42000.37 | Qty 58
WASH_TRADE,MEDIUM,2026-03-03T19:34:41.766083,Trader T0460 | BTCUSDT | Price 42000.78 | Qty 48
WASH_TRADE,MEDIUM,2026-03-03T19:34:41.766347,Trader T0460 | BTCUSDT | Price 42002.23 | Qty 34
WASH_TRADE,HIGH,2026-03-03T19:34:41.769581,Trader T0460 | ETHUSDT | Price 2301.34 | Qty 54
WASH_TRADE,HIGH,2026-03-03T19:34:41.773325,Trader T0460 | ETHUSDT | Price 2298.19 | Qty 56
WASH_TRADE,MEDIUM,2026-03-03T19:34:41.774420,Trader T0460 | ETHUSDT | Price 2299.31 | Qty 50
WASH_TRADE,MEDIUM,2026-03-03T19:34:41.774473,Trader T0460 | ETHUSDT | Price 2304.29 | Qty 38
WASH_TRADE,MEDIUM,2026-03-03T19:34:41.776336,Trader T0460 | SOLUSDT | Price 96.4 | Qty 32
WASH_TRADE,MEDIUM,2026-03-03T19:34:41.778120,Trader T0460 | SOLUSDT | Price 92.75 | Qty 28
WASH_TRADE,MEDIUM,2026-03-03T19:34:41.778789,Trader T0460 | SOLUSDT | Price 97.04 | Qty 40
WASH_TRADE,MEDIUM,2026-03-03T19:34:41.779626,Trader T0460 | SOLUSDT | Price 93.59 | Qty 38
WASH_TRADE,MEDIUM,2026-03-03T19:34:41.784269,Trader T0461 | BTCUSDT | Price 41996.08 | Qty 26
WASH_TRADE,MEDIUM,2026-03-03T19:34:41.787159,Trader T0461 | ETHUSDT | Price 2299.41 | Qty 40
WASH_TRADE,HIGH,2026-03-03T19:34:41.787336,Trader T0461 | ETHUSDT | Price 2299.69 | Qty 58
WASH_TRADE,MEDIUM,2026-03-03T19:34:41.787695,Trader T0461 | ETHUSDT | Price 2299.03 | Qty 46
WASH_TRADE,MEDIUM,2026-03-03T19:34:41.787908,Trader T0461 | ETHUSDT | Price 2299.01 | Qty 40
WASH_TRADE,MEDIUM,2026-03-03T19:34:41.789790,Trader T0461 | ETHUSDT | Price 2298.33 | Qty 20
WASH_TRADE,MEDIUM,2026-03-03T19:34:41.790318,Trader T0461 | ETHUSDT | Price 2302.95 | Qty 28
WASH_TRADE,MEDIUM,2026-03-03T19:34:41.793426,Trader T0461 | ETHUSDT | Price 2301.09 | Qty 42
WASH_TRADE,MEDIUM,2026-03-03T19:34:41.795530,Trader T0461 | SOLUSDT | Price 96.78 | Qty 50
WASH_TRADE,MEDIUM,2026-03-03T19:34:41.796059,Trader T0461 | SOLUSDT | Price 97.92 | Qty 38
WASH_TRADE,MEDIUM,2026-03-03T19:34:41.799690,Trader T0461 | SOLUSDT | Price 94.87 | Qty 24
WASH_TRADE,HIGH,2026-03-03T19:34:41.804208,Trader T0462 | BTCUSDT | Price 41999.19 | Qty 60
WASH_TRADE,MEDIUM,2026-03-03T19:34:41.804307,Trader T0462 | BTCUSDT | Price 42001.45 | Qty 38
WASH_TRADE,HIGH,2026-03-03T19:34:41.806094,Trader T0462 | BTCUSDT | Price 41997.42 | Qty 52
WASH_TRADE,HIGH,2026-03-03T19:34:41.810727,Trader T0462 | ETHUSDT | Price 2296.85 | Qty 60
WASH_TRADE,MEDIUM,2026-03-03T19:34:41.813141,Trader T0462 | ETHUSDT | Price 2299.76 | Qty 42
WASH_TRADE,MEDIUM,2026-03-03T19:34:41.813345,Trader T0462 | ETHUSDT | Price 2300.33 | Qty 44
WASH_TRADE,HIGH,2026-03-03T19:34:41.817099,Trader T0462 | SOLUSDT | Price 96.38 | Qty 56
WASH_TRADE,MEDIUM,2026-03-03T19:34:41.820433,Trader T0462 | SOLUSDT | Price 96.21 | Qty 48
WASH_TRADE,HIGH,2026-03-03T19:34:41.821518,Trader T0463 | BTCUSDT | Price 42000.29 | Qty 52
WASH_TRADE,HIGH,2026-03-03T19:34:41.824184,Trader T0463 | BTCUSDT | Price 42002.48 | Qty 60
WASH_TRADE,HIGH,2026-03-03T19:34:41.825970,Trader T0463 | BTCUSDT | Price 42001.04 | Qty 58
WASH_TRADE,MEDIUM,2026-03-03T19:34:41.829997,Trader T0463 | ETHUSDT | Price 2301.16 | Qty 30
WASH_TRADE,MEDIUM,2026-03-03T19:34:41.834375,Trader T0463 | ETHUSDT | Price 2300.95 | Qty 22
WASH_TRADE,MEDIUM,2026-03-03T19:34:41.836655,Trader T0463 | SOLUSDT | Price 94.77 | Qty 42
WASH_TRADE,MEDIUM,2026-03-03T19:34:41.847631,Trader T0464 | BTCUSDT | Price 41999.44 | Qty 32
WASH_TRADE,MEDIUM,2026-03-03T19:34:41.849645,Trader T0464 | ETHUSDT | Price 2300.48 | Qty 28
WASH_TRADE,MEDIUM,2026-03-03T19:34:41.854623,Trader T0464 | ETHUSDT | Price 2300.58 | Qty 42
WASH_TRADE,MEDIUM,2026-03-03T19:34:41.857467,Trader T0464 | SOLUSDT | Price 94.51 | Qty 50
WASH_TRADE,MEDIUM,2026-03-03T19:34:41.857957,Trader T0464 | SOLUSDT | Price 90.07 | Qty 40
WASH_TRADE,MEDIUM,2026-03-03T19:34:41.860943,Trader T0464 | SOLUSDT | Price 95.37 | Qty 34
WASH_TRADE,MEDIUM,2026-03-03T19:34:41.865618,Trader T0465 | BTCUSDT | Price 41998.37 | Qty 50
WASH_TRADE,MEDIUM,2026-03-03T19:34:41.873316,Trader T0465 | ETHUSDT | Price 2303.11 | Qty 20
WASH_TRADE,MEDIUM,2026-03-03T19:34:41.874646,Trader T0465 | ETHUSDT | Price 2300.36 | Qty 48
WASH_TRADE,MEDIUM,2026-03-03T19:34:41.875171,Trader T0465 | ETHUSDT | Price 2300.09 | Qty 36
WASH_TRADE,MEDIUM,2026-03-03T19:34:41.879089,Trader T0465 | SOLUSDT | Price 95.26 | Qty 20
WASH_TRADE,HIGH,2026-03-03T19:34:41.880045,Trader T0465 | SOLUSDT | Price 92.6 | Qty 58
WASH_TRADE,HIGH,2026-03-03T19:34:41.880334,Trader T0465 | SOLUSDT | Price 96.91 | Qty 56
WASH_TRADE,HIGH,2026-03-03T19:34:41.883896,Trader T0466 | BTCUSDT | Price 41997.84 | Qty 56
WASH_TRADE,HIGH,2026-03-03T19:34:41.884366,Trader T0466 | BTCUSDT | Price 42002.26 | Qty 52
WASH_TRADE,MEDIUM,2026-03-03T19:34:41.888959,Trader T0466 | ETHUSDT | Price 2302.72 | Qty 20
WASH_TRADE,HIGH,2026-03-03T19:34:41.889644,Trader T0466 | ETHUSDT | Price 2301.26 | Qty 60
WASH_TRADE,HIGH,2026-03-03T19:34:41.893403,Trader T0466 | ETHUSDT | Price 2301.87 | Qty 54
WASH_TRADE,HIGH,2026-03-03T19:34:41.893477,Trader T0466 | ETHUSDT | Price 2300.74 | Qty 58
WASH_TRADE,MEDIUM,2026-03-03T19:34:41.893642,Trader T0466 | ETHUSDT | Price 2300.51 | Qty 36
WASH_TRADE,MEDIUM,2026-03-03T19:34:41.897057,Trader T0466 | SOLUSDT | Price 95.34 | Qty 42
WASH_TRADE,MEDIUM,2026-03-03T19:34:41.898938,Trader T0466 | SOLUSDT | Price 96.1 | Qty 50
WASH_TRADE,MEDIUM,2026-03-03T19:34:41.899724,Trader T0466 | SOLUSDT | Price 90.63 | Qty 24
WASH_TRADE,MEDIUM,2026-03-03T19:34:41.903982,Trader T0467 | BTCUSDT | Price 41997.52 | Qty 40
WASH_TRADE,MEDIUM,2026-03-03T19:34:41.904680,Trader T0467 | BTCUSDT | Price 41999.09 | Qty 38
WASH_TRADE,MEDIUM,2026-03-03T19:34:41.906892,Trader T0467 | BTCUSDT | Price 41998.39 | Qty 48
WASH_TRADE,MEDIUM,2026-03-03T19:34:41.909467,Trader T0467 | ETHUSDT | Price 2302.98 | Qty 28
WASH_TRADE,MEDIUM,2026-03-03T19:34:41.910216,Trader T0467 | ETHUSDT | Price 2298.17 | Qty 38
WASH_TRADE,HIGH,2026-03-03T19:34:41.913127,Trader T0467 | ETHUSDT | Price 2298.42 | Qty 56
WASH_TRADE,MEDIUM,2026-03-03T19:34:41.915719,Trader T0467 | SOLUSDT | Price 94.73 | Qty 36
WASH_TRADE,MEDIUM,2026-03-03T19:34:41.917172,Trader T0467 | SOLUSDT | Price 97.79 | Qty 22
WASH_TRADE,MEDIUM,2026-03-03T19:34:41.917405,Trader T0467 | SOLUSDT | Price 94.82 | Qty 26
WASH_TRADE,MEDIUM,2026-03-03T19:34:41.917453,Trader T0467 | SOLUSDT | Price 94.05 | Qty 48
WASH_TRADE,HIGH,2026-03-03T19:34:41.920569,Trader T0468 | BTCUSDT | Price 41998.82 | Qty 56
WASH_TRADE,MEDIUM,2026-03-03T19:34:41.921778,Trader T0468 | BTCUSDT | Price 42001.27 | Qty 40
WASH_TRADE,MEDIUM,2026-03-03T19:34:41.921851,Trader T0468 | BTCUSDT | Price 42000.32 | Qty 22
WASH_TRADE,MEDIUM,2026-03-03T19:34:41.923468,Trader T0468 | BTCUSDT | Price 41998.56 | Qty 20
WASH_TRADE,MEDIUM,2026-03-03T19:34:41.924387,Trader T0468 | BTCUSDT | Price 41999.26 | Qty 48
WASH_TRADE,MEDIUM,2026-03-03T19:34:41.924636,Trader T0468 | BTCUSDT | Price 41998.99 | Qty 50
WASH_TRADE,MEDIUM,2026-03-03T19:34:41.925607,Trader T0468 | BTCUSDT | Price 41998.23 | Qty 40
WASH_TRADE,MEDIUM,2026-03-03T19:34:41.926125,Trader T0468 | BTCUSDT | Price 42000.42 | Qty 20
WASH_TRADE,MEDIUM,2026-03-03T19:34:41.926868,Trader T0468 | BTCUSDT | Price 41998.5 | Qty 32
WASH_TRADE,MEDIUM,2026-03-03T19:34:41.931063,Trader T0468 | ETHUSDT | Price 2298.69 | Qty 22
WASH_TRADE,HIGH,2026-03-03T19:34:41.932199,Trader T0468 | ETHUSDT | Price 2300.03 | Qty 58
WASH_TRADE,MEDIUM,2026-03-03T19:34:41.935010,Trader T0468 | SOLUSDT | Price 94.88 | Qty 34
WASH_TRADE,MEDIUM,2026-03-03T19:34:41.938043,Trader T0468 | SOLUSDT | Price 93.27 | Qty 38
WASH_TRADE,HIGH,2026-03-03T19:34:41.940619,Trader T0468 | SOLUSDT | Price 96.3 | Qty 56
WASH_TRADE,MEDIUM,2026-03-03T19:34:41.941105,Trader T0469 | BTCUSDT | Price 42001.53 | Qty 20
WASH_TRADE,MEDIUM,2026-03-03T19:34:41.948617,Trader T0469 | ETHUSDT | Price 2301.54 | Qty 26
WASH_TRADE,MEDIUM,2026-03-03T19:34:41.950649,Trader T0469 | ETHUSDT | Price 2300.59 | Qty 38
WASH_TRADE,MEDIUM,2026-03-03T19:34:41.951136,Trader T0469 | ETHUSDT | Price 2301.31 | Qty 42
WASH_TRADE,MEDIUM,2026-03-03T19:34:41.951855,Trader T0469 | ETHUSDT | Price 2302.23 | Qty 30
WASH_TRADE,MEDIUM,2026-03-03T19:34:41.952751,Trader T0469 | ETHUSDT | Price 2302.3 | Qty 44
WASH_TRADE,MEDIUM,2026-03-03T19:34:41.952860,Trader T0469 | ETHUSDT | Price 2297.11 | Qty 48
WASH_TRADE,MEDIUM,2026-03-03T19:34:41.957710,Trader T0469 | SOLUSDT | Price 96.66 | Qty 50
WASH_TRADE,MEDIUM,2026-03-03T19:34:41.958034,Trader T0469 | SOLUSDT | Price 95.7 | Qty 40
WASH_TRADE,MEDIUM,2026-03-03T19:34:41.958510,Trader T0469 | SOLUSDT | Price 94.17 | Qty 42
WASH_TRADE,MEDIUM,2026-03-03T19:34:41.980860,Trader T0471 | BTCUSDT | Price 42002.92 | Qty 26
WASH_TRADE,HIGH,2026-03-03T19:34:41.986201,Trader T0471 | ETHUSDT | Price 2300.24 | Qty 58
WASH_TRADE,MEDIUM,2026-03-03T19:34:41.989435,Trader T0471 | ETHUSDT | Price 2301.54 | Qty 28
WASH_TRADE,MEDIUM,2026-03-03T19:34:41.991571,Trader T0471 | ETHUSDT | Price 2299.59 | Qty 34
WASH_TRADE,MEDIUM,2026-03-03T19:34:41.991964,Trader T0471 | SOLUSDT | Price 96.92 | Qty 24
WASH_TRADE,MEDIUM,2026-03-03T19:34:41.992339,Trader T0471 | SOLUSDT | Price 92.82 | Qty 24
WASH_TRADE,MEDIUM,2026-03-03T19:34:41.998549,Trader T0472 | BTCUSDT | Price 41999.63 | Qty 46
WASH_TRADE,HIGH,2026-03-03T19:34:42.000997,Trader T0472 | BTCUSDT | Price 42000.89 | Qty 58
WASH_TRADE,MEDIUM,2026-03-03T19:34:42.003381,Trader T0472 | BTCUSDT | Price 41999.38 | Qty 36
WASH_TRADE,HIGH,2026-03-03T19:34:42.005589,Trader T0472 | ETHUSDT | Price 2297.86 | Qty 58
WASH_TRADE,HIGH,2026-03-03T19:34:42.007198,Trader T0472 | ETHUSDT | Price 2299.76 | Qty 58
WASH_TRADE,MEDIUM,2026-03-03T19:34:42.007336,Trader T0472 | ETHUSDT | Price 2298.42 | Qty 48
WASH_TRADE,MEDIUM,2026-03-03T19:34:42.008901,Trader T0472 | ETHUSDT | Price 2300.19 | Qty 40
WASH_TRADE,MEDIUM,2026-03-03T19:34:42.013691,Trader T0472 | SOLUSDT | Price 96.61 | Qty 26
WASH_TRADE,MEDIUM,2026-03-03T19:34:42.017160,Trader T0472 | SOLUSDT | Price 95.15 | Qty 42
WASH_TRADE,HIGH,2026-03-03T19:34:42.019622,Trader T0473 | BTCUSDT | Price 41999.95 | Qty 52
WASH_TRADE,HIGH,2026-03-03T19:34:42.020705,Trader T0473 | BTCUSDT | Price 42002.17 | Qty 56
WASH_TRADE,MEDIUM,2026-03-03T19:34:42.021864,Trader T0473 | BTCUSDT | Price 42000.98 | Qty 32
WASH_TRADE,MEDIUM,2026-03-03T19:34:42.022610,Trader T0473 | BTCUSDT | Price 42000.77 | Qty 48
WASH_TRADE,MEDIUM,2026-03-03T19:34:42.027895,Trader T0473 | ETHUSDT | Price 2302.64 | Qty 36
WASH_TRADE,MEDIUM,2026-03-03T19:34:42.028625,Trader T0473 | ETHUSDT | Price 2298.89 | Qty 22
WASH_TRADE,MEDIUM,2026-03-03T19:34:42.030314,Trader T0473 | ETHUSDT | Price 2297.53 | Qty 44
WASH_TRADE,MEDIUM,2026-03-03T19:34:42.032832,Trader T0473 | SOLUSDT | Price 94.89 | Qty 36
WASH_TRADE,MEDIUM,2026-03-03T19:34:42.033593,Trader T0473 | SOLUSDT | Price 98.29 | Qty 36
WASH_TRADE,MEDIUM,2026-03-03T19:34:42.037098,Trader T0474 | BTCUSDT | Price 42003.57 | Qty 30
WASH_TRADE,MEDIUM,2026-03-03T19:34:42.040641,Trader T0474 | BTCUSDT | Price 41997.88 | Qty 24
WASH_TRADE,MEDIUM,2026-03-03T19:34:42.040969,Trader T0474 | BTCUSDT | Price 41999.73 | Qty 36
WASH_TRADE,MEDIUM,2026-03-03T19:34:42.042793,Trader T0474 | ETHUSDT | Price 2299.87 | Qty 30
WASH_TRADE,HIGH,2026-03-03T19:34:42.044688,Trader T0474 | ETHUSDT | Price 2297.46 | Qty 54
WASH_TRADE,HIGH,2026-03-03T19:34:42.049850,Trader T0474 | SOLUSDT | Price 94.98 | Qty 56
WASH_TRADE,MEDIUM,2026-03-03T19:34:42.052444,Trader T0474 | SOLUSDT | Price 94.75 | Qty 38
WASH_TRADE,MEDIUM,2026-03-03T19:34:42.056330,Trader T0475 | BTCUSDT | Price 42000.62 | Qty 40
WASH_TRADE,MEDIUM,2026-03-03T19:34:42.058172,Trader T0475 | BTCUSDT | Price 42002.35 | Qty 20
WASH_TRADE,MEDIUM,2026-03-03T19:34:42.064821,Trader T0475 | ETHUSDT | Price 2297.65 | Qty 42
WASH_TRADE,MEDIUM,2026-03-03T19:34:42.066008,Trader T0475 | ETHUSDT | Price 2299.65 | Qty 22
WASH_TRADE,MEDIUM,2026-03-03T19:34:42.087908,Trader T0475 | SOLUSDT | Price 93.77 | Qty 36
WASH_TRADE,MEDIUM,2026-03-03T19:34:42.088108,Trader T0475 | SOLUSDT | Price 98.37 | Qty 34
WASH_TRADE,MEDIUM,2026-03-03T19:34:42.091892,Trader T0476 | BTCUSDT | Price 41997.72 | Qty 32
WASH_TRADE,MEDIUM,2026-03-03T19:34:42.092401,Trader T0476 | BTCUSDT | Price 42002.23 | Qty 28
WASH_TRADE,HIGH,2026-03-03T19:34:42.094501,Trader T0476 | BTCUSDT | Price 41996.96 | Qty 52
WASH_TRADE,HIGH,2026-03-03T19:34:42.094690,Trader T0476 | BTCUSDT | Price 42000.2 | Qty 60
WASH_TRADE,MEDIUM,2026-03-03T19:34:42.096351,Trader T0476 | BTCUSDT | Price 41998.41 | Qty 44
WASH_TRADE,MEDIUM,2026-03-03T19:34:42.100433,Trader T0476 | ETHUSDT | Price 2300.91 | Qty 32
WASH_TRADE,MEDIUM,2026-03-03T19:34:42.102316,Trader T0476 | ETHUSDT | Price 2297.4 | Qty 48
WASH_TRADE,HIGH,2026-03-03T19:34:42.107024,Trader T0476 | SOLUSDT | Price 94.71 | Qty 54
WASH_TRADE,HIGH,2026-03-03T19:34:42.108346,Trader T0476 | SOLUSDT | Price 94.99 | Qty 58
WASH_TRADE,HIGH,2026-03-03T19:34:42.108801,Trader T0476 | SOLUSDT | Price 94.07 | Qty 58
WASH_TRADE,MEDIUM,2026-03-03T19:34:42.109048,Trader T0476 | SOLUSDT | Price 96.31 | Qty 22
WASH_TRADE,HIGH,2026-03-03T19:34:42.111098,Trader T0477 | BTCUSDT | Price 42001.27 | Qty 58
WASH_TRADE,MEDIUM,2026-03-03T19:34:42.111910,Trader T0477 | BTCUSDT | Price 42002.45 | Qty 42
WASH_TRADE,MEDIUM,2026-03-03T19:34:42.114967,Trader T0477 | BTCUSDT | Price 41998.42 | Qty 34
WASH_TRADE,MEDIUM,2026-03-03T19:34:42.117259,Trader T0477 | ETHUSDT | Price 2298.39 | Qty 32
WASH_TRADE,MEDIUM,2026-03-03T19:34:42.119701,Trader T0477 | ETHUSDT | Price 2298.15 | Qty 46
WASH_TRADE,HIGH,2026-03-03T19:34:42.119970,Trader T0477 | ETHUSDT | Price 2295.43 | Qty 56
WASH_TRADE,HIGH,2026-03-03T19:34:42.121322,Trader T0477 | ETHUSDT | Price 2299.56 | Qty 54
WASH_TRADE,MEDIUM,2026-03-03T19:34:42.122064,Trader T0477 | ETHUSDT | Price 2301.57 | Qty 36
WASH_TRADE,MEDIUM,2026-03-03T19:34:42.125654,Trader T0477 | SOLUSDT | Price 94.48 | Qty 30
WASH_TRADE,HIGH,2026-03-03T19:34:42.130416,Trader T0478 | BTCUSDT | Price 41997.09 | Qty 60
WASH_TRADE,MEDIUM,2026-03-03T19:34:42.133754,Trader T0478 | BTCUSDT | Price 41997.22 | Qty 48
WASH_TRADE,MEDIUM,2026-03-03T19:34:42.136347,Trader T0478 | ETHUSDT | Price 2302.03 | Qty 46
WASH_TRADE,MEDIUM,2026-03-03T19:34:42.136872,Trader T0478 | ETHUSDT | Price 2297.67 | Qty 46
WASH_TRADE,MEDIUM,2026-03-03T19:34:42.137127,Trader T0478 | ETHUSDT | Price 2302.27 | Qty 30
WASH_TRADE,MEDIUM,2026-03-03T19:34:42.142519,Trader T0478 | SOLUSDT | Price 94.17 | Qty 20
WASH_TRADE,MEDIUM,2026-03-03T19:34:42.142901,Trader T0478 | SOLUSDT | Price 102.5 | Qty 36
WASH_TRADE,MEDIUM,2026-03-03T19:34:42.143525,Trader T0478 | SOLUSDT | Price 93.81 | Qty 32
WASH_TRADE,MEDIUM,2026-03-03T19:34:42.144058,Trader T0478 | SOLUSDT | Price 96.35 | Qty 22
WASH_TRADE,MEDIUM,2026-03-03T19:34:42.146242,Trader T0478 | SOLUSDT | Price 95.72 | Qty 50
WASH_TRADE,MEDIUM,2026-03-03T19:34:42.146502,Trader T0478 | SOLUSDT | Price 95.45 | Qty 34
WASH_TRADE,MEDIUM,2026-03-03T19:34:42.150112,Trader T0479 | BTCUSDT | Price 42000.3 | Qty 24
WASH_TRADE,MEDIUM,2026-03-03T19:34:42.153819,Trader T0479 | BTCUSDT | Price 42001.37 | Qty 26
WASH_TRADE,HIGH,2026-03-03T19:34:42.163044,Trader T0479 | SOLUSDT | Price 93.64 | Qty 56
WASH_TRADE,MEDIUM,2026-03-03T19:34:42.169063,Trader T0480 | BTCUSDT | Price 41998.09 | Qty 44
WASH_TRADE,MEDIUM,2026-03-03T19:34:42.175012,Trader T0480 | ETHUSDT | Price 2299.25 | Qty 20
WASH_TRADE,MEDIUM,2026-03-03T19:34:42.177943,Trader T0480 | ETHUSDT | Price 2298.21 | Qty 32
WASH_TRADE,MEDIUM,2026-03-03T19:34:42.179103,Trader T0480 | ETHUSDT | Price 2298.46 | Qty 28
WASH_TRADE,MEDIUM,2026-03-03T19:34:42.179326,Trader T0480 | ETHUSDT | Price 2304.1 | Qty 42
WASH_TRADE,MEDIUM,2026-03-03T19:34:42.179973,Trader T0480 | SOLUSDT | Price 93.75 | Qty 46
WASH_TRADE,HIGH,2026-03-03T19:34:42.180349,Trader T0480 | SOLUSDT | Price 97.43 | Qty 56
WASH_TRADE,MEDIUM,2026-03-03T19:34:42.181134,Trader T0480 | SOLUSDT | Price 97.21 | Qty 36
WASH_TRADE,MEDIUM,2026-03-03T19:34:42.182430,Trader T0480 | SOLUSDT | Price 95.89 | Qty 26
WASH_TRADE,MEDIUM,2026-03-03T19:34:42.183143,Trader T0480 | SOLUSDT | Price 97.19 | Qty 46
WASH_TRADE,HIGH,2026-03-03T19:34:42.187710,Trader T0481 | BTCUSDT | Price 41997.34 | Qty 60
WASH_TRADE,MEDIUM,2026-03-03T19:34:42.189112,Trader T0481 | BTCUSDT | Price 42000.02 | Qty 20
WASH_TRADE,MEDIUM,2026-03-03T19:34:42.190489,Trader T0481 | BTCUSDT | Price 42000.19 | Qty 30
WASH_TRADE,HIGH,2026-03-03T19:34:42.190774,Trader T0481 | BTCUSDT | Price 42002.65 | Qty 56
WASH_TRADE,MEDIUM,2026-03-03T19:34:42.191919,Trader T0481 | BTCUSDT | Price 41999.88 | Qty 40
WASH_TRADE,HIGH,2026-03-03T19:34:42.192749,Trader T0481 | ETHUSDT | Price 2300.02 | Qty 58
WASH_TRADE,MEDIUM,2026-03-03T19:34:42.193944,Trader T0481 | ETHUSDT | Price 2300.84 | Qty 50
WASH_TRADE,MEDIUM,2026-03-03T19:34:42.196390,Trader T0481 | ETHUSDT | Price 2300.65 | Qty 40
WASH_TRADE,MEDIUM,2026-03-03T19:34:42.196912,Trader T0481 | ETHUSDT | Price 2300.91 | Qty 44
WASH_TRADE,MEDIUM,2026-03-03T19:34:42.199058,Trader T0481 | SOLUSDT | Price 96.47 | Qty 22
WASH_TRADE,MEDIUM,2026-03-03T19:34:42.200283,Trader T0481 | SOLUSDT | Price 93.62 | Qty 36
WASH_TRADE,MEDIUM,2026-03-03T19:34:42.205467,Trader T0482 | BTCUSDT | Price 41999.3 | Qty 50
WASH_TRADE,MEDIUM,2026-03-03T19:34:42.206684,Trader T0482 | BTCUSDT | Price 42000.52 | Qty 24
WASH_TRADE,HIGH,2026-03-03T19:34:42.221754,Trader T0482 | SOLUSDT | Price 95.85 | Qty 58
WASH_TRADE,MEDIUM,2026-03-03T19:34:42.222531,Trader T0482 | SOLUSDT | Price 91.58 | Qty 42
WASH_TRADE,MEDIUM,2026-03-03T19:34:42.222777,Trader T0482 | SOLUSDT | Price 96.19 | Qty 44
WASH_TRADE,HIGH,2026-03-03T19:34:42.225089,Trader T0482 | SOLUSDT | Price 91.73 | Qty 58
WASH_TRADE,MEDIUM,2026-03-03T19:34:42.226707,Trader T0482 | SOLUSDT | Price 97.22 | Qty 20
WASH_TRADE,MEDIUM,2026-03-03T19:34:42.227796,Trader T0483 | BTCUSDT | Price 42001.19 | Qty 48
WASH_TRADE,MEDIUM,2026-03-03T19:34:42.231199,Trader T0483 | BTCUSDT | Price 42001.62 | Qty 32
WASH_TRADE,HIGH,2026-03-03T19:34:42.232410,Trader T0483 | BTCUSDT | Price 41999.74 | Qty 60
WASH_TRADE,MEDIUM,2026-03-03T19:34:42.232830,Trader T0483 | BTCUSDT | Price 41997.51 | Qty 26
WASH_TRADE,MEDIUM,2026-03-03T19:34:42.237572,Trader T0483 | ETHUSDT | Price 2299.8 | Qty 20
WASH_TRADE,HIGH,2026-03-03T19:34:42.237724,Trader T0483 | ETHUSDT | Price 2299.58 | Qty 58
WASH_TRADE,MEDIUM,2026-03-03T19:34:42.241454,Trader T0483 | SOLUSDT | Price 96.83 | Qty 36
WASH_TRADE,MEDIUM,2026-03-03T19:34:42.245252,Trader T0483 | SOLUSDT | Price 97.52 | Qty 48
WASH_TRADE,MEDIUM,2026-03-03T19:34:42.246848,Trader T0483 | SOLUSDT | Price 95.54 | Qty 28
WASH_TRADE,HIGH,2026-03-03T19:34:42.250516,Trader T0484 | BTCUSDT | Price 42000.95 | Qty 60
WASH_TRADE,MEDIUM,2026-03-03T19:34:42.253720,Trader T0484 | BTCUSDT | Price 42001.09 | Qty 30
WASH_TRADE,HIGH,2026-03-03T19:34:42.257483,Trader T0484 | ETHUSDT | Price 2296.83 | Qty 56
WASH_TRADE,MEDIUM,2026-03-03T19:34:42.259826,Trader T0484 | ETHUSDT | Price 2295.72 | Qty 30
WASH_TRADE,MEDIUM,2026-03-03T19:34:42.264176,Trader T0484 | SOLUSDT | Price 97.01 | Qty 48
WASH_TRADE,MEDIUM,2026-03-03T19:34:42.268470,Trader T0485 | BTCUSDT | Price 41997.55 | Qty 34
WASH_TRADE,MEDIUM,2026-03-03T19:34:42.269095,Trader T0485 | BTCUSDT | Price 41999.33 | Qty 46
WASH_TRADE,MEDIUM,2026-03-03T19:34:42.269746,Trader T0485 | BTCUSDT | Price 41999.93 | Qty 26
WASH_TRADE,HIGH,2026-03-03T19:34:42.270288,Trader T0485 | BTCUSDT | Price 42000.41 | Qty 60
WASH_TRADE,MEDIUM,2026-03-03T19:34:42.271531,Trader T0485 | BTCUSDT | Price 41999.89 | Qty 48
WASH_TRADE,MEDIUM,2026-03-03T19:34:42.275072,Trader T0485 | ETHUSDT | Price 2299.83 | Qty 22
WASH_TRADE,HIGH,2026-03-03T19:34:42.275986,Trader T0485 | ETHUSDT | Price 2300.16 | Qty 54
WASH_TRADE,MEDIUM,2026-03-03T19:34:42.276154,Trader T0485 | ETHUSDT | Price 2301.65 | Qty 30
WASH_TRADE,MEDIUM,2026-03-03T19:34:42.278305,Trader T0485 | ETHUSDT | Price 2297.88 | Qty 36
WASH_TRADE,MEDIUM,2026-03-03T19:34:42.281047,Trader T0485 | ETHUSDT | Price 2300.09 | Qty 32
WASH_TRADE,MEDIUM,2026-03-03T19:34:42.284144,Trader T0485 | SOLUSDT | Price 91.35 | Qty 48
WASH_TRADE,MEDIUM,2026-03-03T19:34:42.288428,Trader T0486 | BTCUSDT | Price 41996.69 | Qty 26
WASH_TRADE,MEDIUM,2026-03-03T19:34:42.289320,Trader T0486 | BTCUSDT | Price 41999.2 | Qty 32
WASH_TRADE,HIGH,2026-03-03T19:34:42.295554,Trader T0486 | ETHUSDT | Price 2299.08 | Qty 52
WASH_TRADE,HIGH,2026-03-03T19:34:42.301644,Trader T0486 | ETHUSDT | Price 2299.49 | Qty 60
WASH_TRADE,MEDIUM,2026-03-03T19:34:42.308005,Trader T0486 | SOLUSDT | Price 95.97 | Qty 28
WASH_TRADE,MEDIUM,2026-03-03T19:34:42.309773,Trader T0487 | BTCUSDT | Price 42000.96 | Qty 32
WASH_TRADE,MEDIUM,2026-03-03T19:34:42.314541,Trader T0487 | ETHUSDT | Price 2297.88 | Qty 30
WASH_TRADE,HIGH,2026-03-03T19:34:42.316407,Trader T0487 | ETHUSDT | Price 2298.91 | Qty 60
WASH_TRADE,MEDIUM,2026-03-03T19:34:42.316796,Trader T0487 | ETHUSDT | Price 2299.39 | Qty 42
WASH_TRADE,MEDIUM,2026-03-03T19:34:42.318434,Trader T0487 | ETHUSDT | Price 2302.84 | Qty 34
WASH_TRADE,MEDIUM,2026-03-03T19:34:42.318511,Trader T0487 | ETHUSDT | Price 2296.83 | Qty 40
WASH_TRADE,HIGH,2026-03-03T19:34:42.318674,Trader T0487 | ETHUSDT | Price 2300.01 | Qty 54
WASH_TRADE,HIGH,2026-03-03T19:34:42.319699,Trader T0487 | ETHUSDT | Price 2301.86 | Qty 54
WASH_TRADE,HIGH,2026-03-03T19:34:42.320579,Trader T0487 | SOLUSDT | Price 98.55 | Qty 60
WASH_TRADE,HIGH,2026-03-03T19:34:42.321542,Trader T0487 | SOLUSDT | Price 97.61 | Qty 54
WASH_TRADE,MEDIUM,2026-03-03T19:34:42.323966,Trader T0487 | SOLUSDT | Price 93.95 | Qty 44
WASH_TRADE,HIGH,2026-03-03T19:34:42.324068,Trader T0487 | SOLUSDT | Price 93.48 | Qty 54
WASH_TRADE,MEDIUM,2026-03-03T19:34:42.324989,Trader T0487 | SOLUSDT | Price 96.0 | Qty 30
WASH_TRADE,MEDIUM,2026-03-03T19:34:42.326195,Trader T0487 | SOLUSDT | Price 92.04 | Qty 38
WASH_TRADE,MEDIUM,2026-03-03T19:34:42.328763,Trader T0488 | BTCUSDT | Price 42001.51 | Qty 42
WASH_TRADE,MEDIUM,2026-03-03T19:34:42.331049,Trader T0488 | BTCUSDT | Price 42001.1 | Qty 20
WASH_TRADE,HIGH,2026-03-03T19:34:42.332217,Trader T0488 | BTCUSDT | Price 42000.54 | Qty 56
WASH_TRADE,HIGH,2026-03-03T19:34:42.334902,Trader T0488 | ETHUSDT | Price 2303.23 | Qty 60
WASH_TRADE,MEDIUM,2026-03-03T19:34:42.340864,Trader T0488 | SOLUSDT | Price 96.77 | Qty 34
WASH_TRADE,MEDIUM,2026-03-03T19:34:42.343702,Trader T0488 | SOLUSDT | Price 92.08 | Qty 36
WASH_TRADE,MEDIUM,2026-03-03T19:34:42.346485,Trader T0489 | BTCUSDT | Price 42000.31 | Qty 48
WASH_TRADE,MEDIUM,2026-03-03T19:34:42.348097,Trader T0489 | BTCUSDT | Price 42000.48 | Qty 40
WASH_TRADE,HIGH,2026-03-03T19:34:42.348735,Trader T0489 | BTCUSDT | Price 42000.39 | Qty 54
WASH_TRADE,MEDIUM,2026-03-03T19:34:42.349468,Trader T0489 | BTCUSDT | Price 42000.21 | Qty 20
WASH_TRADE,MEDIUM,2026-03-03T19:34:42.351407,Trader T0489 | BTCUSDT | Price 42002.13 | Qty 40
WASH_TRADE,MEDIUM,2026-03-03T19:34:42.351547,Trader T0489 | BTCUSDT | Price 41998.42 | Qty 28
WASH_TRADE,HIGH,2026-03-03T19:34:42.355026,Trader T0489 | ETHUSDT | Price 2298.59 | Qty 52
WASH_TRADE,MEDIUM,2026-03-03T19:34:42.355546,Trader T0489 | ETHUSDT | Price 2297.37 | Qty 28
WASH_TRADE,HIGH,2026-03-03T19:34:42.356625,Trader T0489 | ETHUSDT | Price 2300.94 | Qty 58
WASH_TRADE,MEDIUM,2026-03-03T19:34:42.358765,Trader T0489 | SOLUSDT | Price 94.99 | Qty 34
WASH_TRADE,MEDIUM,2026-03-03T19:34:42.364843,Trader T0490 | BTCUSDT | Price 41999.19 | Qty 46
WASH_TRADE,HIGH,2026-03-03T19:34:42.366903,Trader T0490 | BTCUSDT | Price 41999.39 | Qty 52
WASH_TRADE,HIGH,2026-03-03T19:34:42.368210,Trader T0490 | BTCUSDT | Price 42000.61 | Qty 54
WASH_TRADE,MEDIUM,2026-03-03T19:34:42.368542,Trader T0490 | BTCUSDT | Price 42000.28 | Qty 22
WASH_TRADE,MEDIUM,2026-03-03T19:34:42.376039,Trader T0490 | ETHUSDT | Price 2301.78 | Qty 40
WASH_TRADE,MEDIUM,2026-03-03T19:34:42.376681,Trader T0490 | SOLUSDT | Price 93.66 | Qty 44
WASH_TRADE,HIGH,2026-03-03T19:34:42.378184,Trader T0490 | SOLUSDT | Price 94.47 | Qty 58
WASH_TRADE,HIGH,2026-03-03T19:34:42.381706,Trader T0490 | SOLUSDT | Price 95.34 | Qty 52
WASH_TRADE,MEDIUM,2026-03-03T19:34:42.382210,Trader T0490 | SOLUSDT | Price 93.08 | Qty 32
WASH_TRADE,HIGH,2026-03-03T19:34:42.382661,Trader T0490 | SOLUSDT | Price 92.26 | Qty 52
WASH_TRADE,MEDIUM,2026-03-03T19:34:42.388539,Trader T0491 | BTCUSDT | Price 41999.61 | Qty 48
WASH_TRADE,MEDIUM,2026-03-03T19:34:42.389893,Trader T0491 | ETHUSDT | Price 2299.56 | Qty 22
WASH_TRADE,HIGH,2026-03-03T19:34:42.390731,Trader T0491 | ETHUSDT | Price 2297.43 | Qty 58
WASH_TRADE,MEDIUM,2026-03-03T19:34:42.392415,Trader T0491 | ETHUSDT | Price 2298.97 | Qty 44
WASH_TRADE,MEDIUM,2026-03-03T19:34:42.398462,Trader T0491 | SOLUSDT | Price 93.02 | Qty 46
WASH_TRADE,MEDIUM,2026-03-03T19:34:42.400083,Trader T0491 | SOLUSDT | Price 91.15 | Qty 20
WASH_TRADE,HIGH,2026-03-03T19:34:42.400906,Trader T0491 | SOLUSDT | Price 95.07 | Qty 56
WASH_TRADE,MEDIUM,2026-03-03T19:34:42.401269,Trader T0491 | SOLUSDT | Price 94.68 | Qty 38
WASH_TRADE,HIGH,2026-03-03T19:34:42.403829,Trader T0492 | BTCUSDT | Price 42001.27 | Qty 52
WASH_TRADE,MEDIUM,2026-03-03T19:34:42.409205,Trader T0492 | ETHUSDT | Price 2301.51 | Qty 38
WASH_TRADE,HIGH,2026-03-03T19:34:42.412908,Trader T0492 | ETHUSDT | Price 2298.9 | Qty 60
WASH_TRADE,MEDIUM,2026-03-03T19:34:42.413841,Trader T0492 | ETHUSDT | Price 2297.34 | Qty 44
WASH_TRADE,MEDIUM,2026-03-03T19:34:42.415259,Trader T0492 | SOLUSDT | Price 98.4 | Qty 46
WASH_TRADE,MEDIUM,2026-03-03T19:34:42.415477,Trader T0492 | SOLUSDT | Price 95.74 | Qty 36
WASH_TRADE,MEDIUM,2026-03-03T19:34:42.416347,Trader T0492 | SOLUSDT | Price 91.03 | Qty 48
WASH_TRADE,HIGH,2026-03-03T19:34:42.416660,Trader T0492 | SOLUSDT | Price 94.32 | Qty 60
WASH_TRADE,MEDIUM,2026-03-03T19:34:42.418555,Trader T0492 | SOLUSDT | Price 96.14 | Qty 36
WASH_TRADE,HIGH,2026-03-03T19:34:42.421066,Trader T0492 | SOLUSDT | Price 93.01 | Qty 56
WASH_TRADE,MEDIUM,2026-03-03T19:34:42.424357,Trader T0493 | BTCUSDT | Price 41998.21 | Qty 34
WASH_TRADE,MEDIUM,2026-03-03T19:34:42.424427,Trader T0493 | BTCUSDT | Price 42002.71 | Qty 50
WASH_TRADE,MEDIUM,2026-03-03T19:34:42.425969,Trader T0493 | BTCUSDT | Price 41997.87 | Qty 40
WASH_TRADE,HIGH,2026-03-03T19:34:42.428077,Trader T0493 | BTCUSDT | Price 41997.4 | Qty 60
WASH_TRADE,HIGH,2026-03-03T19:34:42.428365,Trader T0493 | BTCUSDT | Price 42002.14 | Qty 58
WASH_TRADE,MEDIUM,2026-03-03T19:34:42.429348,Trader T0493 | ETHUSDT | Price 2299.93 | Qty 22
WASH_TRADE,HIGH,2026-03-03T19:34:42.429679,Trader T0493 | ETHUSDT | Price 2297.18 | Qty 52
WASH_TRADE,MEDIUM,2026-03-03T19:34:42.431278,Trader T0493 | ETHUSDT | Price 2300.34 | Qty 22
WASH_TRADE,MEDIUM,2026-03-03T19:34:42.435675,Trader T0493 | SOLUSDT | Price 94.7 | Qty 28
WASH_TRADE,MEDIUM,2026-03-03T19:34:42.441618,Trader T0494 | BTCUSDT | Price 42006.74 | Qty 20
WASH_TRADE,MEDIUM,2026-03-03T19:34:42.444218,Trader T0494 | BTCUSDT | Price 41998.43 | Qty 28
WASH_TRADE,MEDIUM,2026-03-03T19:34:42.448257,Trader T0494 | ETHUSDT | Price 2302.38 | Qty 38
WASH_TRADE,HIGH,2026-03-03T19:34:42.448988,Trader T0494 | ETHUSDT | Price 2299.68 | Qty 52
WASH_TRADE,MEDIUM,2026-03-03T19:34:42.450119,Trader T0494 | ETHUSDT | Price 2299.36 | Qty 22
WASH_TRADE,MEDIUM,2026-03-03T19:34:42.451990,Trader T0494 | ETHUSDT | Price 2299.84 | Qty 32
WASH_TRADE,MEDIUM,2026-03-03T19:34:42.461589,Trader T0495 | BTCUSDT | Price 41998.32 | Qty 28
WASH_TRADE,HIGH,2026-03-03T19:34:42.462834,Trader T0495 | BTCUSDT | Price 42003.55 | Qty 60
WASH_TRADE,MEDIUM,2026-03-03T19:34:42.464965,Trader T0495 | BTCUSDT | Price 42002.05 | Qty 26
WASH_TRADE,HIGH,2026-03-03T19:34:42.466624,Trader T0495 | ETHUSDT | Price 2293.85 | Qty 60
WASH_TRADE,MEDIUM,2026-03-03T19:34:42.466949,Trader T0495 | ETHUSDT | Price 2296.98 | Qty 50
WASH_TRADE,HIGH,2026-03-03T19:34:42.470605,Trader T0495 | ETHUSDT | Price 2301.11 | Qty 56
WASH_TRADE,MEDIUM,2026-03-03T19:34:42.471677,Trader T0495 | ETHUSDT | Price 2299.55 | Qty 36
WASH_TRADE,MEDIUM,2026-03-03T19:34:42.473005,Trader T0495 | SOLUSDT | Price 93.85 | Qty 20
WASH_TRADE,MEDIUM,2026-03-03T19:34:42.473803,Trader T0495 | SOLUSDT | Price 93.11 | Qty 22
WASH_TRADE,MEDIUM,2026-03-03T19:34:42.477852,Trader T0495 | SOLUSDT | Price 94.2 | Qty 26
WASH_TRADE,MEDIUM,2026-03-03T19:34:42.478115,Trader T0495 | SOLUSDT | Price 92.99 | Qty 38
WASH_TRADE,MEDIUM,2026-03-03T19:34:42.479052,Trader T0495 | SOLUSDT | Price 94.66 | Qty 42
WASH_TRADE,MEDIUM,2026-03-03T19:34:42.479565,Trader T0496 | BTCUSDT | Price 42002.39 | Qty 48
WASH_TRADE,MEDIUM,2026-03-03T19:34:42.485051,Trader T0496 | BTCUSDT | Price 41999.88 | Qty 38
WASH_TRADE,MEDIUM,2026-03-03T19:34:42.486290,Trader T0496 | BTCUSDT | Price 41999.86 | Qty 38
WASH_TRADE,MEDIUM,2026-03-03T19:34:42.492303,Trader T0496 | ETHUSDT | Price 2301.62 | Qty 44
WASH_TRADE,MEDIUM,2026-03-03T19:34:42.493225,Trader T0496 | ETHUSDT | Price 2301.11 | Qty 40
WASH_TRADE,MEDIUM,2026-03-03T19:34:42.493482,Trader T0496 | ETHUSDT | Price 2300.17 | Qty 24
WASH_TRADE,MEDIUM,2026-03-03T19:34:42.493946,Trader T0496 | SOLUSDT | Price 95.89 | Qty 20
WASH_TRADE,MEDIUM,2026-03-03T19:34:42.494916,Trader T0496 | SOLUSDT | Price 95.42 | Qty 42
WASH_TRADE,MEDIUM,2026-03-03T19:34:42.498259,Trader T0496 | SOLUSDT | Price 94.52 | Qty 50
WASH_TRADE,MEDIUM,2026-03-03T19:34:42.499550,Trader T0496 | SOLUSDT | Price 95.79 | Qty 24
WASH_TRADE,HIGH,2026-03-03T19:34:42.506092,Trader T0497 | BTCUSDT | Price 42001.93 | Qty 52
WASH_TRADE,MEDIUM,2026-03-03T19:34:42.511229,Trader T0497 | ETHUSDT | Price 2300.65 | Qty 24
WASH_TRADE,MEDIUM,2026-03-03T19:34:42.512033,Trader T0497 | ETHUSDT | Price 2300.19 | Qty 20
WASH_TRADE,MEDIUM,2026-03-03T19:34:42.514871,Trader T0497 | SOLUSDT | Price 97.09 | Qty 34
WASH_TRADE,MEDIUM,2026-03-03T19:34:42.515272,Trader T0497 | SOLUSDT | Price 92.74 | Qty 22
WASH_TRADE,HIGH,2026-03-03T19:34:42.517777,Trader T0497 | SOLUSDT | Price 93.1 | Qty 56
WASH_TRADE,HIGH,2026-03-03T19:34:42.520586,Trader T0497 | SOLUSDT | Price 96.38 | Qty 52
WASH_TRADE,MEDIUM,2026-03-03T19:34:42.522773,Trader T0498 | BTCUSDT | Price 41999.68 | Qty 38
WASH_TRADE,HIGH,2026-03-03T19:34:42.530275,Trader T0498 | ETHUSDT | Price 2303.38 | Qty 54
WASH_TRADE,MEDIUM,2026-03-03T19:34:42.532573,Trader T0498 | ETHUSDT | Price 2301.48 | Qty 36
WASH_TRADE,MEDIUM,2026-03-03T19:34:42.533204,Trader T0498 | ETHUSDT | Price 2299.06 | Qty 42
WASH_TRADE,MEDIUM,2026-03-03T19:34:42.534980,Trader T0498 | ETHUSDT | Price 2299.99 | Qty 30
WASH_TRADE,MEDIUM,2026-03-03T19:34:42.537060,Trader T0498 | SOLUSDT | Price 95.54 | Qty 44
WASH_TRADE,MEDIUM,2026-03-03T19:34:42.538230,Trader T0498 | SOLUSDT | Price 95.21 | Qty 26
WASH_TRADE,MEDIUM,2026-03-03T19:34:42.540347,Trader T0498 | SOLUSDT | Price 95.59 | Qty 42
WASH_TRADE,HIGH,2026-03-03T19:34:42.542879,Trader T0498 | SOLUSDT | Price 95.68 | Qty 52
WASH_TRADE,MEDIUM,2026-03-03T19:34:42.544694,Trader T0499 | BTCUSDT | Price 41999.37 | Qty 30
WASH_TRADE,MEDIUM,2026-03-03T19:34:42.546619,Trader T0499 | BTCUSDT | Price 42004.02 | Qty 34
WASH_TRADE,HIGH,2026-03-03T19:34:42.546767,Trader T0499 | BTCUSDT | Price 41997.27 | Qty 56
WASH_TRADE,MEDIUM,2026-03-03T19:34:42.548163,Trader T0499 | BTCUSDT | Price 41999.16 | Qty 48
WASH_TRADE,MEDIUM,2026-03-03T19:34:42.549284,Trader T0499 | BTCUSDT | Price 42000.37 | Qty 44
WASH_TRADE,HIGH,2026-03-03T19:34:42.552296,Trader T0499 | ETHUSDT | Price 2295.72 | Qty 54
WASH_TRADE,MEDIUM,2026-03-03T19:34:42.552594,Trader T0499 | ETHUSDT | Price 2299.75 | Qty 50
WASH_TRADE,MEDIUM,2026-03-03T19:34:42.556664,Trader T0499 | ETHUSDT | Price 2298.82 | Qty 24
WASH_TRADE,MEDIUM,2026-03-03T19:34:42.557929,Trader T0499 | ETHUSDT | Price 2298.06 | Qty 36
WASH_TRADE,MEDIUM,2026-03-03T19:34:42.558932,Trader T0499 | ETHUSDT | Price 2301.56 | Qty 50
WASH_TRADE,HIGH,2026-03-03T19:34:42.562788,Trader T0499 | SOLUSDT | Price 94.34 | Qty 56
WASH_TRADE,MEDIUM,2026-03-03T19:34:42.563832,Trader T0499 | SOLUSDT | Price 98.17 | Qty 36
WASH_TRADE,MEDIUM,2026-03-03T19:34:42.565249,Trader T0500 | BTCUSDT | Price 42001.09 | Qty 24
WASH_TRADE,HIGH,2026-03-03T19:34:42.566643,Trader T0500 | BTCUSDT | Price 41998.67 | Qty 54
WASH_TRADE,MEDIUM,2026-03-03T19:34:42.578928,Trader T0500 | SOLUSDT | Price 93.68 | Qty 30
WASH_TRADE,MEDIUM,2026-03-03T19:34:42.579786,Trader T0500 | SOLUSDT | Price 93.29 | Qty 30
WASH_TRADE,MEDIUM,2026-03-03T19:34:42.582202,Trader T0500 | SOLUSDT | Price 97.39 | Qty 50
PUMP_DETECTED,HIGH,2026-03-03T19:34:54.553110,SOLUSDT | 2026-01-06 16:10:00 | Price Δ 1.9653% | Buy Vol 236902 vs Sell Vol 75393
PUMP_DETECTED,HIGH,2026-03-03T19:34:54.553877,SOLUSDT | 2026-01-06 16:15:00 | Price Δ 9.375% | Buy Vol 75065 vs Sell Vol 22544
